ticket_id,category,priority,assigned_team,sentiment,abstain
TK-500001,Networking,P3,Network-Support,Positive,0
TK-500002,Networking,P3,Network-Support,Frustrated,0
TK-500003,Networking,P3,Network-Support,Positive,0
TK-500004,Storage,P1,Storage-Support,Frustrated,0
TK-500005,Storage,P1,Storage-Support,Positive,0
TK-500006,Access,P3,Account-Admin,Neutral,0
TK-500007,Hardware,P2,Server-HW,Neutral,0
TK-500008,Access,P4,Account-Admin,Neutral,0
TK-500009,Software,P3,Software-Support,Neutral,0
TK-500010,Security,P3,Security-Ops,Neutral,0
TK-500011,,P2,,Frustrated,1
TK-500012,Hardware,P4,Server-HW,Positive,0
TK-500013,Storage,P3,Storage-Support,Positive,0
TK-500014,Access,P2,Account-Admin,Angry,0
TK-500015,Networking,P2,Network-Support,Angry,0
TK-500016,Security,P3,Security-Ops,Neutral,0
TK-500017,Firmware,P4,Server-HW,Positive,0
TK-500018,Access,P3,Account-Admin,Frustrated,0
TK-500019,Storage,P1,Storage-Support,Frustrated,0
TK-500020,Software,P2,Software-Support,Angry,0
TK-500021,Networking,P3,Network-Support,Neutral,0
TK-500022,Hardware,P3,Server-HW,Neutral,0
TK-500023,Networking,P1,Network-Support,Angry,0
TK-500024,Billing,P4,Billing-Ops,Positive,0
TK-500025,Access,P2,Account-Admin,Frustrated,0
TK-500026,Billing,P3,Billing-Ops,Positive,0
TK-500027,Billing,P3,Billing-Ops,Angry,0
TK-500028,,P2,,Angry,1
TK-500029,,P4,,Positive,1
TK-500030,Software,P3,Software-Support,Positive,0
TK-500031,Software,P4,Software-Support,Neutral,0
TK-500032,Storage,P4,Storage-Support,Neutral,0
TK-500033,Storage,P4,Server-HW,Neutral,0
TK-500034,Access,P2,Account-Admin,Neutral,0
TK-500035,Hardware,P2,Server-HW,Angry,0
TK-500036,Access,P3,Account-Admin,Frustrated,0
TK-500037,Storage,P3,Storage-Support,Angry,0
TK-500038,Software,P4,Software-Support,Positive,0
TK-500039,Billing,P2,Billing-Ops,Angry,0
TK-500040,Billing,P3,Billing-Ops,Angry,0
TK-500041,Networking,P1,Network-Support,Angry,0
TK-500042,Networking,P3,Network-Support,Positive,0
TK-500043,,P3,,Neutral,1
TK-500044,Networking,P2,Network-Support,Positive,0
TK-500045,Hardware,P2,Server-HW,Angry,0
TK-500046,Software,P2,Software-Support,Frustrated,0
TK-500047,Firmware,P2,Storage-Support,Neutral,0
TK-500048,Software,P1,Software-Support,Angry,0
TK-500049,,P2,,Frustrated,1
TK-500050,Networking,P2,Network-Support,Neutral,0
TK-500051,Billing,P4,Billing-Ops,Neutral,0
TK-500052,Billing,P4,Billing-Ops,Neutral,0
TK-500053,Networking,P3,Network-Support,Angry,0
TK-500054,Storage,P4,Storage-Support,Frustrated,0
TK-500055,Firmware,P2,Server-HW,Positive,0
TK-500056,Hardware,P1,Server-HW,Neutral,0
TK-500057,Networking,P3,Network-Support,Neutral,0
TK-500058,Firmware,P4,Server-HW,Neutral,0
TK-500059,Access,P3,Account-Admin,Positive,0
TK-500060,Hardware,P2,Server-HW,Frustrated,0
TK-500061,,P2,,Frustrated,1
TK-500062,Security,P2,Security-Ops,Angry,0
TK-500063,Security,P2,Security-Ops,Neutral,0
TK-500064,Hardware,P4,Server-HW,Neutral,0
TK-500065,,P3,,Neutral,1
TK-500066,Software,P4,Software-Support,Positive,0
TK-500067,,P2,,Neutral,1
TK-500068,Networking,P2,Network-Support,Positive,0
TK-500069,Software,P4,Software-Support,Neutral,0
TK-500070,Billing,P3,Billing-Ops,Neutral,0
TK-500071,,P3,,Neutral,1
TK-500072,Firmware,P2,Server-HW,Frustrated,0
TK-500073,,P1,,Neutral,1
TK-500074,Firmware,P3,Storage-Support,Neutral,0
TK-500075,Hardware,P3,Server-HW,Neutral,0
TK-500076,Firmware,P3,Server-HW,Neutral,0
TK-500077,Software,P4,Software-Support,Frustrated,0
TK-500078,Software,P4,Software-Support,Neutral,0
TK-500079,Software,P3,Software-Support,Neutral,0
TK-500080,,P4,,Neutral,1
TK-500081,Software,P4,Storage-Support,Neutral,0
TK-500082,,P4,,Neutral,1
TK-500083,Security,P3,Security-Ops,Positive,0
TK-500084,,P1,,Angry,1
TK-500085,,P2,,Angry,1
TK-500086,Software,P2,Software-Support,Neutral,0
TK-500087,Access,P3,Account-Admin,Neutral,0
TK-500088,Hardware,P2,Server-HW,Neutral,0
TK-500089,Networking,P2,Network-Support,Frustrated,0
TK-500090,Billing,P3,Billing-Ops,Positive,0
TK-500091,Networking,P4,Network-Support,Positive,0
TK-500092,Billing,P4,Billing-Ops,Neutral,0
TK-500093,Firmware,P4,Network-Support,Neutral,0
TK-500094,Billing,P3,Billing-Ops,Neutral,0
TK-500095,Hardware,P2,Server-HW,Frustrated,0
TK-500096,,P3,,Positive,1
TK-500097,Billing,P4,Billing-Ops,Frustrated,0
TK-500098,Access,P3,Account-Admin,Neutral,0
TK-500099,Access,P3,Account-Admin,Positive,0
TK-500100,,P4,,Frustrated,1
TK-500101,Hardware,P2,Server-HW,Frustrated,0
TK-500102,Software,P2,Software-Support,Angry,0
TK-500103,Access,P3,Account-Admin,Positive,0
TK-500104,Software,P4,Software-Support,Neutral,0
TK-500105,Access,P2,Account-Admin,Frustrated,0
TK-500106,Firmware,P3,Server-HW,Positive,0
TK-500107,Billing,P3,Billing-Ops,Neutral,0
TK-500108,Firmware,P3,Network-Support,Neutral,0
TK-500109,Storage,P4,Storage-Support,Neutral,0
TK-500110,Access,P3,Account-Admin,Positive,0
TK-500111,Software,P1,Software-Support,Frustrated,0
TK-500112,Hardware,P3,Server-HW,Angry,0
TK-500113,Storage,P4,Storage-Support,Positive,0
TK-500114,Storage,P2,Server-HW,Neutral,0
TK-500115,Firmware,P2,Server-HW,Frustrated,0
TK-500116,Networking,P2,Network-Support,Frustrated,0
TK-500117,Billing,P3,Billing-Ops,Positive,0
TK-500118,Firmware,P4,Server-HW,Neutral,0
TK-500119,Access,P2,Account-Admin,Angry,0
TK-500120,Firmware,P2,Storage-Support,Frustrated,0
TK-500121,Networking,P3,Network-Support,Neutral,0
TK-500122,Billing,P4,Billing-Ops,Positive,0
TK-500123,Billing,P4,Billing-Ops,Neutral,0
TK-500124,,P4,,Neutral,1
TK-500125,Storage,P1,Storage-Support,Neutral,0
TK-500126,,P4,,Frustrated,1
TK-500127,Storage,P2,Storage-Support,Frustrated,0
TK-500128,,P1,,Frustrated,1
TK-500129,,P3,,Neutral,1
TK-500130,Networking,P2,Network-Support,Frustrated,0
TK-500131,Storage,P3,Storage-Support,Neutral,0
TK-500132,,P1,,Neutral,1
TK-500133,Storage,P2,Storage-Support,Neutral,0
TK-500134,Access,P4,Account-Admin,Positive,0
TK-500135,Software,P4,Software-Support,Frustrated,0
TK-500136,Security,P2,Security-Ops,Positive,0
TK-500137,Hardware,P1,Server-HW,Angry,0
TK-500138,,P4,,Angry,1
TK-500139,Networking,P3,Network-Support,Neutral,0
TK-500140,Networking,P2,Network-Support,Angry,0
TK-500141,Storage,P2,Storage-Support,Positive,0
TK-500142,Software,P1,Software-Support,Neutral,0
TK-500143,Access,P4,Account-Admin,Angry,0
TK-500144,Hardware,P2,Server-HW,Angry,0
TK-500145,Access,P2,Account-Admin,Angry,0
TK-500146,Storage,P3,Storage-Support,Neutral,0
TK-500147,Hardware,P3,Server-HW,Neutral,0
TK-500148,Software,P4,Software-Support,Neutral,0
TK-500149,Access,P3,Account-Admin,Neutral,0
TK-500150,Storage,P1,Server-HW,Frustrated,0
TK-500151,Firmware,P3,Server-HW,Neutral,0
TK-500152,,P2,,Neutral,1
TK-500153,Access,P3,Account-Admin,Neutral,0
TK-500154,Hardware,P2,Server-HW,Angry,0
TK-500155,Hardware,P4,Server-HW,Neutral,0
TK-500156,Firmware,P2,Server-HW,Frustrated,0
TK-500157,,P4,,Positive,1
TK-500158,Firmware,P2,Network-Support,Frustrated,0
TK-500159,Access,P3,Account-Admin,Positive,0
TK-500160,Storage,P1,Storage-Support,Frustrated,0
TK-500161,Hardware,P2,Server-HW,Frustrated,0
TK-500162,Networking,P3,Network-Support,Frustrated,0
TK-500163,,P1,,Angry,1
TK-500164,Billing,P3,Billing-Ops,Angry,0
TK-500165,Networking,P2,Network-Support,Neutral,0
TK-500166,,P2,,Frustrated,1
TK-500167,Access,P3,Account-Admin,Frustrated,0
TK-500168,Hardware,P2,Server-HW,Angry,0
TK-500169,Hardware,P4,Server-HW,Neutral,0
TK-500170,Software,P2,Software-Support,Frustrated,0
TK-500171,Hardware,P3,Storage-Support,Frustrated,0
TK-500172,Software,P4,Software-Support,Positive,0
TK-500173,Firmware,P4,Server-HW,Neutral,0
TK-500174,,P3,,Neutral,1
TK-500175,Security,P2,Security-Ops,Neutral,0
TK-500176,Networking,P2,Network-Support,Neutral,0
TK-500177,Hardware,P2,Server-HW,Angry,0
TK-500178,Security,P2,Account-Admin,Neutral,0
TK-500179,Software,P2,Software-Support,Neutral,0
TK-500180,,P2,,Angry,1
TK-500181,Networking,P2,Network-Support,Frustrated,0
TK-500182,,P4,,Neutral,1
TK-500183,Hardware,P2,Storage-Support,Angry,0
TK-500184,Hardware,P2,Server-HW,Neutral,0
TK-500185,Firmware,P3,Network-Support,Neutral,0
TK-500186,Networking,P3,Network-Support,Neutral,0
TK-500187,Hardware,P4,Server-HW,Neutral,0
TK-500188,Firmware,P4,Network-Support,Neutral,0
TK-500189,Firmware,P3,Network-Support,Neutral,0
TK-500190,Access,P2,Account-Admin,Neutral,0
TK-500191,Storage,P3,Storage-Support,Neutral,0
TK-500192,Hardware,P3,Server-HW,Frustrated,0
TK-500193,,P2,,Neutral,1
TK-500194,,P2,,Positive,1
TK-500195,Hardware,P2,Server-HW,Neutral,0
TK-500196,,P4,,Positive,1
TK-500197,Hardware,P3,Server-HW,Neutral,0
TK-500198,Software,P3,Software-Support,Neutral,0
TK-500199,Billing,P4,Billing-Ops,Positive,0
TK-500200,Security,P3,Security-Ops,Angry,0
TK-500201,Networking,P2,Network-Support,Positive,0
TK-500202,Firmware,P2,Network-Support,Neutral,0
TK-500203,Hardware,P4,Storage-Support,Neutral,0
TK-500204,Hardware,P4,Server-HW,Neutral,0
TK-500205,,P4,,Positive,1
TK-500206,Hardware,P2,Server-HW,Frustrated,0
TK-500207,Networking,P3,Network-Support,Neutral,0
TK-500208,Access,P3,Account-Admin,Neutral,0
TK-500209,,P1,,Angry,1
TK-500210,Storage,P1,Storage-Support,Neutral,0
TK-500211,,P4,,Angry,1
TK-500212,Networking,P3,Network-Support,Frustrated,0
TK-500213,,P4,,Neutral,1
TK-500214,Billing,P4,Billing-Ops,Neutral,0
TK-500215,Access,P2,Account-Admin,Frustrated,0
TK-500216,Hardware,P1,Server-HW,Angry,0
TK-500217,Networking,P3,Network-Support,Neutral,0
TK-500218,Hardware,P2,Server-HW,Neutral,0
TK-500219,Storage,P3,Storage-Support,Positive,0
TK-500220,Access,P2,Account-Admin,Neutral,0
TK-500221,Networking,P3,Network-Support,Frustrated,0
TK-500222,Software,P3,Software-Support,Neutral,0
TK-500223,Networking,P4,Network-Support,Positive,0
TK-500224,Hardware,P3,Server-HW,Positive,0
TK-500225,Software,P3,Software-Support,Positive,0
TK-500226,,P3,,Neutral,1
TK-500227,Security,P3,Security-Ops,Positive,0
TK-500228,Software,P3,Software-Support,Frustrated,0
TK-500229,Hardware,P2,Storage-Support,Angry,0
TK-500230,Hardware,P3,Server-HW,Angry,0
TK-500231,Networking,P3,Network-Support,Neutral,0
TK-500232,Firmware,P1,Server-HW,Angry,0
TK-500233,Billing,P3,Billing-Ops,Angry,0
TK-500234,Billing,P3,Billing-Ops,Neutral,0
TK-500235,Networking,P3,Network-Support,Neutral,0
TK-500236,Software,P4,Software-Support,Positive,0
TK-500237,Storage,P2,Storage-Support,Neutral,0
TK-500238,Hardware,P3,Server-HW,Neutral,0
TK-500239,Storage,P4,Storage-Support,Frustrated,0
TK-500240,,P4,,Neutral,1
TK-500241,Networking,P2,Network-Support,Neutral,0
TK-500242,Storage,P3,Storage-Support,Angry,0
TK-500243,,P3,,Positive,1
TK-500244,Storage,P1,Server-HW,Frustrated,0
TK-500245,Hardware,P2,Server-HW,Neutral,0
TK-500246,Security,P3,Security-Ops,Positive,0
TK-500247,Billing,P4,Billing-Ops,Frustrated,0
TK-500248,Software,P3,Software-Support,Frustrated,0
TK-500249,Networking,P2,Network-Support,Neutral,0
TK-500250,Storage,P2,Storage-Support,Neutral,0
TK-500251,Software,P2,Software-Support,Angry,0
TK-500252,Software,P3,Software-Support,Neutral,0
TK-500253,Storage,P3,Server-HW,Neutral,0
TK-500254,Hardware,P4,Server-HW,Positive,0
TK-500255,Networking,P2,Network-Support,Frustrated,0
TK-500256,Access,P3,Account-Admin,Neutral,0
TK-500257,Billing,P3,Billing-Ops,Neutral,0
TK-500258,Software,P3,Software-Support,Frustrated,0
TK-500259,Firmware,P3,Server-HW,Neutral,0
TK-500260,Networking,P3,Network-Support,Frustrated,0
TK-500261,,P2,,Angry,1
TK-500262,Networking,P4,Network-Support,Neutral,0
TK-500263,Billing,P3,Billing-Ops,Frustrated,0
TK-500264,Software,P2,Software-Support,Neutral,0
TK-500265,,P2,,Neutral,1
TK-500266,Hardware,P1,Storage-Support,Angry,0
TK-500267,Access,P2,Account-Admin,Neutral,0
TK-500268,Security,P4,Security-Ops,Positive,0
TK-500269,Hardware,P4,Server-HW,Positive,0
TK-500270,Security,P4,Account-Admin,Positive,0
TK-500271,Hardware,P1,Server-HW,Angry,0
TK-500272,,P3,,Neutral,1
TK-500273,Networking,P4,Network-Support,Neutral,0
TK-500274,Hardware,P2,Server-HW,Frustrated,0
TK-500275,Networking,P3,Network-Support,Frustrated,0
TK-500276,,P2,,Frustrated,1
TK-500277,Networking,P1,Network-Support,Neutral,0
TK-500278,Access,P4,Account-Admin,Neutral,0
TK-500279,Firmware,P2,Server-HW,Neutral,0
TK-500280,Networking,P3,Network-Support,Neutral,0
TK-500281,Access,P3,Account-Admin,Angry,0
TK-500282,Security,P2,Security-Ops,Neutral,0
TK-500283,Billing,P3,Billing-Ops,Neutral,0
TK-500284,Billing,P3,Billing-Ops,Angry,0
TK-500285,Access,P4,Account-Admin,Positive,0
TK-500286,Networking,P4,Network-Support,Neutral,0
TK-500287,,P3,,Neutral,1
TK-500288,Software,P4,Software-Support,Neutral,0
TK-500289,Storage,P2,Storage-Support,Neutral,0
TK-500290,Software,P4,Software-Support,Neutral,0
TK-500291,Hardware,P4,Server-HW,Neutral,0
TK-500292,Software,P3,Software-Support,Neutral,0
TK-500293,Networking,P2,Network-Support,Frustrated,0
TK-500294,Access,P2,Account-Admin,Neutral,0
TK-500295,Billing,P4,Billing-Ops,Positive,0
TK-500296,Firmware,P4,Server-HW,Neutral,0
TK-500297,Networking,P2,Network-Support,Neutral,0
TK-500298,Storage,P3,Server-HW,Angry,0
TK-500299,,P3,,Angry,1
TK-500300,Networking,P1,Network-Support,Neutral,0
TK-500301,Storage,P2,Storage-Support,Neutral,0
TK-500302,,P3,,Angry,1
TK-500303,,P2,,Angry,1
TK-500304,Networking,P3,Network-Support,Neutral,0
TK-500305,Firmware,P3,Server-HW,Neutral,0
TK-500306,Networking,P1,Network-Support,Angry,0
TK-500307,Hardware,P3,Server-HW,Neutral,0
TK-500308,Hardware,P2,Storage-Support,Neutral,0
TK-500309,Access,P4,Account-Admin,Positive,0
TK-500310,Firmware,P2,Storage-Support,Frustrated,0
TK-500311,Billing,P4,Billing-Ops,Positive,0
TK-500312,Storage,P3,Server-HW,Positive,0
TK-500313,,P1,,Angry,1
TK-500314,Storage,P3,Server-HW,Neutral,0
TK-500315,Security,P3,Security-Ops,Neutral,0
TK-500316,Access,P3,Account-Admin,Frustrated,0
TK-500317,Networking,P4,Network-Support,Neutral,0
TK-500318,Hardware,P2,Storage-Support,Frustrated,0
TK-500319,Firmware,P4,Network-Support,Neutral,0
TK-500320,Software,P2,Software-Support,Frustrated,0
TK-500321,Storage,P2,Server-HW,Neutral,0
TK-500322,Networking,P3,Network-Support,Frustrated,0
TK-500323,Storage,P2,Storage-Support,Neutral,0
TK-500324,Firmware,P4,Server-HW,Positive,0
TK-500325,Security,P2,Security-Ops,Frustrated,0
TK-500326,Networking,P4,Network-Support,Positive,0
TK-500327,Hardware,P2,Storage-Support,Neutral,0
TK-500328,Storage,P3,Server-HW,Neutral,0
TK-500329,Storage,P3,Storage-Support,Neutral,0
TK-500330,Billing,P4,Billing-Ops,Neutral,0
TK-500331,Software,P4,Software-Support,Neutral,0
TK-500332,Networking,P2,Network-Support,Frustrated,0
TK-500333,,P2,,Positive,1
TK-500334,Hardware,P4,Server-HW,Frustrated,0
TK-500335,Hardware,P4,Storage-Support,Neutral,0
TK-500336,Software,P2,Software-Support,Frustrated,0
TK-500337,Storage,P4,Storage-Support,Neutral,0
TK-500338,Storage,P2,Server-HW,Angry,0
TK-500339,Access,P3,Account-Admin,Positive,0
TK-500340,Billing,P4,Billing-Ops,Neutral,0
TK-500341,,P2,,Frustrated,1
TK-500342,Hardware,P2,Server-HW,Neutral,0
TK-500343,Storage,P2,Server-HW,Angry,0
TK-500344,Billing,P3,Billing-Ops,Neutral,0
TK-500345,Firmware,P4,Network-Support,Neutral,0
TK-500346,Access,P4,Account-Admin,Angry,0
TK-500347,Firmware,P2,Storage-Support,Neutral,0
TK-500348,,P2,,Frustrated,1
TK-500349,Billing,P4,Billing-Ops,Neutral,0
TK-500350,Billing,P4,Billing-Ops,Neutral,0
TK-500351,Firmware,P3,Server-HW,Frustrated,0
TK-500352,Software,P4,Software-Support,Positive,0
TK-500353,Billing,P4,Billing-Ops,Neutral,0
TK-500354,Firmware,P4,Server-HW,Neutral,0
TK-500355,,P2,,Neutral,1
TK-500356,Software,P4,Software-Support,Positive,0
TK-500357,Networking,P3,Network-Support,Neutral,0
TK-500358,Firmware,P2,Server-HW,Frustrated,0
TK-500359,Billing,P2,Billing-Ops,Neutral,0
TK-500360,Software,P4,Software-Support,Frustrated,0
TK-500361,Access,P3,Account-Admin,Frustrated,0
TK-500362,Networking,P4,Network-Support,Neutral,0
TK-500363,Security,P3,Account-Admin,Neutral,0
TK-500364,Software,P2,Software-Support,Frustrated,0
TK-500365,Hardware,P1,Server-HW,Neutral,0
TK-500366,Firmware,P3,Server-HW,Angry,0
TK-500367,Networking,P4,Server-HW,Positive,0
TK-500368,,P4,,Neutral,1
TK-500369,Hardware,P2,Server-HW,Neutral,0
TK-500370,Networking,P2,Network-Support,Frustrated,0
TK-500371,Access,P3,Account-Admin,Neutral,0
TK-500372,Software,P3,Software-Support,Angry,0
TK-500373,Firmware,P2,Server-HW,Frustrated,0
TK-500374,Security,P3,Security-Ops,Neutral,0
TK-500375,Hardware,P3,Server-HW,Positive,0
TK-500376,Billing,P4,Billing-Ops,Neutral,0
TK-500377,Software,P3,Software-Support,Neutral,0
TK-500378,Storage,P1,Storage-Support,Angry,0
TK-500379,Hardware,P2,Server-HW,Frustrated,0
TK-500380,Billing,P3,Billing-Ops,Frustrated,0
TK-500381,Networking,P3,Network-Support,Frustrated,0
TK-500382,Hardware,P3,Server-HW,Positive,0
TK-500383,Software,P4,Software-Support,Positive,0
TK-500384,Access,P2,Account-Admin,Neutral,0
TK-500385,,P1,,Frustrated,1
TK-500386,Access,P2,Account-Admin,Neutral,0
TK-500387,Security,P4,Security-Ops,Neutral,0
TK-500388,Software,P3,Software-Support,Neutral,0
TK-500389,,P4,,Frustrated,1
TK-500390,Security,P4,Security-Ops,Positive,0
TK-500391,,P4,,Neutral,1
TK-500392,,P4,,Neutral,1
TK-500393,Software,P2,Software-Support,Neutral,0
TK-500394,Firmware,P2,Network-Support,Angry,0
TK-500395,,P2,,Frustrated,1
TK-500396,Networking,P2,Network-Support,Frustrated,0
TK-500397,Networking,P3,Network-Support,Neutral,0
TK-500398,Access,P2,Account-Admin,Angry,0
TK-500399,,P4,,Neutral,1
TK-500400,Software,P2,Software-Support,Angry,0
TK-500401,Storage,P4,Server-HW,Positive,0
TK-500402,Access,P3,Account-Admin,Neutral,0
TK-500403,Hardware,P2,Server-HW,Neutral,0
TK-500404,Software,P4,Software-Support,Positive,0
TK-500405,Hardware,P2,Server-HW,Neutral,0
TK-500406,Firmware,P4,Server-HW,Neutral,0
TK-500407,Billing,P3,Billing-Ops,Frustrated,0
TK-500408,Storage,P3,Storage-Support,Frustrated,0
TK-500409,Software,P3,Software-Support,Neutral,0
TK-500410,Hardware,P2,Server-HW,Frustrated,0
TK-500411,Software,P4,Software-Support,Frustrated,0
TK-500412,Storage,P2,Storage-Support,Neutral,0
TK-500413,Networking,P2,Network-Support,Neutral,0
TK-500414,Security,P2,Security-Ops,Neutral,0
TK-500415,Access,P3,Account-Admin,Neutral,0
TK-500416,Billing,P4,Billing-Ops,Neutral,0
TK-500417,Hardware,P3,Server-HW,Positive,0
TK-500418,Storage,P1,Storage-Support,Frustrated,0
TK-500419,Hardware,P2,Server-HW,Neutral,0
TK-500420,Storage,P3,Storage-Support,Neutral,0
TK-500421,Networking,P3,Network-Support,Positive,0
TK-500422,Networking,P1,Network-Support,Neutral,0
TK-500423,Access,P2,Account-Admin,Frustrated,0
TK-500424,Hardware,P2,Server-HW,Angry,0
TK-500425,Software,P3,Software-Support,Neutral,0
TK-500426,Firmware,P2,Server-HW,Angry,0
TK-500427,Storage,P2,Server-HW,Angry,0
TK-500428,Access,P2,Account-Admin,Angry,0
TK-500429,,P3,,Neutral,1
TK-500430,,P3,,Positive,1
TK-500431,Software,P3,Software-Support,Neutral,0
TK-500432,Firmware,P2,Network-Support,Neutral,0
TK-500433,Firmware,P4,Network-Support,Neutral,0
TK-500434,Networking,P3,Network-Support,Neutral,0
TK-500435,Security,P3,Security-Ops,Neutral,0
TK-500436,Hardware,P4,Server-HW,Frustrated,0
TK-500437,Firmware,P2,Server-HW,Frustrated,0
TK-500438,Hardware,P2,Server-HW,Frustrated,0
TK-500439,Access,P3,Account-Admin,Frustrated,0
TK-500440,Networking,P3,Network-Support,Neutral,0
TK-500441,Software,P4,Software-Support,Positive,0
TK-500442,Security,P4,Security-Ops,Neutral,0
TK-500443,Hardware,P3,Storage-Support,Neutral,0
TK-500444,Software,P4,Software-Support,Neutral,0
TK-500445,Access,P3,Account-Admin,Neutral,0
TK-500446,Hardware,P4,Server-HW,Frustrated,0
TK-500447,Storage,P2,Storage-Support,Angry,0
TK-500448,Software,P3,Software-Support,Neutral,0
TK-500449,,P3,,Frustrated,1
TK-500450,Storage,P4,Storage-Support,Positive,0
TK-500451,Hardware,P2,Server-HW,Neutral,0
TK-500452,Access,P4,Account-Admin,Frustrated,0
TK-500453,,P2,,Neutral,1
TK-500454,Hardware,P4,Server-HW,Positive,0
TK-500455,Access,P2,Account-Admin,Neutral,0
TK-500456,Networking,P4,Network-Support,Neutral,0
TK-500457,Software,P4,Software-Support,Neutral,0
TK-500458,Storage,P4,Storage-Support,Positive,0
TK-500459,Networking,P2,Network-Support,Neutral,0
TK-500460,Firmware,P2,Storage-Support,Neutral,0
TK-500461,Firmware,P2,Network-Support,Frustrated,0
TK-500462,Billing,P3,Billing-Ops,Frustrated,0
TK-500463,,P1,,Angry,1
TK-500464,,P4,,Neutral,1
TK-500465,Networking,P3,Network-Support,Neutral,0
TK-500466,Networking,P4,Network-Support,Neutral,0
TK-500467,Firmware,P4,Storage-Support,Neutral,0
TK-500468,Firmware,P4,Server-HW,Neutral,0
TK-500469,Hardware,P2,Server-HW,Frustrated,0
TK-500470,Access,P3,Account-Admin,Neutral,0
TK-500471,Firmware,P4,Storage-Support,Neutral,0
TK-500472,Access,P4,Account-Admin,Positive,0
TK-500473,Access,P2,Account-Admin,Frustrated,0
TK-500474,Storage,P3,Storage-Support,Neutral,0
TK-500475,Hardware,P2,Server-HW,Positive,0
TK-500476,Billing,P4,Billing-Ops,Neutral,0
TK-500477,Hardware,P2,Storage-Support,Neutral,0
TK-500478,Access,P3,Account-Admin,Angry,0
TK-500479,Hardware,P2,Server-HW,Neutral,0
TK-500480,Billing,P3,Billing-Ops,Angry,0
TK-500481,Networking,P2,Network-Support,Neutral,0
TK-500482,Networking,P1,Network-Support,Neutral,0
TK-500483,Hardware,P2,Server-HW,Angry,0
TK-500484,Hardware,P3,Server-HW,Neutral,0
TK-500485,Billing,P3,Billing-Ops,Neutral,0
TK-500486,Storage,P3,Storage-Support,Neutral,0
TK-500487,Billing,P4,Billing-Ops,Neutral,0
TK-500488,Billing,P4,Billing-Ops,Neutral,0
TK-500489,Storage,P1,Server-HW,Angry,0
TK-500490,Hardware,P2,Server-HW,Neutral,0
TK-500491,Storage,P4,Storage-Support,Neutral,0
TK-500492,Software,P4,Software-Support,Neutral,0
TK-500493,,P2,,Neutral,1
TK-500494,,P4,,Positive,1
TK-500495,Storage,P2,Storage-Support,Frustrated,0
TK-500496,,P1,,Frustrated,1
TK-500497,Networking,P3,Network-Support,Frustrated,0
TK-500498,,P4,,Neutral,1
TK-500499,Firmware,P3,Server-HW,Frustrated,0
TK-500500,Software,P3,Software-Support,Neutral,0
TK-500501,Software,P3,Software-Support,Neutral,0
TK-500502,,P4,,Positive,1
TK-500503,Hardware,P2,Server-HW,Neutral,0
TK-500504,Software,P3,Software-Support,Frustrated,0
TK-500505,Storage,P3,Storage-Support,Neutral,0
TK-500506,,P2,,Frustrated,1
TK-500507,,P4,,Neutral,1
TK-500508,Networking,P2,Network-Support,Neutral,0
TK-500509,Security,P4,Security-Ops,Neutral,0
TK-500510,Billing,P3,Billing-Ops,Frustrated,0
TK-500511,Hardware,P2,Server-HW,Angry,0
TK-500512,Hardware,P3,Server-HW,Neutral,0
TK-500513,Software,P2,Software-Support,Neutral,0
TK-500514,,P2,,Frustrated,1
TK-500515,Networking,P3,Network-Support,Neutral,0
TK-500516,Storage,P2,Server-HW,Frustrated,0
TK-500517,Software,P4,Software-Support,Positive,0
TK-500518,Firmware,P4,Storage-Support,Positive,0
TK-500519,Hardware,P2,Server-HW,Neutral,0
TK-500520,,P2,,Neutral,1
TK-500521,,P2,,Frustrated,1
TK-500522,Hardware,P3,Server-HW,Frustrated,0
TK-500523,Networking,P2,Network-Support,Neutral,0
TK-500524,Hardware,P2,Server-HW,Angry,0
TK-500525,Hardware,P4,Server-HW,Neutral,0
TK-500526,Access,P4,Account-Admin,Neutral,0
TK-500527,Storage,P3,Storage-Support,Positive,0
TK-500528,Software,P4,Software-Support,Neutral,0
TK-500529,Hardware,P3,Server-HW,Neutral,0
TK-500530,Storage,P2,Storage-Support,Frustrated,0
TK-500531,Access,P3,Account-Admin,Neutral,0
TK-500532,Firmware,P2,Storage-Support,Angry,0
TK-500533,Networking,P3,Network-Support,Frustrated,0
TK-500534,Networking,P3,Network-Support,Neutral,0
TK-500535,Storage,P2,Server-HW,Neutral,0
TK-500536,Storage,P2,Storage-Support,Neutral,0
TK-500537,Hardware,P2,Server-HW,Frustrated,0
TK-500538,Access,P2,Account-Admin,Frustrated,0
TK-500539,Billing,P4,Billing-Ops,Frustrated,0
TK-500540,Software,P4,Software-Support,Neutral,0
TK-500541,,P3,,Angry,1
TK-500542,Billing,P4,Billing-Ops,Frustrated,0
TK-500543,Networking,P4,Network-Support,Positive,0
TK-500544,Firmware,P2,Storage-Support,Frustrated,0
TK-500545,Access,P3,Account-Admin,Frustrated,0
TK-500546,Hardware,P2,Server-HW,Positive,0
TK-500547,Networking,P2,Network-Support,Neutral,0
TK-500548,Hardware,P4,Server-HW,Neutral,0
TK-500549,,P3,,Neutral,1
TK-500550,Storage,P4,Storage-Support,Neutral,0
TK-500551,Firmware,P2,Server-HW,Neutral,0
TK-500552,Hardware,P3,Storage-Support,Neutral,0
TK-500553,Access,P3,Account-Admin,Frustrated,0
TK-500554,,P3,,Angry,1
TK-500555,Firmware,P1,Storage-Support,Neutral,0
TK-500556,Security,P3,Security-Ops,Frustrated,0
TK-500557,,P1,,Frustrated,1
TK-500558,Billing,P3,Billing-Ops,Neutral,0
TK-500559,,P4,,Neutral,1
TK-500560,Software,P3,Software-Support,Neutral,0
TK-500561,Access,P4,Account-Admin,Neutral,0
TK-500562,Hardware,P2,Storage-Support,Angry,0
TK-500563,,P2,,Neutral,1
TK-500564,Hardware,P2,Server-HW,Frustrated,0
TK-500565,,P3,,Neutral,1
TK-500566,Storage,P1,Storage-Support,Neutral,0
TK-500567,Hardware,P4,Server-HW,Neutral,0
TK-500568,,P2,,Neutral,1
TK-500569,Access,P3,Account-Admin,Neutral,0
TK-500570,Billing,P4,Billing-Ops,Neutral,0
TK-500571,Firmware,P3,Server-HW,Neutral,0
TK-500572,Networking,P3,Network-Support,Positive,0
TK-500573,,P3,,Neutral,1
TK-500574,Storage,P4,Server-HW,Neutral,0
TK-500575,Hardware,P2,Server-HW,Frustrated,0
TK-500576,,P2,,Angry,1
TK-500577,,P3,,Angry,1
TK-500578,Access,P3,Account-Admin,Neutral,0
TK-500579,Access,P3,Account-Admin,Angry,0
TK-500580,Networking,P3,Network-Support,Neutral,0
TK-500581,Security,P2,Security-Ops,Angry,0
TK-500582,Networking,P3,Network-Support,Angry,0
TK-500583,Security,P3,Security-Ops,Neutral,0
TK-500584,Networking,P3,Network-Support,Neutral,0
TK-500585,Hardware,P3,Storage-Support,Neutral,0
TK-500586,Networking,P2,Network-Support,Frustrated,0
TK-500587,Networking,P2,Network-Support,Frustrated,0
TK-500588,Billing,P4,Billing-Ops,Neutral,0
TK-500589,Software,P2,Software-Support,Neutral,0
TK-500590,,P4,,Frustrated,1
TK-500591,Hardware,P4,Server-HW,Neutral,0
TK-500592,Firmware,P2,Server-HW,Neutral,0
TK-500593,Storage,P4,Server-HW,Positive,0
TK-500594,Billing,P4,Billing-Ops,Neutral,0
TK-500595,Security,P2,Security-Ops,Frustrated,0
TK-500596,Networking,P4,Network-Support,Neutral,0
TK-500597,Billing,P3,Billing-Ops,Positive,0
TK-500598,Hardware,P2,Server-HW,Positive,0
TK-500599,Firmware,P3,Server-HW,Frustrated,0
TK-500600,Hardware,P4,Server-HW,Neutral,0
TK-500601,Networking,P3,Network-Support,Neutral,0
TK-500602,Storage,P4,Storage-Support,Angry,0
TK-500603,,P2,,Neutral,1
TK-500604,Access,P4,Account-Admin,Positive,0
TK-500605,Networking,P3,Server-HW,Neutral,0
TK-500606,Networking,P2,Network-Support,Neutral,0
TK-500607,Storage,P1,Storage-Support,Frustrated,0
TK-500608,,P3,,Neutral,1
TK-500609,Networking,P2,Network-Support,Neutral,0
TK-500610,Firmware,P4,Server-HW,Neutral,0
TK-500611,Billing,P3,Billing-Ops,Neutral,0
TK-500612,,P2,,Frustrated,1
TK-500613,Firmware,P4,Server-HW,Neutral,0
TK-500614,Hardware,P2,Server-HW,Neutral,0
TK-500615,Access,P4,Account-Admin,Neutral,0
TK-500616,Hardware,P4,Server-HW,Angry,0
TK-500617,Networking,P2,Network-Support,Angry,0
TK-500618,Security,P4,Security-Ops,Neutral,0
TK-500619,Software,P2,Software-Support,Neutral,0
TK-500620,Software,P4,Software-Support,Positive,0
TK-500621,Hardware,P4,Server-HW,Neutral,0
TK-500622,Hardware,P3,Server-HW,Frustrated,0
TK-500623,Storage,P3,Storage-Support,Neutral,0
TK-500624,Billing,P3,Billing-Ops,Positive,0
TK-500625,Access,P3,Account-Admin,Neutral,0
TK-500626,Software,P3,Account-Admin,Neutral,0
TK-500627,Billing,P4,Billing-Ops,Neutral,0
TK-500628,Firmware,P3,Server-HW,Neutral,0
TK-500629,Networking,P4,Network-Support,Positive,0
TK-500630,Security,P4,Security-Ops,Neutral,0
TK-500631,Networking,P2,Network-Support,Neutral,0
TK-500632,Hardware,P2,Server-HW,Positive,0
TK-500633,Access,P4,Account-Admin,Neutral,0
TK-500634,Hardware,P3,Server-HW,Frustrated,0
TK-500635,Storage,P3,Storage-Support,Positive,0
TK-500636,Storage,P2,Storage-Support,Neutral,0
TK-500637,Storage,P3,Storage-Support,Neutral,0
TK-500638,Security,P3,Security-Ops,Neutral,0
TK-500639,Billing,P4,Billing-Ops,Neutral,0
TK-500640,Hardware,P4,Server-HW,Angry,0
TK-500641,Firmware,P4,Server-HW,Neutral,0
TK-500642,Software,P3,Software-Support,Neutral,0
TK-500643,Firmware,P2,Network-Support,Frustrated,0
TK-500644,Software,P2,Software-Support,Angry,0
TK-500645,Storage,P4,Server-HW,Angry,0
TK-500646,,P2,,Frustrated,1
TK-500647,Firmware,P3,Network-Support,Frustrated,0
TK-500648,Firmware,P2,Server-HW,Positive,0
TK-500649,Software,P3,Software-Support,Neutral,0
TK-500650,Firmware,P3,Server-HW,Neutral,0
TK-500651,Billing,P4,Billing-Ops,Frustrated,0
TK-500652,Storage,P3,Storage-Support,Neutral,0
TK-500653,Billing,P3,Billing-Ops,Angry,0
TK-500654,Billing,P3,Billing-Ops,Frustrated,0
TK-500655,Networking,P3,Network-Support,Neutral,0
TK-500656,Firmware,P3,Network-Support,Frustrated,0
TK-500657,Storage,P3,Server-HW,Neutral,0
TK-500658,Access,P2,Account-Admin,Frustrated,0
TK-500659,,P1,,Neutral,1
TK-500660,Networking,P3,Network-Support,Neutral,0
TK-500661,Firmware,P4,Server-HW,Neutral,0
TK-500662,Hardware,P3,Server-HW,Neutral,0
TK-500663,Security,P2,Security-Ops,Angry,0
TK-500664,Billing,P3,Billing-Ops,Neutral,0
TK-500665,Software,P4,Software-Support,Positive,0
TK-500666,Hardware,P4,Server-HW,Neutral,0
TK-500667,Firmware,P3,Storage-Support,Neutral,0
TK-500668,Hardware,P2,Server-HW,Positive,0
TK-500669,Storage,P2,Storage-Support,Frustrated,0
TK-500670,Access,P2,Account-Admin,Neutral,0
TK-500671,,P2,,Frustrated,1
TK-500672,Security,P3,Security-Ops,Positive,0
TK-500673,Networking,P1,Network-Support,Neutral,0
TK-500674,Hardware,P4,Server-HW,Neutral,0
TK-500675,Hardware,P3,Server-HW,Angry,0
TK-500676,Hardware,P4,Server-HW,Neutral,0
TK-500677,Access,P4,Account-Admin,Positive,0
TK-500678,Security,P4,Security-Ops,Neutral,0
TK-500679,,P4,,Frustrated,1
TK-500680,Software,P3,Billing-Ops,Neutral,0
TK-500681,Billing,P4,Billing-Ops,Neutral,0
TK-500682,Firmware,P2,Storage-Support,Frustrated,0
TK-500683,Hardware,P1,Server-HW,Angry,0
TK-500684,Hardware,P3,Server-HW,Neutral,0
TK-500685,Networking,P1,Network-Support,Angry,0
TK-500686,Access,P2,Account-Admin,Neutral,0
TK-500687,Hardware,P1,Server-HW,Angry,0
TK-500688,Billing,P3,Billing-Ops,Neutral,0
TK-500689,Firmware,P3,Server-HW,Neutral,0
TK-500690,Firmware,P2,Server-HW,Neutral,0
TK-500691,,P2,,Neutral,1
TK-500692,Billing,P3,Billing-Ops,Neutral,0
TK-500693,Software,P2,Software-Support,Angry,0
TK-500694,,P4,,Neutral,1
TK-500695,Storage,P3,Storage-Support,Neutral,0
TK-500696,Storage,P2,Server-HW,Neutral,0
TK-500697,Storage,P3,Storage-Support,Frustrated,0
TK-500698,Networking,P4,Network-Support,Positive,0
TK-500699,Networking,P4,Network-Support,Neutral,0
TK-500700,,P2,,Angry,1
TK-500701,Networking,P1,Network-Support,Angry,0
TK-500702,Software,P1,Software-Support,Neutral,0
TK-500703,Software,P2,Software-Support,Frustrated,0
TK-500704,,P4,,Frustrated,1
TK-500705,Storage,P3,Storage-Support,Neutral,0
TK-500706,Billing,P3,Billing-Ops,Neutral,0
TK-500707,Billing,P3,Billing-Ops,Neutral,0
TK-500708,Networking,P2,Network-Support,Neutral,0
TK-500709,Access,P2,Account-Admin,Neutral,0
TK-500710,Firmware,P4,Server-HW,Neutral,0
TK-500711,Networking,P1,Network-Support,Angry,0
TK-500712,Hardware,P4,Storage-Support,Neutral,0
TK-500713,,P3,,Neutral,1
TK-500714,,P2,,Angry,1
TK-500715,,P2,,Angry,1
TK-500716,Billing,P4,Billing-Ops,Neutral,0
TK-500717,Storage,P1,Storage-Support,Neutral,0
TK-500718,Storage,P3,Storage-Support,Neutral,0
TK-500719,Storage,P1,Storage-Support,Angry,0
TK-500720,,P2,,Neutral,1
TK-500721,Hardware,P1,Server-HW,Frustrated,0
TK-500722,Storage,P3,Storage-Support,Neutral,0
TK-500723,Hardware,P3,Server-HW,Frustrated,0
TK-500724,Software,P4,Software-Support,Neutral,0
TK-500725,Hardware,P1,Server-HW,Frustrated,0
TK-500726,Access,P3,Account-Admin,Positive,0
TK-500727,Billing,P4,Billing-Ops,Neutral,0
TK-500728,Hardware,P4,Server-HW,Neutral,0
TK-500729,Networking,P3,Network-Support,Neutral,0
TK-500730,Access,P3,Account-Admin,Neutral,0
TK-500731,Security,P3,Security-Ops,Positive,0
TK-500732,Networking,P4,Network-Support,Angry,0
TK-500733,Storage,P1,Server-HW,Angry,0
TK-500734,Storage,P3,Server-HW,Positive,0
TK-500735,Security,P2,Security-Ops,Neutral,0
TK-500736,Hardware,P1,Storage-Support,Angry,0
TK-500737,Access,P2,Account-Admin,Neutral,0
TK-500738,Hardware,P2,Server-HW,Neutral,0
TK-500739,Firmware,P4,Server-HW,Neutral,0
TK-500740,Networking,P2,Network-Support,Neutral,0
TK-500741,Hardware,P2,Server-HW,Neutral,0
TK-500742,Networking,P2,Network-Support,Angry,0
TK-500743,Software,P3,Software-Support,Frustrated,0
TK-500744,Access,P2,Account-Admin,Angry,0
TK-500745,Billing,P4,Billing-Ops,Neutral,0
TK-500746,Security,P4,Security-Ops,Neutral,0
TK-500747,Security,P2,Security-Ops,Neutral,0
TK-500748,Access,P3,Account-Admin,Neutral,0
TK-500749,Firmware,P1,Server-HW,Angry,0
TK-500750,,P4,,Neutral,1
TK-500751,,P2,,Neutral,1
TK-500752,Software,P2,Software-Support,Frustrated,0
TK-500753,Networking,P1,Network-Support,Frustrated,0
TK-500754,,P3,,Neutral,1
TK-500755,Software,P2,Software-Support,Positive,0
TK-500756,Hardware,P4,Server-HW,Positive,0
TK-500757,Storage,P4,Server-HW,Frustrated,0
TK-500758,Hardware,P1,Server-HW,Angry,0
TK-500759,Access,P3,Account-Admin,Neutral,0
TK-500760,Networking,P2,Network-Support,Neutral,0
TK-500761,Security,P1,Security-Ops,Angry,0
TK-500762,Software,P4,Software-Support,Positive,0
TK-500763,Security,P4,Security-Ops,Neutral,0
TK-500764,Hardware,P3,Server-HW,Angry,0
TK-500765,Hardware,P3,Server-HW,Neutral,0
TK-500766,Networking,P2,Network-Support,Frustrated,0
TK-500767,Software,P2,Software-Support,Neutral,0
TK-500768,Billing,P4,Billing-Ops,Neutral,0
TK-500769,Hardware,P3,Server-HW,Neutral,0
TK-500770,Networking,P2,Network-Support,Frustrated,0
TK-500771,Storage,P3,Storage-Support,Neutral,0
TK-500772,,P4,,Neutral,1
TK-500773,Storage,P1,Storage-Support,Angry,0
TK-500774,,P4,,Frustrated,1
TK-500775,Access,P4,Account-Admin,Neutral,0
TK-500776,Access,P3,Account-Admin,Neutral,0
TK-500777,Networking,P2,Network-Support,Angry,0
TK-500778,Storage,P1,Storage-Support,Frustrated,0
TK-500779,Firmware,P4,Storage-Support,Positive,0
TK-500780,,P3,,Neutral,1
TK-500781,Firmware,P2,Server-HW,Frustrated,0
TK-500782,Billing,P4,Billing-Ops,Positive,0
TK-500783,Security,P2,Security-Ops,Frustrated,0
TK-500784,Billing,P3,Billing-Ops,Frustrated,0
TK-500785,Software,P3,Software-Support,Neutral,0
TK-500786,Hardware,P4,Server-HW,Neutral,0
TK-500787,Firmware,P1,Network-Support,Angry,0
TK-500788,Hardware,P2,Server-HW,Neutral,0
TK-500789,Firmware,P3,Server-HW,Neutral,0
TK-500790,Hardware,P3,Server-HW,Neutral,0
TK-500791,Storage,P4,Storage-Support,Neutral,0
TK-500792,Firmware,P3,Storage-Support,Frustrated,0
TK-500793,Storage,P2,Server-HW,Frustrated,0
TK-500794,,P1,,Angry,1
TK-500795,Billing,P4,Billing-Ops,Neutral,0
TK-500796,Security,P2,Security-Ops,Neutral,0
TK-500797,,P2,,Frustrated,1
TK-500798,Firmware,P2,Server-HW,Neutral,0
TK-500799,Storage,P4,Server-HW,Neutral,0
TK-500800,Networking,P2,Network-Support,Neutral,0
TK-500801,Billing,P3,Billing-Ops,Neutral,0
TK-500802,,P4,,Neutral,1
TK-500803,Storage,P2,Storage-Support,Frustrated,0
TK-500804,Billing,P4,Billing-Ops,Positive,0
TK-500805,Hardware,P2,Server-HW,Frustrated,0
TK-500806,Access,P2,Account-Admin,Frustrated,0
TK-500807,Security,P4,Software-Support,Positive,0
TK-500808,,P4,,Neutral,1
TK-500809,Hardware,P2,Server-HW,Angry,0
TK-500810,Hardware,P1,Server-HW,Angry,0
TK-500811,Security,P4,Security-Ops,Neutral,0
TK-500812,Firmware,P3,Storage-Support,Neutral,0
TK-500813,Billing,P3,Billing-Ops,Neutral,0
TK-500814,Networking,P4,Network-Support,Neutral,0
TK-500815,,P2,,Neutral,1
TK-500816,Access,P3,Account-Admin,Positive,0
TK-500817,Security,P4,Security-Ops,Neutral,0
TK-500818,Hardware,P3,Server-HW,Frustrated,0
TK-500819,Access,P3,Account-Admin,Angry,0
TK-500820,Firmware,P4,Server-HW,Neutral,0
TK-500821,Billing,P2,Billing-Ops,Neutral,0
TK-500822,Hardware,P2,Server-HW,Neutral,0
TK-500823,Hardware,P3,Server-HW,Neutral,0
TK-500824,,P4,,Neutral,1
TK-500825,,P3,,Neutral,1
TK-500826,Billing,P3,Billing-Ops,Neutral,0
TK-500827,Software,P2,Software-Support,Neutral,0
TK-500828,Billing,P3,Billing-Ops,Positive,0
TK-500829,Networking,P4,Network-Support,Neutral,0
TK-500830,,P1,,Angry,1
TK-500831,Software,P3,Software-Support,Neutral,0
TK-500832,,P1,,Angry,1
TK-500833,Hardware,P2,Server-HW,Frustrated,0
TK-500834,Firmware,P3,Network-Support,Neutral,0
TK-500835,Hardware,P4,Server-HW,Neutral,0
TK-500836,Software,P4,Software-Support,Neutral,0
TK-500837,Software,P4,Software-Support,Frustrated,0
TK-500838,Hardware,P4,Server-HW,Neutral,0
TK-500839,,P3,,Neutral,1
TK-500840,Access,P4,Account-Admin,Neutral,0
TK-500841,Networking,P2,Network-Support,Frustrated,0
TK-500842,Billing,P3,Billing-Ops,Frustrated,0
TK-500843,Software,P2,Software-Support,Angry,0
TK-500844,Software,P2,Software-Support,Frustrated,0
TK-500845,Software,P3,Software-Support,Neutral,0
TK-500846,Software,P4,Software-Support,Angry,0
TK-500847,Software,P2,Software-Support,Frustrated,0
TK-500848,,P3,,Angry,1
TK-500849,Storage,P2,Storage-Support,Neutral,0
TK-500850,Software,P3,Software-Support,Positive,0
TK-500851,Networking,P4,Network-Support,Neutral,0
TK-500852,,P1,,Angry,1
TK-500853,Security,P4,Security-Ops,Neutral,0
TK-500854,Storage,P1,Storage-Support,Angry,0
TK-500855,Storage,P2,Storage-Support,Angry,0
TK-500856,Hardware,P2,Server-HW,Angry,0
TK-500857,Networking,P2,Network-Support,Frustrated,0
TK-500858,Hardware,P1,Server-HW,Angry,0
TK-500859,,P2,,Frustrated,1
TK-500860,Firmware,P3,Network-Support,Neutral,0
TK-500861,Storage,P4,Storage-Support,Positive,0
TK-500862,Firmware,P2,Server-HW,Positive,0
TK-500863,Hardware,P2,Server-HW,Neutral,0
TK-500864,Firmware,P4,Server-HW,Frustrated,0
TK-500865,Hardware,P2,Server-HW,Angry,0
TK-500866,Storage,P2,Server-HW,Frustrated,0
TK-500867,,P2,,Neutral,1
TK-500868,Hardware,P2,Storage-Support,Neutral,0
TK-500869,Security,P3,Security-Ops,Neutral,0
TK-500870,Billing,P3,Billing-Ops,Neutral,0
TK-500871,Networking,P2,Network-Support,Neutral,0
TK-500872,Networking,P4,Network-Support,Neutral,0
TK-500873,Networking,P4,Network-Support,Frustrated,0
TK-500874,Storage,P1,Storage-Support,Neutral,0
TK-500875,,P2,,Angry,1
TK-500876,Firmware,P2,Server-HW,Frustrated,0
TK-500877,Storage,P3,Storage-Support,Neutral,0
TK-500878,Networking,P2,Network-Support,Neutral,0
TK-500879,Software,P3,Software-Support,Neutral,0
TK-500880,,P1,,Frustrated,1
TK-500881,Software,P4,Software-Support,Neutral,0
TK-500882,Networking,P3,Network-Support,Angry,0
TK-500883,,P4,,Neutral,1
TK-500884,Networking,P3,Network-Support,Neutral,0
TK-500885,Billing,P4,Billing-Ops,Positive,0
TK-500886,Billing,P3,Billing-Ops,Positive,0
TK-500887,Hardware,P3,Server-HW,Neutral,0
TK-500888,Software,P2,Software-Support,Neutral,0
TK-500889,Storage,P4,Server-HW,Neutral,0
TK-500890,Access,P2,Account-Admin,Angry,0
TK-500891,Firmware,P3,Server-HW,Neutral,0
TK-500892,Software,P2,Software-Support,Frustrated,0
TK-500893,Hardware,P2,Server-HW,Angry,0
TK-500894,Hardware,P3,Server-HW,Positive,0
TK-500895,Hardware,P4,Server-HW,Neutral,0
TK-500896,Firmware,P4,Network-Support,Neutral,0
TK-500897,Networking,P3,Network-Support,Neutral,0
TK-500898,Networking,P3,Network-Support,Frustrated,0
TK-500899,Access,P1,Account-Admin,Neutral,0
TK-500900,Security,P4,Security-Ops,Neutral,0
TK-500901,Software,P2,Software-Support,Neutral,0
TK-500902,Hardware,P3,Server-HW,Neutral,0
TK-500903,Storage,P1,Storage-Support,Frustrated,0
TK-500904,,P4,,Neutral,1
TK-500905,Software,P2,Software-Support,Neutral,0
TK-500906,Firmware,P3,Server-HW,Frustrated,0
TK-500907,Software,P2,Software-Support,Frustrated,0
TK-500908,,P1,,Angry,1
TK-500909,Access,P4,Account-Admin,Neutral,0
TK-500910,Networking,P2,Network-Support,Frustrated,0
TK-500911,Access,P1,Account-Admin,Angry,0
TK-500912,Networking,P2,Network-Support,Frustrated,0
TK-500913,Storage,P4,Storage-Support,Neutral,0
TK-500914,Hardware,P2,Server-HW,Neutral,0
TK-500915,Networking,P2,Network-Support,Neutral,0
TK-500916,Hardware,P3,Server-HW,Positive,0
TK-500917,Security,P3,Security-Ops,Neutral,0
TK-500918,Billing,P4,Billing-Ops,Positive,0
TK-500919,Hardware,P2,Server-HW,Angry,0
TK-500920,Networking,P4,Network-Support,Neutral,0
TK-500921,Access,P4,Account-Admin,Neutral,0
TK-500922,,P1,,Angry,1
TK-500923,,P2,,Angry,1
TK-500924,Firmware,P2,Server-HW,Angry,0
TK-500925,Storage,P2,Storage-Support,Neutral,0
TK-500926,Security,P2,Security-Ops,Neutral,0
TK-500927,Hardware,P4,Server-HW,Neutral,0
TK-500928,Storage,P3,Storage-Support,Positive,0
TK-500929,Software,P3,Software-Support,Neutral,0
TK-500930,,P4,,Neutral,1
TK-500931,Hardware,P2,Server-HW,Frustrated,0
TK-500932,Storage,P4,Storage-Support,Neutral,0
TK-500933,Security,P3,Security-Ops,Frustrated,0
TK-500934,Storage,P3,Storage-Support,Positive,0
TK-500935,Billing,P4,Billing-Ops,Neutral,0
TK-500936,Storage,P2,Server-HW,Angry,0
TK-500937,Software,P3,Software-Support,Positive,0
TK-500938,Software,P3,Software-Support,Neutral,0
TK-500939,Billing,P4,Billing-Ops,Positive,0
TK-500940,Hardware,P2,Storage-Support,Neutral,0
TK-500941,Hardware,P2,Server-HW,Frustrated,0
TK-500942,Billing,P4,Billing-Ops,Positive,0
TK-500943,Networking,P2,Network-Support,Angry,0
TK-500944,,P3,,Frustrated,1
TK-500945,Hardware,P1,Server-HW,Neutral,0
TK-500946,Hardware,P3,Storage-Support,Neutral,0
TK-500947,Hardware,P2,Server-HW,Angry,0
TK-500948,Access,P1,Account-Admin,Neutral,0
TK-500949,Networking,P3,Network-Support,Positive,0
TK-500950,Networking,P4,Network-Support,Neutral,0
TK-500951,Billing,P3,Billing-Ops,Neutral,0
TK-500952,Storage,P2,Storage-Support,Frustrated,0
TK-500953,,P3,,Neutral,1
TK-500954,,P4,,Positive,1
TK-500955,Hardware,P1,Server-HW,Angry,0
TK-500956,Hardware,P2,Storage-Support,Neutral,0
TK-500957,Hardware,P2,Server-HW,Neutral,0
TK-500958,Software,P3,Software-Support,Neutral,0
TK-500959,Firmware,P4,Network-Support,Neutral,0
TK-500960,Storage,P4,Storage-Support,Neutral,0
TK-500961,Firmware,P4,Server-HW,Neutral,0
TK-500962,Hardware,P2,Server-HW,Frustrated,0
TK-500963,Hardware,P4,Server-HW,Positive,0
TK-500964,Software,P2,Software-Support,Neutral,0
TK-500965,Security,P2,Security-Ops,Frustrated,0
TK-500966,Software,P2,Software-Support,Neutral,0
TK-500967,,P4,,Neutral,1
TK-500968,Hardware,P3,Server-HW,Neutral,0
TK-500969,Networking,P2,Network-Support,Angry,0
TK-500970,Hardware,P3,Server-HW,Angry,0
TK-500971,,P1,,Frustrated,1
TK-500972,Hardware,P3,Storage-Support,Neutral,0
TK-500973,Firmware,P4,Server-HW,Neutral,0
TK-500974,Hardware,P2,Server-HW,Positive,0
TK-500975,,P2,,Neutral,1
TK-500976,Hardware,P1,Storage-Support,Frustrated,0
TK-500977,,P2,,Neutral,1
TK-500978,Billing,P3,Billing-Ops,Neutral,0
TK-500979,Hardware,P4,Server-HW,Positive,0
TK-500980,,P3,,Neutral,1
TK-500981,Hardware,P2,Server-HW,Frustrated,0
TK-500982,Software,P2,Software-Support,Frustrated,0
TK-500983,Storage,P2,Storage-Support,Neutral,0
TK-500984,Billing,P4,Billing-Ops,Neutral,0
TK-500985,Networking,P3,Network-Support,Neutral,0
TK-500986,Software,P4,Software-Support,Neutral,0
TK-500987,Storage,P2,Storage-Support,Positive,0
TK-500988,Firmware,P3,Network-Support,Frustrated,0
TK-500989,Hardware,P4,Server-HW,Neutral,0
TK-500990,Storage,P2,Storage-Support,Angry,0
TK-500991,Access,P2,Account-Admin,Neutral,0
TK-500992,,P2,,Frustrated,1
TK-500993,Storage,P4,Server-HW,Neutral,0
TK-500994,Storage,P3,Server-HW,Neutral,0
TK-500995,Billing,P4,Billing-Ops,Neutral,0
TK-500996,Storage,P2,Storage-Support,Neutral,0
TK-500997,Networking,P2,Network-Support,Angry,0
TK-500998,Hardware,P2,Server-HW,Neutral,0
TK-500999,Billing,P4,Billing-Ops,Neutral,0
TK-501000,,P3,,Neutral,1
TK-501001,Hardware,P4,Server-HW,Neutral,0
TK-501002,Storage,P2,Server-HW,Neutral,0
TK-501003,Billing,P3,Billing-Ops,Neutral,0
TK-501004,Firmware,P4,Server-HW,Neutral,0
TK-501005,Networking,P1,Network-Support,Neutral,0
TK-501006,Hardware,P2,Server-HW,Neutral,0
TK-501007,Networking,P4,Network-Support,Neutral,0
TK-501008,Hardware,P3,Server-HW,Neutral,0
TK-501009,Access,P2,Account-Admin,Frustrated,0
TK-501010,Access,P3,Account-Admin,Positive,0
TK-501011,Security,P3,Security-Ops,Frustrated,0
TK-501012,Software,P4,Software-Support,Neutral,0
TK-501013,,P4,,Angry,1
TK-501014,Hardware,P4,Server-HW,Neutral,0
TK-501015,,P1,,Neutral,1
TK-501016,Access,P4,Account-Admin,Neutral,0
TK-501017,Storage,P4,Server-HW,Neutral,0
TK-501018,Firmware,P3,Storage-Support,Neutral,0
TK-501019,Hardware,P3,Server-HW,Neutral,0
TK-501020,Billing,P4,Billing-Ops,Positive,0
TK-501021,Networking,P3,Network-Support,Neutral,0
TK-501022,Hardware,P4,Server-HW,Neutral,0
TK-501023,Storage,P2,Storage-Support,Neutral,0
TK-501024,Hardware,P3,Server-HW,Frustrated,0
TK-501025,,P3,,Frustrated,1
TK-501026,Hardware,P4,Server-HW,Neutral,0
TK-501027,Networking,P3,Network-Support,Neutral,0
TK-501028,Storage,P3,Server-HW,Neutral,0
TK-501029,,P1,,Frustrated,1
TK-501030,Networking,P4,Network-Support,Positive,0
TK-501031,Hardware,P2,Storage-Support,Neutral,0
TK-501032,Billing,P3,Billing-Ops,Neutral,0
TK-501033,Hardware,P2,Server-HW,Frustrated,0
TK-501034,Access,P3,Account-Admin,Neutral,0
TK-501035,Hardware,P4,Server-HW,Positive,0
TK-501036,Firmware,P3,Server-HW,Positive,0
TK-501037,Hardware,P2,Server-HW,Angry,0
TK-501038,Hardware,P1,Server-HW,Neutral,0
TK-501039,Software,P4,Software-Support,Positive,0
TK-501040,Storage,P2,Storage-Support,Angry,0
TK-501041,Access,P3,Account-Admin,Neutral,0
TK-501042,Networking,P1,Network-Support,Neutral,0
TK-501043,Software,P3,Software-Support,Frustrated,0
TK-501044,Hardware,P3,Server-HW,Neutral,0
TK-501045,Security,P3,Security-Ops,Neutral,0
TK-501046,Hardware,P4,Server-HW,Neutral,0
TK-501047,Access,P2,Account-Admin,Neutral,0
TK-501048,Access,P2,Account-Admin,Neutral,0
TK-501049,Software,P3,Software-Support,Frustrated,0
TK-501050,,P2,,Frustrated,1
TK-501051,Firmware,P4,Server-HW,Neutral,0
TK-501052,Firmware,P3,Server-HW,Positive,0
TK-501053,Billing,P4,Billing-Ops,Frustrated,0
TK-501054,Hardware,P3,Server-HW,Neutral,0
TK-501055,Access,P3,Account-Admin,Neutral,0
TK-501056,Firmware,P3,Storage-Support,Neutral,0
TK-501057,Networking,P3,Network-Support,Neutral,0
TK-501058,Hardware,P2,Server-HW,Neutral,0
TK-501059,Software,P3,Software-Support,Angry,0
TK-501060,Storage,P2,Storage-Support,Frustrated,0
TK-501061,Security,P3,Security-Ops,Neutral,0
TK-501062,Storage,P2,Storage-Support,Frustrated,0
TK-501063,Networking,P2,Network-Support,Frustrated,0
TK-501064,Networking,P4,Network-Support,Frustrated,0
TK-501065,Hardware,P1,Server-HW,Neutral,0
TK-501066,Storage,P3,Storage-Support,Neutral,0
TK-501067,Firmware,P2,Server-HW,Frustrated,0
TK-501068,Storage,P3,Server-HW,Frustrated,0
TK-501069,Storage,P2,Storage-Support,Neutral,0
TK-501070,Firmware,P4,Server-HW,Neutral,0
TK-501071,Networking,P2,Network-Support,Angry,0
TK-501072,,P3,,Angry,1
TK-501073,Storage,P4,Storage-Support,Positive,0
TK-501074,Software,P3,Software-Support,Positive,0
TK-501075,Software,P4,Software-Support,Neutral,0
TK-501076,Networking,P3,Network-Support,Positive,0
TK-501077,Security,P3,Security-Ops,Neutral,0
TK-501078,,P3,,Frustrated,1
TK-501079,Storage,P1,Storage-Support,Angry,0
TK-501080,Hardware,P1,Server-HW,Neutral,0
TK-501081,Storage,P4,Server-HW,Positive,0
TK-501082,Hardware,P2,Server-HW,Angry,0
TK-501083,Hardware,P1,Server-HW,Angry,0
TK-501084,Networking,P2,Network-Support,Frustrated,0
TK-501085,Storage,P4,Server-HW,Positive,0
TK-501086,Access,P4,Account-Admin,Neutral,0
TK-501087,Firmware,P2,Storage-Support,Angry,0
TK-501088,,P3,,Neutral,1
TK-501089,,P3,,Neutral,1
TK-501090,Billing,P4,Billing-Ops,Neutral,0
TK-501091,Access,P2,Account-Admin,Neutral,0
TK-501092,Security,P4,Account-Admin,Neutral,0
TK-501093,Hardware,P3,Server-HW,Angry,0
TK-501094,Hardware,P2,Server-HW,Neutral,0
TK-501095,Billing,P3,Billing-Ops,Neutral,0
TK-501096,Security,P4,Security-Ops,Neutral,0
TK-501097,Access,P4,Account-Admin,Frustrated,0
TK-501098,Storage,P4,Storage-Support,Neutral,0
TK-501099,Access,P3,Account-Admin,Positive,0
TK-501100,Security,P4,Security-Ops,Frustrated,0
TK-501101,Security,P2,Security-Ops,Frustrated,0
TK-501102,Hardware,P2,Server-HW,Neutral,0
TK-501103,Billing,P3,Billing-Ops,Neutral,0
TK-501104,Networking,P3,Network-Support,Neutral,0
TK-501105,Networking,P1,Network-Support,Angry,0
TK-501106,Firmware,P3,Server-HW,Neutral,0
TK-501107,Storage,P2,Storage-Support,Frustrated,0
TK-501108,Billing,P4,Network-Support,Neutral,0
TK-501109,Firmware,P2,Server-HW,Positive,0
TK-501110,Billing,P4,Billing-Ops,Positive,0
TK-501111,Security,P4,Security-Ops,Neutral,0
TK-501112,Software,P4,Software-Support,Neutral,0
TK-501113,Storage,P3,Storage-Support,Angry,0
TK-501114,,P3,,Neutral,1
TK-501115,Networking,P2,Network-Support,Neutral,0
TK-501116,Software,P4,Software-Support,Frustrated,0
TK-501117,Billing,P3,Billing-Ops,Neutral,0
TK-501118,,P4,,Angry,1
TK-501119,Hardware,P2,Server-HW,Neutral,0
TK-501120,,P2,,Frustrated,1
TK-501121,Hardware,P3,Storage-Support,Angry,0
TK-501122,Storage,P2,Storage-Support,Angry,0
TK-501123,Security,P3,Security-Ops,Frustrated,0
TK-501124,Security,P2,Security-Ops,Neutral,0
TK-501125,Access,P2,Account-Admin,Frustrated,0
TK-501126,Billing,P4,Billing-Ops,Neutral,0
TK-501127,Software,P2,Software-Support,Angry,0
TK-501128,Hardware,P2,Server-HW,Neutral,0
TK-501129,Security,P3,Security-Ops,Neutral,0
TK-501130,Access,P4,Account-Admin,Neutral,0
TK-501131,,P3,,Frustrated,1
TK-501132,Storage,P3,Server-HW,Neutral,0
TK-501133,Networking,P3,Network-Support,Frustrated,0
TK-501134,Hardware,P4,Server-HW,Neutral,0
TK-501135,Security,P3,Security-Ops,Neutral,0
TK-501136,Hardware,P2,Server-HW,Neutral,0
TK-501137,,P4,,Positive,1
TK-501138,Software,P2,Software-Support,Frustrated,0
TK-501139,Access,P2,Account-Admin,Frustrated,0
TK-501140,Billing,P4,Billing-Ops,Positive,0
TK-501141,Networking,P2,Network-Support,Neutral,0
TK-501142,Software,P3,Software-Support,Angry,0
TK-501143,Software,P2,Software-Support,Neutral,0
TK-501144,Networking,P3,Network-Support,Frustrated,0
TK-501145,Networking,P3,Network-Support,Positive,0
TK-501146,,P2,,Angry,1
TK-501147,Software,P3,Software-Support,Frustrated,0
TK-501148,,P3,,Neutral,1
TK-501149,Firmware,P4,Network-Support,Neutral,0
TK-501150,Access,P4,Account-Admin,Neutral,0
TK-501151,Hardware,P4,Server-HW,Neutral,0
TK-501152,Software,P3,Software-Support,Angry,0
TK-501153,Security,P4,Security-Ops,Positive,0
TK-501154,Access,P4,Account-Admin,Frustrated,0
TK-501155,Software,P4,Software-Support,Neutral,0
TK-501156,Software,P3,Software-Support,Frustrated,0
TK-501157,,P4,,Neutral,1
TK-501158,Storage,P2,Server-HW,Frustrated,0
TK-501159,Firmware,P4,Network-Support,Positive,0
TK-501160,Access,P2,Account-Admin,Angry,0
TK-501161,Access,P2,Account-Admin,Frustrated,0
TK-501162,Storage,P2,Server-HW,Neutral,0
TK-501163,Software,P3,Software-Support,Neutral,0
TK-501164,Networking,P3,Network-Support,Positive,0
TK-501165,Access,P3,Account-Admin,Neutral,0
TK-501166,Access,P4,Account-Admin,Frustrated,0
TK-501167,Networking,P4,Network-Support,Neutral,0
TK-501168,Hardware,P4,Server-HW,Positive,0
TK-501169,Networking,P1,Network-Support,Neutral,0
TK-501170,,P3,,Positive,1
TK-501171,Networking,P1,Network-Support,Frustrated,0
TK-501172,,P3,,Neutral,1
TK-501173,,P4,,Frustrated,1
TK-501174,Hardware,P2,Server-HW,Neutral,0
TK-501175,Security,P2,Security-Ops,Frustrated,0
TK-501176,Software,P4,Software-Support,Neutral,0
TK-501177,,P1,,Neutral,1
TK-501178,Storage,P2,Storage-Support,Frustrated,0
TK-501179,Hardware,P3,Server-HW,Frustrated,0
TK-501180,Hardware,P4,Server-HW,Positive,0
TK-501181,Storage,P3,Storage-Support,Positive,0
TK-501182,Software,P2,Software-Support,Frustrated,0
TK-501183,Storage,P3,Server-HW,Angry,0
TK-501184,Security,P4,Security-Ops,Neutral,0
TK-501185,Storage,P1,Storage-Support,Frustrated,0
TK-501186,Billing,P3,Billing-Ops,Neutral,0
TK-501187,Software,P3,Software-Support,Frustrated,0
TK-501188,Firmware,P3,Storage-Support,Positive,0
TK-501189,Hardware,P4,Storage-Support,Angry,0
TK-501190,Hardware,P2,Server-HW,Frustrated,0
TK-501191,Storage,P2,Storage-Support,Frustrated,0
TK-501192,Hardware,P3,Server-HW,Frustrated,0
TK-501193,Access,P4,Account-Admin,Neutral,0
TK-501194,Access,P3,Account-Admin,Angry,0
TK-501195,Networking,P4,Network-Support,Angry,0
TK-501196,Hardware,P3,Server-HW,Neutral,0
TK-501197,,P1,,Frustrated,1
TK-501198,Firmware,P4,Network-Support,Positive,0
TK-501199,Networking,P2,Network-Support,Frustrated,0
TK-501200,,P4,,Positive,1
TK-501201,,P4,,Neutral,1
TK-501202,Networking,P2,Network-Support,Positive,0
TK-501203,Security,P4,Security-Ops,Neutral,0
TK-501204,Firmware,P4,Network-Support,Angry,0
TK-501205,Networking,P3,Network-Support,Neutral,0
TK-501206,Storage,P1,Storage-Support,Angry,0
TK-501207,,P4,,Frustrated,1
TK-501208,,P4,,Neutral,1
TK-501209,Billing,P4,Billing-Ops,Angry,0
TK-501210,Access,P2,Account-Admin,Positive,0
TK-501211,Hardware,P2,Server-HW,Frustrated,0
TK-501212,,P1,,Angry,1
TK-501213,Security,P4,Security-Ops,Positive,0
TK-501214,,P3,,Frustrated,1
TK-501215,,P2,,Neutral,1
TK-501216,Security,P4,Security-Ops,Neutral,0
TK-501217,,P2,,Neutral,1
TK-501218,,P3,,Neutral,1
TK-501219,,P3,,Positive,1
TK-501220,Access,P3,Account-Admin,Neutral,0
TK-501221,Billing,P3,Billing-Ops,Neutral,0
TK-501222,Hardware,P3,Server-HW,Frustrated,0
TK-501223,Networking,P4,Network-Support,Positive,0
TK-501224,Hardware,P3,Storage-Support,Neutral,0
TK-501225,,P4,,Neutral,1
TK-501226,Access,P2,Account-Admin,Frustrated,0
TK-501227,Hardware,P3,Server-HW,Neutral,0
TK-501228,Security,P2,Security-Ops,Neutral,0
TK-501229,Hardware,P1,Server-HW,Neutral,0
TK-501230,,P2,,Neutral,1
TK-501231,Networking,P2,Network-Support,Neutral,0
TK-501232,Access,P2,Account-Admin,Neutral,0
TK-501233,,P4,,Neutral,1
TK-501234,Billing,P4,Billing-Ops,Neutral,0
TK-501235,Storage,P3,Storage-Support,Neutral,0
TK-501236,Access,P2,Account-Admin,Neutral,0
TK-501237,Firmware,P3,Network-Support,Neutral,0
TK-501238,Access,P4,Account-Admin,Neutral,0
TK-501239,Firmware,P3,Server-HW,Neutral,0
TK-501240,Hardware,P1,Server-HW,Frustrated,0
TK-501241,Software,P2,Software-Support,Neutral,0
TK-501242,Software,P4,Software-Support,Positive,0
TK-501243,,P4,,Neutral,1
TK-501244,,P2,,Neutral,1
TK-501245,Access,P3,Account-Admin,Neutral,0
TK-501246,Access,P3,Account-Admin,Frustrated,0
TK-501247,Hardware,P2,Server-HW,Neutral,0
TK-501248,Storage,P4,Storage-Support,Neutral,0
TK-501249,,P2,,Neutral,1
TK-501250,Hardware,P2,Server-HW,Frustrated,0
TK-501251,Hardware,P3,Server-HW,Positive,0
TK-501252,Software,P3,Software-Support,Frustrated,0
TK-501253,,P3,,Frustrated,1
TK-501254,Storage,P4,Storage-Support,Neutral,0
TK-501255,Billing,P3,Billing-Ops,Frustrated,0
TK-501256,,P1,,Angry,1
TK-501257,Access,P3,Account-Admin,Neutral,0
TK-501258,Access,P2,Account-Admin,Frustrated,0
TK-501259,,P4,,Positive,1
TK-501260,Hardware,P4,Server-HW,Neutral,0
TK-501261,Hardware,P4,Server-HW,Frustrated,0
TK-501262,Firmware,P2,Server-HW,Frustrated,0
TK-501263,Hardware,P4,Storage-Support,Neutral,0
TK-501264,Storage,P2,Storage-Support,Angry,0
TK-501265,Storage,P4,Server-HW,Neutral,0
TK-501266,Networking,P4,Network-Support,Neutral,0
TK-501267,Networking,P4,Network-Support,Frustrated,0
TK-501268,Billing,P3,Billing-Ops,Frustrated,0
TK-501269,Hardware,P2,Server-HW,Neutral,0
TK-501270,,P4,,Neutral,1
TK-501271,Networking,P2,Network-Support,Neutral,0
TK-501272,,P4,,Positive,1
TK-501273,Networking,P3,Network-Support,Neutral,0
TK-501274,Hardware,P1,Server-HW,Angry,0
TK-501275,Security,P4,Account-Admin,Positive,0
TK-501276,Networking,P2,Network-Support,Frustrated,0
TK-501277,Software,P3,Software-Support,Frustrated,0
TK-501278,Hardware,P1,Server-HW,Angry,0
TK-501279,Billing,P4,Billing-Ops,Angry,0
TK-501280,,P1,,Frustrated,1
TK-501281,,P3,,Positive,1
TK-501282,Hardware,P2,Server-HW,Angry,0
TK-501283,,P4,,Neutral,1
TK-501284,Software,P3,Software-Support,Neutral,0
TK-501285,Billing,P3,Billing-Ops,Neutral,0
TK-501286,Access,P4,Account-Admin,Neutral,0
TK-501287,Networking,P1,Network-Support,Angry,0
TK-501288,Firmware,P2,Storage-Support,Neutral,0
TK-501289,,P3,,Neutral,1
TK-501290,Networking,P3,Network-Support,Neutral,0
TK-501291,Hardware,P3,Server-HW,Positive,0
TK-501292,Software,P3,Account-Admin,Neutral,0
TK-501293,Hardware,P2,Server-HW,Neutral,0
TK-501294,Hardware,P2,Server-HW,Frustrated,0
TK-501295,Access,P4,Account-Admin,Neutral,0
TK-501296,Access,P4,Account-Admin,Positive,0
TK-501297,Firmware,P3,Server-HW,Neutral,0
TK-501298,Software,P3,Software-Support,Frustrated,0
TK-501299,,P2,,Frustrated,1
TK-501300,Hardware,P3,Server-HW,Angry,0
TK-501301,Storage,P2,Server-HW,Frustrated,0
TK-501302,Security,P4,Security-Ops,Positive,0
TK-501303,Firmware,P3,Network-Support,Neutral,0
TK-501304,Hardware,P2,Server-HW,Frustrated,0
TK-501305,Hardware,P4,Server-HW,Positive,0
TK-501306,Billing,P4,Billing-Ops,Neutral,0
TK-501307,Networking,P2,Network-Support,Frustrated,0
TK-501308,Hardware,P2,Server-HW,Frustrated,0
TK-501309,Access,P3,Account-Admin,Angry,0
TK-501310,Security,P2,Security-Ops,Neutral,0
TK-501311,Storage,P2,Storage-Support,Angry,0
TK-501312,Networking,P2,Network-Support,Neutral,0
TK-501313,Hardware,P2,Storage-Support,Frustrated,0
TK-501314,Hardware,P3,Server-HW,Neutral,0
TK-501315,Access,P3,Account-Admin,Neutral,0
TK-501316,Networking,P3,Network-Support,Frustrated,0
TK-501317,,P3,,Neutral,1
TK-501318,Networking,P2,Network-Support,Angry,0
TK-501319,Hardware,P3,Server-HW,Angry,0
TK-501320,Billing,P3,Billing-Ops,Neutral,0
TK-501321,Software,P4,Software-Support,Neutral,0
TK-501322,Hardware,P3,Server-HW,Neutral,0
TK-501323,Storage,P2,Storage-Support,Angry,0
TK-501324,Security,P4,Security-Ops,Neutral,0
TK-501325,Networking,P1,Network-Support,Angry,0
TK-501326,Firmware,P3,Network-Support,Neutral,0
TK-501327,Networking,P2,Network-Support,Neutral,0
TK-501328,Software,P2,Software-Support,Frustrated,0
TK-501329,Hardware,P3,Server-HW,Neutral,0
TK-501330,Storage,P3,Server-HW,Positive,0
TK-501331,Firmware,P3,Server-HW,Neutral,0
TK-501332,Networking,P3,Network-Support,Neutral,0
TK-501333,Hardware,P4,Server-HW,Neutral,0
TK-501334,Software,P3,Software-Support,Positive,0
TK-501335,,P4,,Neutral,1
TK-501336,Storage,P3,Storage-Support,Neutral,0
TK-501337,Software,P3,Account-Admin,Neutral,0
TK-501338,Access,P2,Account-Admin,Neutral,0
TK-501339,,P1,,Neutral,1
TK-501340,Access,P2,Account-Admin,Frustrated,0
TK-501341,Hardware,P1,Storage-Support,Angry,0
TK-501342,Hardware,P2,Server-HW,Neutral,0
TK-501343,Hardware,P4,Server-HW,Positive,0
TK-501344,Billing,P3,Billing-Ops,Neutral,0
TK-501345,Access,P1,Account-Admin,Angry,0
TK-501346,,P4,,Frustrated,1
TK-501347,Storage,P2,Storage-Support,Neutral,0
TK-501348,Access,P4,Account-Admin,Frustrated,0
TK-501349,Hardware,P4,Server-HW,Neutral,0
TK-501350,Access,P2,Account-Admin,Frustrated,0
TK-501351,Software,P3,Software-Support,Frustrated,0
TK-501352,Software,P3,Software-Support,Angry,0
TK-501353,Security,P4,Security-Ops,Neutral,0
TK-501354,,P2,,Neutral,1
TK-501355,Access,P3,Account-Admin,Neutral,0
TK-501356,Storage,P3,Storage-Support,Neutral,0
TK-501357,Storage,P3,Storage-Support,Frustrated,0
TK-501358,Billing,P3,Billing-Ops,Neutral,0
TK-501359,Hardware,P1,Server-HW,Angry,0
TK-501360,Networking,P3,Network-Support,Neutral,0
TK-501361,Storage,P4,Server-HW,Frustrated,0
TK-501362,,P3,,Neutral,1
TK-501363,,P3,,Neutral,1
TK-501364,,P3,,Neutral,1
TK-501365,Hardware,P1,Server-HW,Frustrated,0
TK-501366,Billing,P4,Billing-Ops,Angry,0
TK-501367,Billing,P4,Billing-Ops,Neutral,0
TK-501368,,P2,,Angry,1
TK-501369,Hardware,P2,Server-HW,Neutral,0
TK-501370,Networking,P3,Network-Support,Neutral,0
TK-501371,,P3,,Neutral,1
TK-501372,Billing,P4,Billing-Ops,Neutral,0
TK-501373,Storage,P4,Storage-Support,Neutral,0
TK-501374,,P1,,Angry,1
TK-501375,Storage,P3,Storage-Support,Neutral,0
TK-501376,Storage,P3,Storage-Support,Neutral,0
TK-501377,Software,P3,Software-Support,Frustrated,0
TK-501378,Storage,P2,Storage-Support,Frustrated,0
TK-501379,Security,P4,Security-Ops,Frustrated,0
TK-501380,Networking,P2,Network-Support,Frustrated,0
TK-501381,Networking,P4,Network-Support,Frustrated,0
TK-501382,,P1,,Neutral,1
TK-501383,Networking,P3,Network-Support,Frustrated,0
TK-501384,Firmware,P2,Server-HW,Neutral,0
TK-501385,Software,P3,Software-Support,Frustrated,0
TK-501386,Software,P3,Software-Support,Angry,0
TK-501387,,P2,,Frustrated,1
TK-501388,Networking,P2,Network-Support,Angry,0
TK-501389,Storage,P3,Storage-Support,Positive,0
TK-501390,Networking,P2,Network-Support,Frustrated,0
TK-501391,Security,P2,Security-Ops,Frustrated,0
TK-501392,,P2,,Angry,1
TK-501393,Firmware,P2,Network-Support,Neutral,0
TK-501394,Networking,P2,Network-Support,Frustrated,0
TK-501395,Hardware,P2,Server-HW,Frustrated,0
TK-501396,Hardware,P3,Server-HW,Neutral,0
TK-501397,,P2,,Frustrated,1
TK-501398,,P4,,Neutral,1
TK-501399,Access,P2,Account-Admin,Neutral,0
TK-501400,,P4,,Neutral,1
TK-501401,Firmware,P2,Network-Support,Angry,0
TK-501402,Billing,P4,Billing-Ops,Neutral,0
TK-501403,Storage,P2,Storage-Support,Positive,0
TK-501404,Hardware,P2,Server-HW,Angry,0
TK-501405,Firmware,P2,Server-HW,Neutral,0
TK-501406,Software,P4,Software-Support,Neutral,0
TK-501407,Hardware,P1,Server-HW,Positive,0
TK-501408,Hardware,P3,Server-HW,Neutral,0
TK-501409,Storage,P2,Server-HW,Neutral,0
TK-501410,,P4,,Neutral,1
TK-501411,Access,P3,Account-Admin,Frustrated,0
TK-501412,Security,P4,Security-Ops,Neutral,0
TK-501413,Networking,P3,Network-Support,Positive,0
TK-501414,Access,P3,Account-Admin,Neutral,0
TK-501415,Hardware,P4,Server-HW,Neutral,0
TK-501416,Storage,P4,Storage-Support,Neutral,0
TK-501417,Storage,P3,Server-HW,Neutral,0
TK-501418,Billing,P4,Billing-Ops,Neutral,0
TK-501419,Access,P3,Account-Admin,Frustrated,0
TK-501420,Hardware,P2,Server-HW,Frustrated,0
TK-501421,,P1,,Neutral,1
TK-501422,Software,P4,Software-Support,Positive,0
TK-501423,Networking,P4,Network-Support,Positive,0
TK-501424,Hardware,P2,Storage-Support,Angry,0
TK-501425,Hardware,P3,Server-HW,Angry,0
TK-501426,,P4,,Frustrated,1
TK-501427,Hardware,P2,Server-HW,Frustrated,0
TK-501428,Networking,P4,Network-Support,Positive,0
TK-501429,Firmware,P3,Server-HW,Frustrated,0
TK-501430,Firmware,P4,Server-HW,Positive,0
TK-501431,Security,P3,Security-Ops,Neutral,0
TK-501432,Storage,P4,Storage-Support,Frustrated,0
TK-501433,Networking,P3,Network-Support,Neutral,0
TK-501434,Networking,P4,Network-Support,Positive,0
TK-501435,Software,P3,Software-Support,Neutral,0
TK-501436,Billing,P3,Billing-Ops,Neutral,0
TK-501437,Access,P3,Account-Admin,Angry,0
TK-501438,Hardware,P4,Server-HW,Neutral,0
TK-501439,Storage,P4,Storage-Support,Neutral,0
TK-501440,Hardware,P2,Storage-Support,Angry,0
TK-501441,Firmware,P3,Network-Support,Neutral,0
TK-501442,Hardware,P3,Server-HW,Neutral,0
TK-501443,Billing,P3,Billing-Ops,Neutral,0
TK-501444,Firmware,P2,Server-HW,Neutral,0
TK-501445,,P2,,Frustrated,1
TK-501446,Hardware,P2,Server-HW,Frustrated,0
TK-501447,Hardware,P4,Server-HW,Neutral,0
TK-501448,Firmware,P4,Network-Support,Neutral,0
TK-501449,Security,P3,Security-Ops,Positive,0
TK-501450,Software,P3,Software-Support,Neutral,0
TK-501451,Hardware,P2,Storage-Support,Neutral,0
TK-501452,Hardware,P1,Server-HW,Frustrated,0
TK-501453,Software,P2,Software-Support,Neutral,0
TK-501454,Storage,P2,Server-HW,Frustrated,0
TK-501455,,P3,,Frustrated,1
TK-501456,Security,P4,Security-Ops,Neutral,0
TK-501457,Firmware,P2,Storage-Support,Neutral,0
TK-501458,Firmware,P2,Server-HW,Frustrated,0
TK-501459,Storage,P2,Storage-Support,Angry,0
TK-501460,Storage,P4,Storage-Support,Frustrated,0
TK-501461,Software,P2,Software-Support,Angry,0
TK-501462,Firmware,P1,Server-HW,Frustrated,0
TK-501463,Hardware,P2,Server-HW,Angry,0
TK-501464,Billing,P4,Billing-Ops,Frustrated,0
TK-501465,,P3,,Neutral,1
TK-501466,Hardware,P2,Server-HW,Frustrated,0
TK-501467,Networking,P2,Network-Support,Neutral,0
TK-501468,Storage,P3,Storage-Support,Frustrated,0
TK-501469,Firmware,P3,Storage-Support,Frustrated,0
TK-501470,Billing,P3,Billing-Ops,Neutral,0
TK-501471,Security,P2,Security-Ops,Frustrated,0
TK-501472,Hardware,P2,Server-HW,Angry,0
TK-501473,Billing,P2,Billing-Ops,Neutral,0
TK-501474,Software,P3,Software-Support,Frustrated,0
TK-501475,Hardware,P2,Server-HW,Positive,0
TK-501476,,P3,,Neutral,1
TK-501477,Billing,P3,Billing-Ops,Frustrated,0
TK-501478,Firmware,P2,Server-HW,Neutral,0
TK-501479,Firmware,P2,Server-HW,Frustrated,0
TK-501480,,P3,,Frustrated,1
TK-501481,Security,P2,Security-Ops,Angry,0
TK-501482,Storage,P2,Storage-Support,Neutral,0
TK-501483,Access,P4,Account-Admin,Frustrated,0
TK-501484,Billing,P4,Billing-Ops,Positive,0
TK-501485,Firmware,P2,Server-HW,Neutral,0
TK-501486,Networking,P4,Network-Support,Neutral,0
TK-501487,Firmware,P2,Network-Support,Frustrated,0
TK-501488,Firmware,P3,Network-Support,Positive,0
TK-501489,Hardware,P3,Server-HW,Frustrated,0
TK-501490,Firmware,P3,Server-HW,Neutral,0
TK-501491,Firmware,P3,Server-HW,Frustrated,0
TK-501492,Software,P4,Software-Support,Neutral,0
TK-501493,,P4,,Positive,1
TK-501494,Networking,P3,Network-Support,Neutral,0
TK-501495,Software,P3,Software-Support,Positive,0
TK-501496,Hardware,P3,Server-HW,Angry,0
TK-501497,Access,P3,Account-Admin,Neutral,0
TK-501498,Networking,P3,Network-Support,Neutral,0
TK-501499,Software,P3,Software-Support,Frustrated,0
TK-501500,Security,P4,Security-Ops,Neutral,0
TK-501501,Access,P2,Account-Admin,Angry,0
TK-501502,Hardware,P4,Server-HW,Positive,0
TK-501503,Billing,P3,Account-Admin,Neutral,0
TK-501504,Software,P4,Software-Support,Neutral,0
TK-501505,Billing,P4,Billing-Ops,Frustrated,0
TK-501506,Networking,P3,Network-Support,Neutral,0
TK-501507,Access,P2,Account-Admin,Frustrated,0
TK-501508,Firmware,P4,Server-HW,Positive,0
TK-501509,Access,P4,Account-Admin,Frustrated,0
TK-501510,Storage,P2,Storage-Support,Frustrated,0
TK-501511,Hardware,P3,Server-HW,Positive,0
TK-501512,Firmware,P2,Network-Support,Frustrated,0
TK-501513,Software,P3,Software-Support,Neutral,0
TK-501514,Software,P3,Software-Support,Frustrated,0
TK-501515,Firmware,P4,Server-HW,Positive,0
TK-501516,Billing,P4,Billing-Ops,Positive,0
TK-501517,Security,P3,Security-Ops,Frustrated,0
TK-501518,Networking,P1,Network-Support,Angry,0
TK-501519,Networking,P2,Network-Support,Frustrated,0
TK-501520,Networking,P3,Network-Support,Neutral,0
TK-501521,Billing,P4,Billing-Ops,Neutral,0
TK-501522,Software,P3,Software-Support,Angry,0
TK-501523,Billing,P3,Billing-Ops,Positive,0
TK-501524,Software,P2,Software-Support,Frustrated,0
TK-501525,Hardware,P2,Server-HW,Positive,0
TK-501526,Hardware,P3,Server-HW,Frustrated,0
TK-501527,Networking,P3,Network-Support,Neutral,0
TK-501528,Access,P4,Account-Admin,Neutral,0
TK-501529,Hardware,P1,Server-HW,Angry,0
TK-501530,Software,P4,Software-Support,Neutral,0
TK-501531,Storage,P3,Server-HW,Angry,0
TK-501532,Storage,P2,Storage-Support,Neutral,0
TK-501533,,P3,,Frustrated,1
TK-501534,Billing,P3,Billing-Ops,Neutral,0
TK-501535,Hardware,P4,Server-HW,Positive,0
TK-501536,Storage,P4,Storage-Support,Neutral,0
TK-501537,Storage,P2,Storage-Support,Neutral,0
TK-501538,Storage,P2,Server-HW,Neutral,0
TK-501539,Firmware,P2,Server-HW,Frustrated,0
TK-501540,Storage,P2,Storage-Support,Frustrated,0
TK-501541,Storage,P2,Storage-Support,Angry,0
TK-501542,Access,P4,Account-Admin,Neutral,0
TK-501543,Networking,P3,Network-Support,Neutral,0
TK-501544,Security,P2,Security-Ops,Frustrated,0
TK-501545,Networking,P2,Network-Support,Frustrated,0
TK-501546,Firmware,P3,Storage-Support,Frustrated,0
TK-501547,Networking,P3,Network-Support,Frustrated,0
TK-501548,Networking,P3,Network-Support,Neutral,0
TK-501549,Software,P4,Software-Support,Frustrated,0
TK-501550,Networking,P2,Network-Support,Angry,0
TK-501551,Firmware,P4,Server-HW,Positive,0
TK-501552,Billing,P4,Billing-Ops,Neutral,0
TK-501553,Access,P4,Account-Admin,Neutral,0
TK-501554,Security,P2,Security-Ops,Angry,0
TK-501555,Security,P2,Security-Ops,Neutral,0
TK-501556,Hardware,P4,Server-HW,Neutral,0
TK-501557,Hardware,P1,Server-HW,Frustrated,0
TK-501558,Access,P2,Account-Admin,Angry,0
TK-501559,Hardware,P4,Server-HW,Positive,0
TK-501560,Networking,P2,Network-Support,Neutral,0
TK-501561,,P2,,Angry,1
TK-501562,,P2,,Neutral,1
TK-501563,Access,P3,Account-Admin,Neutral,0
TK-501564,,P3,,Frustrated,1
TK-501565,Networking,P3,Network-Support,Neutral,0
TK-501566,Hardware,P1,Server-HW,Frustrated,0
TK-501567,,P2,,Angry,1
TK-501568,Networking,P3,Network-Support,Neutral,0
TK-501569,Storage,P2,Storage-Support,Frustrated,0
TK-501570,Firmware,P2,Network-Support,Neutral,0
TK-501571,,P2,,Neutral,1
TK-501572,Hardware,P2,Server-HW,Angry,0
TK-501573,Hardware,P2,Server-HW,Neutral,0
TK-501574,,P2,,Neutral,1
TK-501575,,P2,,Neutral,1
TK-501576,,P3,,Neutral,1
TK-501577,Networking,P3,Network-Support,Frustrated,0
TK-501578,Storage,P1,Storage-Support,Frustrated,0
TK-501579,Billing,P4,Billing-Ops,Positive,0
TK-501580,,P4,,Neutral,1
TK-501581,,P2,,Neutral,1
TK-501582,Storage,P1,Storage-Support,Angry,0
TK-501583,Networking,P2,Network-Support,Frustrated,0
TK-501584,Access,P4,Account-Admin,Neutral,0
TK-501585,Access,P4,Account-Admin,Neutral,0
TK-501586,,P4,,Positive,1
TK-501587,Billing,P4,Billing-Ops,Neutral,0
TK-501588,,P2,,Frustrated,1
TK-501589,,P3,,Frustrated,1
TK-501590,,P4,,Positive,1
TK-501591,,P2,,Angry,1
TK-501592,Networking,P4,Network-Support,Neutral,0
TK-501593,,P3,,Angry,1
TK-501594,Firmware,P4,Server-HW,Neutral,0
TK-501595,Software,P3,Software-Support,Angry,0
TK-501596,Hardware,P3,Server-HW,Neutral,0
TK-501597,Hardware,P2,Server-HW,Frustrated,0
TK-501598,Access,P4,Account-Admin,Neutral,0
TK-501599,Storage,P2,Server-HW,Angry,0
TK-501600,,P2,,Positive,1
TK-501601,Hardware,P1,Server-HW,Angry,0
TK-501602,,P4,,Neutral,1
TK-501603,Firmware,P1,Storage-Support,Neutral,0
TK-501604,Software,P2,Software-Support,Frustrated,0
TK-501605,Networking,P3,Network-Support,Neutral,0
TK-501606,Hardware,P3,Server-HW,Neutral,0
TK-501607,,P4,,Positive,1
TK-501608,Hardware,P1,Server-HW,Neutral,0
TK-501609,Firmware,P2,Server-HW,Neutral,0
TK-501610,,P3,,Frustrated,1
TK-501611,Software,P4,Software-Support,Neutral,0
TK-501612,Hardware,P2,Server-HW,Neutral,0
TK-501613,Software,P2,Software-Support,Neutral,0
TK-501614,Storage,P2,Server-HW,Angry,0
TK-501615,Billing,P3,Billing-Ops,Positive,0
TK-501616,Networking,P4,Network-Support,Neutral,0
TK-501617,Hardware,P2,Server-HW,Frustrated,0
TK-501618,Hardware,P3,Server-HW,Neutral,0
TK-501619,Networking,P4,Network-Support,Positive,0
TK-501620,Firmware,P3,Server-HW,Frustrated,0
TK-501621,Storage,P2,Storage-Support,Neutral,0
TK-501622,Software,P4,Software-Support,Neutral,0
TK-501623,Billing,P4,Billing-Ops,Positive,0
TK-501624,Firmware,P1,Network-Support,Frustrated,0
TK-501625,Storage,P3,Storage-Support,Neutral,0
TK-501626,,P4,,Frustrated,1
TK-501627,,P2,,Neutral,1
TK-501628,Software,P4,Software-Support,Neutral,0
TK-501629,Software,P4,Software-Support,Positive,0
TK-501630,Access,P4,Account-Admin,Neutral,0
TK-501631,Firmware,P3,Storage-Support,Neutral,0
TK-501632,,P3,,Neutral,1
TK-501633,Software,P3,Software-Support,Neutral,0
TK-501634,Software,P4,Software-Support,Positive,0
TK-501635,,P3,,Neutral,1
TK-501636,Networking,P2,Network-Support,Neutral,0
TK-501637,,P3,,Neutral,1
TK-501638,Security,P4,Security-Ops,Neutral,0
TK-501639,,P3,,Neutral,1
TK-501640,Firmware,P2,Server-HW,Neutral,0
TK-501641,Billing,P4,Billing-Ops,Neutral,0
TK-501642,,P2,,Frustrated,1
TK-501643,Storage,P4,Server-HW,Frustrated,0
TK-501644,,P3,,Frustrated,1
TK-501645,Hardware,P4,Server-HW,Positive,0
TK-501646,,P2,,Frustrated,1
TK-501647,Security,P4,Security-Ops,Neutral,0
TK-501648,Firmware,P4,Network-Support,Angry,0
TK-501649,Networking,P2,Network-Support,Angry,0
TK-501650,,P2,,Neutral,1
TK-501651,Networking,P2,Network-Support,Angry,0
TK-501652,Networking,P2,Network-Support,Frustrated,0
TK-501653,Storage,P3,Storage-Support,Neutral,0
TK-501654,Storage,P2,Storage-Support,Neutral,0
TK-501655,Access,P2,Account-Admin,Neutral,0
TK-501656,Firmware,P4,Server-HW,Angry,0
TK-501657,Networking,P3,Network-Support,Neutral,0
TK-501658,,P3,,Angry,1
TK-501659,Security,P4,Security-Ops,Frustrated,0
TK-501660,Access,P4,Account-Admin,Angry,0
TK-501661,Access,P3,Account-Admin,Neutral,0
TK-501662,Storage,P3,Storage-Support,Neutral,0
TK-501663,,P4,,Neutral,1
TK-501664,Billing,P3,Billing-Ops,Frustrated,0
TK-501665,Billing,P3,Billing-Ops,Positive,0
TK-501666,Networking,P3,Network-Support,Positive,0
TK-501667,,P3,,Angry,1
TK-501668,Networking,P3,Network-Support,Positive,0
TK-501669,Hardware,P2,Server-HW,Neutral,0
TK-501670,Billing,P4,Billing-Ops,Neutral,0
TK-501671,Software,P2,Software-Support,Neutral,0
TK-501672,,P4,,Positive,1
TK-501673,Hardware,P4,Server-HW,Positive,0
TK-501674,Firmware,P2,Server-HW,Neutral,0
TK-501675,Security,P4,Security-Ops,Neutral,0
TK-501676,Hardware,P3,Server-HW,Neutral,0
TK-501677,Hardware,P2,Server-HW,Neutral,0
TK-501678,Firmware,P4,Server-HW,Neutral,0
TK-501679,Billing,P4,Billing-Ops,Positive,0
TK-501680,Firmware,P2,Server-HW,Neutral,0
TK-501681,Firmware,P3,Storage-Support,Neutral,0
TK-501682,Hardware,P2,Server-HW,Angry,0
TK-501683,Networking,P2,Network-Support,Positive,0
TK-501684,Hardware,P1,Server-HW,Angry,0
TK-501685,Software,P2,Software-Support,Angry,0
TK-501686,Security,P4,Security-Ops,Neutral,0
TK-501687,Storage,P2,Storage-Support,Frustrated,0
TK-501688,Billing,P4,Billing-Ops,Neutral,0
TK-501689,Security,P4,Security-Ops,Positive,0
TK-501690,Storage,P4,Storage-Support,Neutral,0
TK-501691,Storage,P1,Storage-Support,Neutral,0
TK-501692,Access,P4,Account-Admin,Frustrated,0
TK-501693,Hardware,P2,Server-HW,Frustrated,0
TK-501694,Software,P2,Software-Support,Neutral,0
TK-501695,Firmware,P2,Server-HW,Neutral,0
TK-501696,Software,P4,Software-Support,Neutral,0
TK-501697,Security,P4,Security-Ops,Neutral,0
TK-501698,Firmware,P2,Server-HW,Frustrated,0
TK-501699,Hardware,P2,Server-HW,Angry,0
TK-501700,Hardware,P4,Server-HW,Neutral,0
TK-501701,Access,P4,Account-Admin,Neutral,0
TK-501702,Hardware,P3,Server-HW,Neutral,0
TK-501703,Hardware,P1,Server-HW,Angry,0
TK-501704,Networking,P2,Network-Support,Neutral,0
TK-501705,Software,P3,Software-Support,Neutral,0
TK-501706,Access,P2,Account-Admin,Neutral,0
TK-501707,,P3,,Angry,1
TK-501708,Storage,P4,Storage-Support,Neutral,0
TK-501709,,P2,,Angry,1
TK-501710,,P1,,Neutral,1
TK-501711,Access,P3,Account-Admin,Frustrated,0
TK-501712,,P4,,Neutral,1
TK-501713,Networking,P2,Network-Support,Angry,0
TK-501714,,P3,,Neutral,1
TK-501715,Networking,P1,Network-Support,Positive,0
TK-501716,Hardware,P2,Server-HW,Neutral,0
TK-501717,Access,P3,Account-Admin,Positive,0
TK-501718,Billing,P4,Billing-Ops,Neutral,0
TK-501719,Security,P3,Security-Ops,Positive,0
TK-501720,Software,P3,Software-Support,Frustrated,0
TK-501721,Access,P2,Account-Admin,Frustrated,0
TK-501722,,P3,,Neutral,1
TK-501723,Networking,P3,Network-Support,Angry,0
TK-501724,Access,P2,Account-Admin,Frustrated,0
TK-501725,Storage,P1,Storage-Support,Angry,0
TK-501726,Access,P3,Account-Admin,Neutral,0
TK-501727,Access,P4,Account-Admin,Neutral,0
TK-501728,Software,P4,Software-Support,Neutral,0
TK-501729,Storage,P2,Server-HW,Neutral,0
TK-501730,Networking,P4,Network-Support,Positive,0
TK-501731,Hardware,P2,Server-HW,Angry,0
TK-501732,Access,P4,Account-Admin,Neutral,0
TK-501733,Hardware,P2,Server-HW,Frustrated,0
TK-501734,Software,P3,Software-Support,Neutral,0
TK-501735,Software,P3,Software-Support,Neutral,0
TK-501736,Software,P3,Software-Support,Frustrated,0
TK-501737,Software,P3,Software-Support,Neutral,0
TK-501738,,P2,,Neutral,1
TK-501739,,P2,,Neutral,1
TK-501740,Firmware,P1,Network-Support,Angry,0
TK-501741,Billing,P4,Billing-Ops,Neutral,0
TK-501742,Storage,P3,Storage-Support,Neutral,0
TK-501743,Access,P2,Account-Admin,Neutral,0
TK-501744,Hardware,P2,Server-HW,Frustrated,0
TK-501745,Firmware,P3,Storage-Support,Frustrated,0
TK-501746,Billing,P4,Billing-Ops,Neutral,0
TK-501747,Networking,P2,Network-Support,Neutral,0
TK-501748,Networking,P3,Network-Support,Neutral,0
TK-501749,Software,P4,Software-Support,Neutral,0
TK-501750,Hardware,P2,Server-HW,Neutral,0
TK-501751,Storage,P4,Storage-Support,Positive,0
TK-501752,Software,P3,Software-Support,Neutral,0
TK-501753,Software,P3,Software-Support,Neutral,0
TK-501754,Hardware,P2,Server-HW,Frustrated,0
TK-501755,Access,P2,Account-Admin,Neutral,0
TK-501756,Storage,P2,Storage-Support,Frustrated,0
TK-501757,Hardware,P2,Server-HW,Neutral,0
TK-501758,Networking,P3,Network-Support,Neutral,0
TK-501759,Access,P4,Account-Admin,Positive,0
TK-501760,Access,P2,Account-Admin,Neutral,0
TK-501761,Hardware,P2,Server-HW,Neutral,0
TK-501762,Networking,P1,Network-Support,Neutral,0
TK-501763,Storage,P3,Storage-Support,Positive,0
TK-501764,Storage,P1,Server-HW,Frustrated,0
TK-501765,Networking,P2,Network-Support,Frustrated,0
TK-501766,Networking,P2,Network-Support,Neutral,0
TK-501767,Networking,P2,Network-Support,Positive,0
TK-501768,Billing,P4,Billing-Ops,Angry,0
TK-501769,,P4,,Neutral,1
TK-501770,Security,P2,Security-Ops,Frustrated,0
TK-501771,Security,P3,Security-Ops,Neutral,0
TK-501772,Hardware,P2,Server-HW,Angry,0
TK-501773,Access,P3,Account-Admin,Frustrated,0
TK-501774,Hardware,P1,Server-HW,Neutral,0
TK-501775,,P1,,Angry,1
TK-501776,Software,P2,Software-Support,Frustrated,0
TK-501777,Software,P1,Software-Support,Neutral,0
TK-501778,Billing,P4,Billing-Ops,Neutral,0
TK-501779,Firmware,P2,Server-HW,Neutral,0
TK-501780,Networking,P4,Network-Support,Neutral,0
TK-501781,Storage,P3,Storage-Support,Frustrated,0
TK-501782,,P2,,Neutral,1
TK-501783,Security,P2,Security-Ops,Angry,0
TK-501784,Firmware,P3,Server-HW,Positive,0
TK-501785,Access,P4,Account-Admin,Frustrated,0
TK-501786,Storage,P3,Server-HW,Frustrated,0
TK-501787,Firmware,P2,Server-HW,Angry,0
TK-501788,,P3,,Neutral,1
TK-501789,Access,P4,Account-Admin,Neutral,0
TK-501790,Billing,P4,Billing-Ops,Neutral,0
TK-501791,Billing,P4,Billing-Ops,Neutral,0
TK-501792,Security,P3,Security-Ops,Positive,0
TK-501793,Hardware,P2,Server-HW,Neutral,0
TK-501794,Access,P4,Account-Admin,Neutral,0
TK-501795,Storage,P1,Server-HW,Angry,0
TK-501796,Access,P2,Account-Admin,Neutral,0
TK-501797,Hardware,P2,Server-HW,Angry,0
TK-501798,Software,P3,Software-Support,Neutral,0
TK-501799,Storage,P3,Storage-Support,Neutral,0
TK-501800,Security,P2,Security-Ops,Angry,0
TK-501801,Networking,P2,Network-Support,Angry,0
TK-501802,,P4,,Neutral,1
TK-501803,Software,P4,Software-Support,Neutral,0
TK-501804,Software,P2,Software-Support,Frustrated,0
TK-501805,Networking,P2,Network-Support,Angry,0
TK-501806,,P2,,Frustrated,1
TK-501807,Billing,P3,Billing-Ops,Neutral,0
TK-501808,Access,P2,Account-Admin,Frustrated,0
TK-501809,Hardware,P2,Server-HW,Angry,0
TK-501810,Networking,P2,Network-Support,Neutral,0
TK-501811,Security,P3,Security-Ops,Neutral,0
TK-501812,Access,P4,Account-Admin,Neutral,0
TK-501813,Access,P3,Account-Admin,Angry,0
TK-501814,Firmware,P2,Server-HW,Neutral,0
TK-501815,Storage,P2,Server-HW,Frustrated,0
TK-501816,Networking,P2,Network-Support,Frustrated,0
TK-501817,Networking,P2,Network-Support,Neutral,0
TK-501818,Storage,P2,Server-HW,Angry,0
TK-501819,Hardware,P4,Server-HW,Neutral,0
TK-501820,Storage,P2,Storage-Support,Neutral,0
TK-501821,Networking,P3,Network-Support,Neutral,0
TK-501822,Hardware,P4,Server-HW,Positive,0
TK-501823,Access,P2,Account-Admin,Frustrated,0
TK-501824,Networking,P3,Network-Support,Frustrated,0
TK-501825,Networking,P1,Network-Support,Angry,0
TK-501826,Hardware,P2,Server-HW,Frustrated,0
TK-501827,,P3,,Neutral,1
TK-501828,Security,P1,Security-Ops,Angry,0
TK-501829,,P3,,Neutral,1
TK-501830,Networking,P1,Network-Support,Neutral,0
TK-501831,,P3,,Neutral,1
TK-501832,Hardware,P3,Server-HW,Neutral,0
TK-501833,Hardware,P3,Server-HW,Neutral,0
TK-501834,Software,P2,Software-Support,Neutral,0
TK-501835,Software,P4,Software-Support,Neutral,0
TK-501836,,P4,,Neutral,1
TK-501837,Hardware,P2,Server-HW,Frustrated,0
TK-501838,Billing,P4,Billing-Ops,Neutral,0
TK-501839,Storage,P4,Storage-Support,Positive,0
TK-501840,Networking,P3,Network-Support,Angry,0
TK-501841,Access,P4,Account-Admin,Positive,0
TK-501842,Access,P3,Account-Admin,Frustrated,0
TK-501843,Access,P4,Account-Admin,Frustrated,0
TK-501844,Hardware,P2,Server-HW,Frustrated,0
TK-501845,Access,P1,Account-Admin,Neutral,0
TK-501846,Billing,P4,Billing-Ops,Neutral,0
TK-501847,Software,P2,Software-Support,Neutral,0
TK-501848,,P2,,Frustrated,1
TK-501849,Access,P3,Account-Admin,Neutral,0
TK-501850,Firmware,P2,Server-HW,Neutral,0
TK-501851,Access,P3,Account-Admin,Neutral,0
TK-501852,Security,P4,Security-Ops,Positive,0
TK-501853,Storage,P4,Storage-Support,Neutral,0
TK-501854,Storage,P2,Storage-Support,Angry,0
TK-501855,Networking,P2,Network-Support,Frustrated,0
TK-501856,Security,P2,Security-Ops,Angry,0
TK-501857,Access,P3,Account-Admin,Frustrated,0
TK-501858,,P4,,Neutral,1
TK-501859,Billing,P4,Billing-Ops,Neutral,0
TK-501860,Storage,P1,Storage-Support,Neutral,0
TK-501861,Billing,P3,Billing-Ops,Positive,0
TK-501862,Firmware,P4,Server-HW,Neutral,0
TK-501863,Billing,P4,Billing-Ops,Neutral,0
TK-501864,Billing,P4,Billing-Ops,Neutral,0
TK-501865,Billing,P3,Billing-Ops,Neutral,0
TK-501866,Access,P4,Account-Admin,Positive,0
TK-501867,Networking,P3,Network-Support,Neutral,0
TK-501868,Software,P3,Software-Support,Neutral,0
TK-501869,Software,P4,Software-Support,Positive,0
TK-501870,Networking,P2,Network-Support,Neutral,0
TK-501871,Billing,P4,Billing-Ops,Positive,0
TK-501872,Billing,P3,Billing-Ops,Positive,0
TK-501873,Firmware,P3,Network-Support,Frustrated,0
TK-501874,Software,P4,Software-Support,Neutral,0
TK-501875,Software,P3,Software-Support,Frustrated,0
TK-501876,,P1,,Angry,1
TK-501877,,P4,,Neutral,1
TK-501878,Networking,P4,Network-Support,Positive,0
TK-501879,Access,P2,Account-Admin,Neutral,0
TK-501880,Security,P3,Security-Ops,Neutral,0
TK-501881,Storage,P3,Storage-Support,Neutral,0
TK-501882,,P4,,Neutral,1
TK-501883,Firmware,P3,Network-Support,Positive,0
TK-501884,Access,P4,Account-Admin,Neutral,0
TK-501885,Hardware,P2,Storage-Support,Neutral,0
TK-501886,,P2,,Positive,1
TK-501887,Security,P4,Security-Ops,Positive,0
TK-501888,Firmware,P3,Server-HW,Neutral,0
TK-501889,,P4,,Positive,1
TK-501890,Hardware,P2,Server-HW,Neutral,0
TK-501891,Billing,P4,Billing-Ops,Neutral,0
TK-501892,Networking,P3,Network-Support,Neutral,0
TK-501893,Firmware,P3,Server-HW,Neutral,0
TK-501894,,P3,,Neutral,1
TK-501895,Billing,P4,Billing-Ops,Positive,0
TK-501896,Hardware,P4,Server-HW,Neutral,0
TK-501897,Networking,P3,Network-Support,Neutral,0
TK-501898,Networking,P2,Network-Support,Neutral,0
TK-501899,Access,P3,Account-Admin,Neutral,0
TK-501900,Billing,P3,Billing-Ops,Neutral,0
TK-501901,Software,P4,Software-Support,Neutral,0
TK-501902,Billing,P3,Billing-Ops,Neutral,0
TK-501903,Storage,P4,Storage-Support,Neutral,0
TK-501904,,P1,,Frustrated,1
TK-501905,Firmware,P3,Storage-Support,Neutral,0
TK-501906,Hardware,P3,Server-HW,Neutral,0
TK-501907,,P4,,Neutral,1
TK-501908,Networking,P3,Network-Support,Neutral,0
TK-501909,,P2,,Frustrated,1
TK-501910,,P3,,Neutral,1
TK-501911,Security,P4,Account-Admin,Neutral,0
TK-501912,Hardware,P1,Server-HW,Neutral,0
TK-501913,Networking,P2,Network-Support,Neutral,0
TK-501914,Storage,P2,Storage-Support,Neutral,0
TK-501915,Access,P2,Account-Admin,Frustrated,0
TK-501916,Hardware,P3,Server-HW,Frustrated,0
TK-501917,Security,P3,Account-Admin,Neutral,0
TK-501918,Software,P3,Software-Support,Frustrated,0
TK-501919,Access,P4,Account-Admin,Neutral,0
TK-501920,Billing,P3,Billing-Ops,Frustrated,0
TK-501921,Networking,P3,Network-Support,Angry,0
TK-501922,Billing,P3,Billing-Ops,Neutral,0
TK-501923,Access,P2,Account-Admin,Neutral,0
TK-501924,Security,P2,Security-Ops,Neutral,0
TK-501925,,P2,,Neutral,1
TK-501926,Firmware,P4,Server-HW,Neutral,0
TK-501927,Security,P4,Security-Ops,Neutral,0
TK-501928,Access,P2,Account-Admin,Neutral,0
TK-501929,Firmware,P4,Network-Support,Frustrated,0
TK-501930,Access,P3,Account-Admin,Neutral,0
TK-501931,Networking,P2,Network-Support,Neutral,0
TK-501932,Software,P3,Software-Support,Neutral,0
TK-501933,Networking,P2,Network-Support,Angry,0
TK-501934,Security,P3,Security-Ops,Neutral,0
TK-501935,Firmware,P4,Server-HW,Neutral,0
TK-501936,,P1,,Neutral,1
TK-501937,,P2,,Neutral,1
TK-501938,Billing,P4,Billing-Ops,Neutral,0
TK-501939,Hardware,P2,Server-HW,Neutral,0
TK-501940,Hardware,P1,Storage-Support,Frustrated,0
TK-501941,Firmware,P2,Server-HW,Frustrated,0
TK-501942,,P2,,Neutral,1
TK-501943,Storage,P3,Storage-Support,Positive,0
TK-501944,Software,P2,Software-Support,Neutral,0
TK-501945,Networking,P2,Network-Support,Neutral,0
TK-501946,Hardware,P4,Server-HW,Positive,0
TK-501947,,P1,,Angry,1
TK-501948,Access,P4,Account-Admin,Positive,0
TK-501949,Networking,P1,Network-Support,Frustrated,0
TK-501950,Networking,P2,Network-Support,Frustrated,0
TK-501951,Security,P1,Security-Ops,Neutral,0
TK-501952,,P3,,Neutral,1
TK-501953,Networking,P2,Network-Support,Neutral,0
TK-501954,Billing,P4,Billing-Ops,Positive,0
TK-501955,Access,P3,Account-Admin,Neutral,0
TK-501956,Storage,P3,Storage-Support,Positive,0
TK-501957,Access,P4,Account-Admin,Neutral,0
TK-501958,Billing,P4,Billing-Ops,Neutral,0
TK-501959,,P2,,Frustrated,1
TK-501960,Billing,P4,Billing-Ops,Neutral,0
TK-501961,Access,P3,Account-Admin,Neutral,0
TK-501962,,P4,,Angry,1
TK-501963,Access,P3,Account-Admin,Neutral,0
TK-501964,Access,P3,Account-Admin,Frustrated,0
TK-501965,Hardware,P4,Server-HW,Neutral,0
TK-501966,,P4,,Neutral,1
TK-501967,,P3,,Neutral,1
TK-501968,Firmware,P2,Server-HW,Angry,0
TK-501969,Hardware,P3,Server-HW,Frustrated,0
TK-501970,Security,P3,Security-Ops,Neutral,0
TK-501971,Networking,P4,Network-Support,Neutral,0
TK-501972,Firmware,P2,Storage-Support,Angry,0
TK-501973,Software,P3,Software-Support,Positive,0
TK-501974,Access,P4,Account-Admin,Neutral,0
TK-501975,Storage,P2,Storage-Support,Angry,0
TK-501976,Software,P4,Software-Support,Neutral,0
TK-501977,Billing,P2,Billing-Ops,Neutral,0
TK-501978,,P3,,Neutral,1
TK-501979,Hardware,P4,Server-HW,Neutral,0
TK-501980,Networking,P3,Network-Support,Frustrated,0
TK-501981,Hardware,P4,Server-HW,Neutral,0
TK-501982,,P1,,Angry,1
TK-501983,Firmware,P3,Server-HW,Frustrated,0
TK-501984,Hardware,P2,Server-HW,Frustrated,0
TK-501985,Networking,P3,Network-Support,Neutral,0
TK-501986,Networking,P2,Network-Support,Neutral,0
TK-501987,Access,P3,Account-Admin,Neutral,0
TK-501988,Access,P4,Account-Admin,Neutral,0
TK-501989,Access,P2,Account-Admin,Neutral,0
TK-501990,Storage,P4,Storage-Support,Positive,0
TK-501991,Billing,P4,Billing-Ops,Neutral,0
TK-501992,Hardware,P2,Server-HW,Frustrated,0
TK-501993,Access,P3,Account-Admin,Neutral,0
TK-501994,Networking,P3,Network-Support,Neutral,0
TK-501995,Billing,P3,Billing-Ops,Angry,0
TK-501996,Access,P3,Account-Admin,Neutral,0
TK-501997,Hardware,P3,Server-HW,Neutral,0
TK-501998,Storage,P1,Storage-Support,Frustrated,0
TK-501999,Networking,P3,Network-Support,Neutral,0
TK-502000,Access,P2,Account-Admin,Positive,0
TK-502001,Software,P4,Software-Support,Positive,0
TK-502002,Storage,P3,Storage-Support,Frustrated,0
TK-502003,Software,P2,Software-Support,Neutral,0
TK-502004,,P2,,Neutral,1
TK-502005,Billing,P3,Billing-Ops,Neutral,0
TK-502006,Hardware,P1,Server-HW,Neutral,0
TK-502007,Access,P2,Account-Admin,Frustrated,0
TK-502008,Access,P2,Account-Admin,Frustrated,0
TK-502009,Firmware,P3,Network-Support,Angry,0
TK-502010,Networking,P2,Network-Support,Neutral,0
TK-502011,Access,P1,Account-Admin,Frustrated,0
TK-502012,Hardware,P4,Server-HW,Neutral,0
TK-502013,Networking,P2,Network-Support,Angry,0
TK-502014,Security,P3,Security-Ops,Frustrated,0
TK-502015,Security,P3,Security-Ops,Neutral,0
TK-502016,,P3,,Neutral,1
TK-502017,Hardware,P4,Server-HW,Positive,0
TK-502018,Storage,P2,Storage-Support,Neutral,0
TK-502019,Billing,P3,Billing-Ops,Positive,0
TK-502020,Access,P4,Account-Admin,Neutral,0
TK-502021,Storage,P2,Storage-Support,Frustrated,0
TK-502022,Software,P4,Software-Support,Positive,0
TK-502023,Hardware,P3,Server-HW,Frustrated,0
TK-502024,Storage,P3,Server-HW,Neutral,0
TK-502025,Networking,P2,Network-Support,Frustrated,0
TK-502026,Networking,P1,Network-Support,Neutral,0
TK-502027,Firmware,P2,Server-HW,Neutral,0
TK-502028,Software,P2,Software-Support,Neutral,0
TK-502029,Software,P4,Software-Support,Positive,0
TK-502030,Software,P3,Software-Support,Neutral,0
TK-502031,Security,P2,Account-Admin,Neutral,0
TK-502032,,P2,,Frustrated,1
TK-502033,Storage,P3,Storage-Support,Neutral,0
TK-502034,Software,P4,Software-Support,Positive,0
TK-502035,Networking,P3,Network-Support,Frustrated,0
TK-502036,Security,P1,Security-Ops,Angry,0
TK-502037,,P4,,Neutral,1
TK-502038,,P3,,Neutral,1
TK-502039,Hardware,P4,Server-HW,Positive,0
TK-502040,Hardware,P3,Server-HW,Neutral,0
TK-502041,,P4,,Neutral,1
TK-502042,Storage,P2,Storage-Support,Frustrated,0
TK-502043,Storage,P3,Server-HW,Positive,0
TK-502044,Hardware,P3,Server-HW,Neutral,0
TK-502045,Hardware,P2,Server-HW,Angry,0
TK-502046,Networking,P1,Network-Support,Angry,0
TK-502047,Hardware,P2,Server-HW,Neutral,0
TK-502048,Hardware,P3,Server-HW,Neutral,0
TK-502049,Networking,P2,Network-Support,Frustrated,0
TK-502050,Hardware,P2,Server-HW,Frustrated,0
TK-502051,Hardware,P1,Storage-Support,Angry,0
TK-502052,Billing,P4,Billing-Ops,Neutral,0
TK-502053,Storage,P3,Server-HW,Positive,0
TK-502054,Firmware,P2,Server-HW,Neutral,0
TK-502055,Software,P4,Software-Support,Neutral,0
TK-502056,,P1,,Angry,1
TK-502057,,P2,,Positive,1
TK-502058,Security,P1,Security-Ops,Frustrated,0
TK-502059,Firmware,P2,Server-HW,Frustrated,0
TK-502060,Access,P3,Account-Admin,Neutral,0
TK-502061,Firmware,P3,Storage-Support,Neutral,0
TK-502062,Networking,P3,Network-Support,Frustrated,0
TK-502063,,P3,,Neutral,1
TK-502064,Hardware,P3,Server-HW,Neutral,0
TK-502065,Access,P3,Account-Admin,Neutral,0
TK-502066,Software,P2,Software-Support,Angry,0
TK-502067,Security,P4,Security-Ops,Neutral,0
TK-502068,Hardware,P3,Server-HW,Angry,0
TK-502069,Storage,P3,Server-HW,Neutral,0
TK-502070,Hardware,P1,Server-HW,Neutral,0
TK-502071,,P4,,Neutral,1
TK-502072,Hardware,P1,Server-HW,Angry,0
TK-502073,Hardware,P2,Storage-Support,Angry,0
TK-502074,Software,P3,Software-Support,Neutral,0
TK-502075,Networking,P3,Network-Support,Neutral,0
TK-502076,,P2,,Neutral,1
TK-502077,Billing,P3,Billing-Ops,Positive,0
TK-502078,,P1,,Angry,1
TK-502079,Hardware,P2,Storage-Support,Angry,0
TK-502080,Access,P2,Account-Admin,Neutral,0
TK-502081,Networking,P2,Network-Support,Neutral,0
TK-502082,,P3,,Neutral,1
TK-502083,Firmware,P4,Storage-Support,Neutral,0
TK-502084,,P4,,Neutral,1
TK-502085,Hardware,P1,Server-HW,Neutral,0
TK-502086,Storage,P3,Storage-Support,Positive,0
TK-502087,,P2,,Angry,1
TK-502088,Networking,P3,Network-Support,Angry,0
TK-502089,Storage,P3,Server-HW,Angry,0
TK-502090,,P3,,Frustrated,1
TK-502091,Billing,P3,Billing-Ops,Neutral,0
TK-502092,Access,P2,Account-Admin,Frustrated,0
TK-502093,Storage,P2,Storage-Support,Neutral,0
TK-502094,Access,P4,Account-Admin,Neutral,0
TK-502095,Software,P2,Software-Support,Neutral,0
TK-502096,Access,P4,Account-Admin,Neutral,0
TK-502097,Billing,P2,Billing-Ops,Frustrated,0
TK-502098,,P4,,Neutral,1
TK-502099,Billing,P4,Billing-Ops,Neutral,0
TK-502100,Software,P2,Software-Support,Neutral,0
TK-502101,Networking,P2,Network-Support,Frustrated,0
TK-502102,Storage,P2,Server-HW,Frustrated,0
TK-502103,Access,P4,Account-Admin,Neutral,0
TK-502104,Networking,P4,Network-Support,Positive,0
TK-502105,Networking,P3,Network-Support,Neutral,0
TK-502106,Networking,P4,Network-Support,Neutral,0
TK-502107,Networking,P3,Network-Support,Frustrated,0
TK-502108,Storage,P2,Storage-Support,Frustrated,0
TK-502109,,P2,,Angry,1
TK-502110,Hardware,P3,Server-HW,Frustrated,0
TK-502111,Firmware,P2,Server-HW,Frustrated,0
TK-502112,Hardware,P4,Server-HW,Neutral,0
TK-502113,Hardware,P3,Server-HW,Frustrated,0
TK-502114,Firmware,P2,Storage-Support,Neutral,0
TK-502115,Billing,P4,Billing-Ops,Positive,0
TK-502116,Software,P2,Software-Support,Angry,0
TK-502117,,P4,,Neutral,1
TK-502118,Security,P4,Security-Ops,Neutral,0
TK-502119,,P2,,Frustrated,1
TK-502120,Networking,P2,Network-Support,Angry,0
TK-502121,Storage,P3,Server-HW,Neutral,0
TK-502122,,P4,,Positive,1
TK-502123,Firmware,P2,Network-Support,Neutral,0
TK-502124,Access,P3,Account-Admin,Neutral,0
TK-502125,Firmware,P3,Server-HW,Neutral,0
TK-502126,,P2,,Frustrated,1
TK-502127,Storage,P4,Server-HW,Neutral,0
TK-502128,,P2,,Frustrated,1
TK-502129,Hardware,P3,Server-HW,Angry,0
TK-502130,Hardware,P3,Server-HW,Frustrated,0
TK-502131,Firmware,P4,Storage-Support,Positive,0
TK-502132,Firmware,P2,Server-HW,Neutral,0
TK-502133,Billing,P3,Billing-Ops,Angry,0
TK-502134,Firmware,P3,Server-HW,Neutral,0
TK-502135,,P2,,Neutral,1
TK-502136,Firmware,P2,Server-HW,Neutral,0
TK-502137,Security,P3,Security-Ops,Neutral,0
TK-502138,Firmware,P2,Network-Support,Angry,0
TK-502139,Billing,P4,Billing-Ops,Neutral,0
TK-502140,Firmware,P2,Server-HW,Angry,0
TK-502141,Hardware,P3,Storage-Support,Neutral,0
TK-502142,Networking,P2,Network-Support,Frustrated,0
TK-502143,Hardware,P4,Server-HW,Neutral,0
TK-502144,,P2,,Frustrated,1
TK-502145,Storage,P3,Storage-Support,Frustrated,0
TK-502146,Storage,P1,Server-HW,Frustrated,0
TK-502147,Billing,P3,Billing-Ops,Neutral,0
TK-502148,Hardware,P2,Server-HW,Angry,0
TK-502149,Networking,P3,Network-Support,Frustrated,0
TK-502150,,P1,,Positive,1
TK-502151,Networking,P4,Network-Support,Positive,0
TK-502152,Software,P3,Software-Support,Neutral,0
TK-502153,Hardware,P4,Server-HW,Neutral,0
TK-502154,Firmware,P2,Network-Support,Neutral,0
TK-502155,Access,P4,Account-Admin,Neutral,0
TK-502156,Firmware,P3,Server-HW,Neutral,0
TK-502157,Networking,P3,Network-Support,Frustrated,0
TK-502158,Billing,P3,Billing-Ops,Neutral,0
TK-502159,Storage,P2,Storage-Support,Positive,0
TK-502160,Software,P4,Software-Support,Positive,0
TK-502161,Storage,P2,Storage-Support,Neutral,0
TK-502162,Access,P4,Account-Admin,Neutral,0
TK-502163,Hardware,P2,Server-HW,Neutral,0
TK-502164,Firmware,P3,Server-HW,Neutral,0
TK-502165,Hardware,P2,Server-HW,Frustrated,0
TK-502166,Software,P3,Software-Support,Positive,0
TK-502167,Hardware,P2,Server-HW,Angry,0
TK-502168,Hardware,P2,Server-HW,Neutral,0
TK-502169,Networking,P2,Network-Support,Neutral,0
TK-502170,,P2,,Angry,1
TK-502171,Hardware,P4,Server-HW,Frustrated,0
TK-502172,Firmware,P3,Server-HW,Neutral,0
TK-502173,Storage,P1,Storage-Support,Neutral,0
TK-502174,Software,P4,Software-Support,Neutral,0
TK-502175,Access,P4,Account-Admin,Frustrated,0
TK-502176,Security,P4,Security-Ops,Frustrated,0
TK-502177,Access,P2,Account-Admin,Frustrated,0
TK-502178,Hardware,P2,Server-HW,Frustrated,0
TK-502179,Security,P2,Security-Ops,Angry,0
TK-502180,Networking,P3,Network-Support,Positive,0
TK-502181,Networking,P2,Network-Support,Frustrated,0
TK-502182,Hardware,P2,Storage-Support,Neutral,0
TK-502183,,P4,,Neutral,1
TK-502184,Hardware,P3,Server-HW,Neutral,0
TK-502185,Software,P2,Software-Support,Frustrated,0
TK-502186,Access,P3,Account-Admin,Neutral,0
TK-502187,Hardware,P1,Server-HW,Frustrated,0
TK-502188,Software,P3,Software-Support,Positive,0
TK-502189,Security,P4,Security-Ops,Frustrated,0
TK-502190,Software,P2,Software-Support,Frustrated,0
TK-502191,Storage,P4,Storage-Support,Neutral,0
TK-502192,Security,P3,Security-Ops,Neutral,0
TK-502193,Hardware,P3,Server-HW,Frustrated,0
TK-502194,,P3,,Neutral,1
TK-502195,Software,P2,Software-Support,Frustrated,0
TK-502196,Hardware,P2,Server-HW,Angry,0
TK-502197,Access,P2,Account-Admin,Neutral,0
TK-502198,Storage,P4,Server-HW,Neutral,0
TK-502199,Hardware,P2,Server-HW,Angry,0
TK-502200,Software,P3,Software-Support,Neutral,0
TK-502201,Networking,P3,Network-Support,Frustrated,0
TK-502202,Access,P3,Account-Admin,Neutral,0
TK-502203,Software,P2,Software-Support,Neutral,0
TK-502204,Software,P4,Software-Support,Neutral,0
TK-502205,,P2,,Neutral,1
TK-502206,Access,P2,Account-Admin,Angry,0
TK-502207,Networking,P1,Network-Support,Angry,0
TK-502208,Hardware,P4,Server-HW,Positive,0
TK-502209,Firmware,P4,Server-HW,Neutral,0
TK-502210,Hardware,P1,Storage-Support,Angry,0
TK-502211,Security,P4,Security-Ops,Neutral,0
TK-502212,Access,P2,Account-Admin,Neutral,0
TK-502213,Access,P2,Account-Admin,Neutral,0
TK-502214,Networking,P3,Network-Support,Positive,0
TK-502215,Access,P3,Account-Admin,Angry,0
TK-502216,,P3,,Neutral,1
TK-502217,Hardware,P3,Server-HW,Neutral,0
TK-502218,Firmware,P3,Server-HW,Neutral,0
TK-502219,Hardware,P3,Server-HW,Neutral,0
TK-502220,Hardware,P4,Server-HW,Frustrated,0
TK-502221,Storage,P4,Storage-Support,Positive,0
TK-502222,Software,P4,Software-Support,Positive,0
TK-502223,Networking,P2,Network-Support,Angry,0
TK-502224,Billing,P4,Billing-Ops,Neutral,0
TK-502225,Hardware,P3,Server-HW,Positive,0
TK-502226,,P4,,Positive,1
TK-502227,Firmware,P4,Server-HW,Positive,0
TK-502228,,P2,,Frustrated,1
TK-502229,Billing,P3,Billing-Ops,Angry,0
TK-502230,Hardware,P4,Server-HW,Neutral,0
TK-502231,Access,P2,Account-Admin,Neutral,0
TK-502232,Storage,P4,Storage-Support,Neutral,0
TK-502233,Access,P4,Account-Admin,Frustrated,0
TK-502234,Access,P4,Software-Support,Positive,0
TK-502235,Hardware,P2,Server-HW,Neutral,0
TK-502236,Hardware,P3,Storage-Support,Frustrated,0
TK-502237,Networking,P3,Network-Support,Neutral,0
TK-502238,Security,P3,Security-Ops,Frustrated,0
TK-502239,Networking,P2,Network-Support,Neutral,0
TK-502240,Software,P3,Software-Support,Neutral,0
TK-502241,Billing,P4,Billing-Ops,Neutral,0
TK-502242,Storage,P2,Server-HW,Neutral,0
TK-502243,Storage,P2,Storage-Support,Neutral,0
TK-502244,Networking,P3,Network-Support,Neutral,0
TK-502245,,P3,,Frustrated,1
TK-502246,Hardware,P3,Server-HW,Neutral,0
TK-502247,Hardware,P4,Server-HW,Neutral,0
TK-502248,Networking,P3,Network-Support,Neutral,0
TK-502249,Storage,P4,Server-HW,Frustrated,0
TK-502250,Networking,P2,Network-Support,Neutral,0
TK-502251,,P4,,Neutral,1
TK-502252,Hardware,P2,Server-HW,Frustrated,0
TK-502253,Storage,P2,Storage-Support,Neutral,0
TK-502254,Hardware,P3,Server-HW,Frustrated,0
TK-502255,Access,P4,Account-Admin,Neutral,0
TK-502256,Billing,P4,Billing-Ops,Neutral,0
TK-502257,Billing,P4,Billing-Ops,Angry,0
TK-502258,Firmware,P2,Storage-Support,Angry,0
TK-502259,Firmware,P2,Server-HW,Frustrated,0
TK-502260,Storage,P4,Server-HW,Neutral,0
TK-502261,Networking,P2,Network-Support,Neutral,0
TK-502262,Billing,P3,Billing-Ops,Angry,0
TK-502263,Access,P2,Account-Admin,Neutral,0
TK-502264,Access,P2,Account-Admin,Angry,0
TK-502265,Billing,P4,Billing-Ops,Positive,0
TK-502266,,P1,,Neutral,1
TK-502267,Networking,P2,Network-Support,Frustrated,0
TK-502268,Firmware,P2,Server-HW,Angry,0
TK-502269,Access,P4,Account-Admin,Neutral,0
TK-502270,Billing,P4,Billing-Ops,Positive,0
TK-502271,Software,P2,Software-Support,Angry,0
TK-502272,Storage,P4,Server-HW,Angry,0
TK-502273,Firmware,P3,Server-HW,Neutral,0
TK-502274,Hardware,P3,Server-HW,Neutral,0
TK-502275,Firmware,P2,Storage-Support,Neutral,0
TK-502276,Billing,P3,Billing-Ops,Positive,0
TK-502277,Security,P3,Security-Ops,Neutral,0
TK-502278,Storage,P1,Server-HW,Neutral,0
TK-502279,Networking,P4,Network-Support,Neutral,0
TK-502280,Hardware,P1,Server-HW,Angry,0
TK-502281,Networking,P4,Network-Support,Neutral,0
TK-502282,Storage,P1,Storage-Support,Positive,0
TK-502283,Networking,P3,Network-Support,Angry,0
TK-502284,Software,P4,Software-Support,Neutral,0
TK-502285,,P2,,Frustrated,1
TK-502286,Networking,P2,Network-Support,Neutral,0
TK-502287,Hardware,P4,Server-HW,Neutral,0
TK-502288,Hardware,P2,Storage-Support,Angry,0
TK-502289,,P3,,Neutral,1
TK-502290,Hardware,P2,Server-HW,Frustrated,0
TK-502291,Access,P4,Account-Admin,Neutral,0
TK-502292,Networking,P2,Network-Support,Positive,0
TK-502293,Software,P2,Software-Support,Frustrated,0
TK-502294,Access,P4,Account-Admin,Neutral,0
TK-502295,Billing,P4,Billing-Ops,Neutral,0
TK-502296,,P2,,Frustrated,1
TK-502297,,P4,,Neutral,1
TK-502298,Hardware,P4,Server-HW,Frustrated,0
TK-502299,Software,P4,Software-Support,Positive,0
TK-502300,Billing,P4,Billing-Ops,Angry,0
TK-502301,Hardware,P3,Server-HW,Neutral,0
TK-502302,Firmware,P3,Server-HW,Neutral,0
TK-502303,Hardware,P4,Server-HW,Neutral,0
TK-502304,Storage,P1,Server-HW,Neutral,0
TK-502305,,P2,,Frustrated,1
TK-502306,Firmware,P2,Server-HW,Neutral,0
TK-502307,Firmware,P2,Storage-Support,Neutral,0
TK-502308,Software,P3,Software-Support,Angry,0
TK-502309,Firmware,P2,Server-HW,Frustrated,0
TK-502310,,P4,,Neutral,1
TK-502311,Hardware,P4,Server-HW,Positive,0
TK-502312,Networking,P3,Network-Support,Neutral,0
TK-502313,Access,P2,Account-Admin,Neutral,0
TK-502314,Networking,P2,Network-Support,Positive,0
TK-502315,Networking,P4,Network-Support,Positive,0
TK-502316,Billing,P4,Billing-Ops,Positive,0
TK-502317,Hardware,P2,Server-HW,Neutral,0
TK-502318,Software,P3,Software-Support,Positive,0
TK-502319,,P3,,Neutral,1
TK-502320,Storage,P3,Storage-Support,Frustrated,0
TK-502321,Hardware,P3,Storage-Support,Neutral,0
TK-502322,Storage,P1,Storage-Support,Neutral,0
TK-502323,Software,P4,Software-Support,Neutral,0
TK-502324,Storage,P3,Storage-Support,Positive,0
TK-502325,Software,P3,Software-Support,Frustrated,0
TK-502326,Hardware,P2,Server-HW,Neutral,0
TK-502327,Security,P3,Security-Ops,Neutral,0
TK-502328,Software,P4,Software-Support,Neutral,0
TK-502329,,P2,,Neutral,1
TK-502330,Storage,P2,Storage-Support,Neutral,0
TK-502331,Hardware,P4,Server-HW,Positive,0
TK-502332,Firmware,P2,Server-HW,Frustrated,0
TK-502333,Hardware,P4,Storage-Support,Positive,0
TK-502334,Access,P2,Account-Admin,Angry,0
TK-502335,Hardware,P2,Server-HW,Neutral,0
TK-502336,Access,P3,Account-Admin,Neutral,0
TK-502337,Software,P4,Account-Admin,Positive,0
TK-502338,Storage,P1,Storage-Support,Angry,0
TK-502339,Hardware,P3,Server-HW,Angry,0
TK-502340,,P2,,Frustrated,1
TK-502341,,P4,,Neutral,1
TK-502342,Billing,P3,Billing-Ops,Neutral,0
TK-502343,,P2,,Frustrated,1
TK-502344,,P4,,Frustrated,1
TK-502345,Firmware,P2,Network-Support,Neutral,0
TK-502346,Access,P3,Account-Admin,Neutral,0
TK-502347,Networking,P3,Network-Support,Neutral,0
TK-502348,Networking,P2,Network-Support,Frustrated,0
TK-502349,Access,P3,Account-Admin,Neutral,0
TK-502350,Security,P3,Security-Ops,Neutral,0
TK-502351,Security,P3,Security-Ops,Neutral,0
TK-502352,Networking,P2,Network-Support,Neutral,0
TK-502353,Security,P4,Security-Ops,Neutral,0
TK-502354,Security,P2,Security-Ops,Frustrated,0
TK-502355,Networking,P3,Network-Support,Angry,0
TK-502356,,P3,,Frustrated,1
TK-502357,,P2,,Neutral,1
TK-502358,Software,P3,Software-Support,Neutral,0
TK-502359,Storage,P2,Storage-Support,Frustrated,0
TK-502360,Access,P3,Account-Admin,Neutral,0
TK-502361,Software,P2,Software-Support,Frustrated,0
TK-502362,Hardware,P4,Server-HW,Neutral,0
TK-502363,Storage,P3,Storage-Support,Frustrated,0
TK-502364,Networking,P2,Network-Support,Angry,0
TK-502365,Hardware,P2,Server-HW,Frustrated,0
TK-502366,Networking,P2,Network-Support,Angry,0
TK-502367,Billing,P3,Billing-Ops,Neutral,0
TK-502368,Access,P3,Account-Admin,Positive,0
TK-502369,Security,P4,Security-Ops,Positive,0
TK-502370,Billing,P4,Billing-Ops,Neutral,0
TK-502371,Hardware,P3,Server-HW,Neutral,0
TK-502372,Networking,P2,Network-Support,Neutral,0
TK-502373,Billing,P4,Billing-Ops,Positive,0
TK-502374,Software,P4,Software-Support,Neutral,0
TK-502375,Security,P1,Security-Ops,Frustrated,0
TK-502376,Networking,P2,Network-Support,Neutral,0
TK-502377,Firmware,P3,Network-Support,Positive,0
TK-502378,Hardware,P2,Server-HW,Angry,0
TK-502379,Security,P2,Security-Ops,Neutral,0
TK-502380,Firmware,P2,Server-HW,Angry,0
TK-502381,Firmware,P2,Storage-Support,Frustrated,0
TK-502382,Hardware,P1,Server-HW,Neutral,0
TK-502383,Networking,P2,Network-Support,Frustrated,0
TK-502384,,P1,,Neutral,1
TK-502385,,P2,,Frustrated,1
TK-502386,,P2,,Angry,1
TK-502387,Security,P3,Security-Ops,Frustrated,0
TK-502388,Software,P3,Software-Support,Positive,0
TK-502389,,P1,,Frustrated,1
TK-502390,Storage,P4,Server-HW,Positive,0
TK-502391,,P2,,Neutral,1
TK-502392,Networking,P2,Network-Support,Neutral,0
TK-502393,Billing,P4,Billing-Ops,Positive,0
TK-502394,Billing,P4,Billing-Ops,Neutral,0
TK-502395,Networking,P4,Network-Support,Positive,0
TK-502396,,P3,,Neutral,1
TK-502397,Billing,P4,Billing-Ops,Neutral,0
TK-502398,Storage,P3,Storage-Support,Neutral,0
TK-502399,Access,P3,Account-Admin,Neutral,0
TK-502400,Access,P3,Account-Admin,Frustrated,0
TK-502401,Security,P4,Security-Ops,Positive,0
TK-502402,Storage,P3,Storage-Support,Neutral,0
TK-502403,Firmware,P2,Network-Support,Neutral,0
TK-502404,Storage,P2,Server-HW,Frustrated,0
TK-502405,Software,P2,Software-Support,Neutral,0
TK-502406,Security,P3,Security-Ops,Neutral,0
TK-502407,Networking,P2,Network-Support,Neutral,0
TK-502408,Firmware,P4,Network-Support,Neutral,0
TK-502409,Firmware,P3,Storage-Support,Neutral,0
TK-502410,Storage,P3,Storage-Support,Positive,0
TK-502411,Access,P3,Security-Ops,Neutral,0
TK-502412,Security,P3,Security-Ops,Neutral,0
TK-502413,Firmware,P2,Network-Support,Neutral,0
TK-502414,Networking,P2,Network-Support,Angry,0
TK-502415,Hardware,P2,Server-HW,Neutral,0
TK-502416,Firmware,P2,Server-HW,Neutral,0
TK-502417,Firmware,P4,Storage-Support,Positive,0
TK-502418,Hardware,P1,Server-HW,Frustrated,0
TK-502419,Hardware,P3,Server-HW,Neutral,0
TK-502420,Storage,P2,Server-HW,Neutral,0
TK-502421,,P4,,Neutral,1
TK-502422,Software,P3,Software-Support,Positive,0
TK-502423,Storage,P2,Storage-Support,Frustrated,0
TK-502424,,P3,,Neutral,1
TK-502425,Networking,P2,Network-Support,Angry,0
TK-502426,Storage,P2,Storage-Support,Frustrated,0
TK-502427,,P1,,Frustrated,1
TK-502428,Billing,P4,Billing-Ops,Frustrated,0
TK-502429,Hardware,P2,Storage-Support,Neutral,0
TK-502430,Storage,P4,Storage-Support,Positive,0
TK-502431,Billing,P4,Billing-Ops,Neutral,0
TK-502432,,P2,,Frustrated,1
TK-502433,Networking,P3,Network-Support,Neutral,0
TK-502434,Storage,P4,Storage-Support,Positive,0
TK-502435,Storage,P2,Storage-Support,Frustrated,0
TK-502436,Hardware,P4,Server-HW,Neutral,0
TK-502437,Hardware,P2,Storage-Support,Neutral,0
TK-502438,Firmware,P2,Server-HW,Frustrated,0
TK-502439,Networking,P2,Network-Support,Neutral,0
TK-502440,Hardware,P2,Server-HW,Angry,0
TK-502441,Access,P2,Account-Admin,Neutral,0
TK-502442,Software,P3,Software-Support,Positive,0
TK-502443,Networking,P3,Network-Support,Neutral,0
TK-502444,Hardware,P4,Server-HW,Neutral,0
TK-502445,Firmware,P4,Server-HW,Neutral,0
TK-502446,Firmware,P4,Server-HW,Neutral,0
TK-502447,,P2,,Neutral,1
TK-502448,Networking,P2,Network-Support,Neutral,0
TK-502449,Software,P4,Software-Support,Neutral,0
TK-502450,Software,P2,Software-Support,Angry,0
TK-502451,Storage,P4,Storage-Support,Neutral,0
TK-502452,Software,P4,Software-Support,Neutral,0
TK-502453,Hardware,P4,Server-HW,Neutral,0
TK-502454,,P2,,Positive,1
TK-502455,Storage,P3,Storage-Support,Frustrated,0
TK-502456,Hardware,P2,Server-HW,Neutral,0
TK-502457,Firmware,P4,Server-HW,Positive,0
TK-502458,Software,P2,Software-Support,Frustrated,0
TK-502459,Storage,P2,Storage-Support,Frustrated,0
TK-502460,Hardware,P2,Server-HW,Frustrated,0
TK-502461,Access,P2,Account-Admin,Angry,0
TK-502462,Hardware,P2,Server-HW,Frustrated,0
TK-502463,Networking,P4,Network-Support,Frustrated,0
TK-502464,Hardware,P3,Server-HW,Neutral,0
TK-502465,Hardware,P4,Server-HW,Neutral,0
TK-502466,Software,P4,Software-Support,Positive,0
TK-502467,Networking,P3,Network-Support,Neutral,0
TK-502468,,P3,,Neutral,1
TK-502469,Storage,P2,Storage-Support,Frustrated,0
TK-502470,,P4,,Frustrated,1
TK-502471,,P2,,Neutral,1
TK-502472,Software,P2,Software-Support,Frustrated,0
TK-502473,Storage,P3,Storage-Support,Frustrated,0
TK-502474,Hardware,P3,Server-HW,Frustrated,0
TK-502475,Storage,P2,Storage-Support,Neutral,0
TK-502476,Firmware,P2,Server-HW,Neutral,0
TK-502477,Networking,P2,Network-Support,Positive,0
TK-502478,Billing,P3,Billing-Ops,Positive,0
TK-502479,Storage,P3,Server-HW,Neutral,0
TK-502480,Software,P3,Software-Support,Frustrated,0
TK-502481,Networking,P2,Network-Support,Neutral,0
TK-502482,,P2,,Angry,1
TK-502483,,P2,,Positive,1
TK-502484,Storage,P1,Server-HW,Frustrated,0
TK-502485,Access,P3,Account-Admin,Positive,0
TK-502486,Firmware,P4,Network-Support,Positive,0
TK-502487,,P4,,Neutral,1
TK-502488,Hardware,P1,Server-HW,Frustrated,0
TK-502489,,P4,,Positive,1
TK-502490,Firmware,P3,Network-Support,Neutral,0
TK-502491,Software,P3,Software-Support,Neutral,0
TK-502492,Access,P3,Account-Admin,Neutral,0
TK-502493,Storage,P3,Storage-Support,Neutral,0
TK-502494,Firmware,P3,Server-HW,Frustrated,0
TK-502495,Software,P3,Software-Support,Neutral,0
TK-502496,Access,P3,Account-Admin,Frustrated,0
TK-502497,Networking,P3,Network-Support,Neutral,0
TK-502498,Networking,P3,Network-Support,Neutral,0
TK-502499,Billing,P4,Billing-Ops,Positive,0
TK-502500,Storage,P2,Storage-Support,Angry,0
TK-502501,,P2,,Frustrated,1
TK-502502,,P4,,Neutral,1
TK-502503,Software,P4,Software-Support,Neutral,0
TK-502504,Storage,P2,Storage-Support,Frustrated,0
TK-502505,Access,P4,Account-Admin,Angry,0
TK-502506,Firmware,P1,Server-HW,Frustrated,0
TK-502507,Access,P4,Account-Admin,Neutral,0
TK-502508,Software,P4,Software-Support,Neutral,0
TK-502509,,P2,,Frustrated,1
TK-502510,Hardware,P3,Server-HW,Frustrated,0
TK-502511,Hardware,P2,Server-HW,Angry,0
TK-502512,Hardware,P1,Server-HW,Neutral,0
TK-502513,Software,P3,Software-Support,Neutral,0
TK-502514,Software,P4,Software-Support,Frustrated,0
TK-502515,Storage,P1,Storage-Support,Angry,0
TK-502516,Software,P2,Software-Support,Angry,0
TK-502517,,P2,,Angry,1
TK-502518,Access,P3,Account-Admin,Angry,0
TK-502519,Access,P2,Account-Admin,Angry,0
TK-502520,,P2,,Angry,1
TK-502521,Hardware,P2,Server-HW,Frustrated,0
TK-502522,,P2,,Neutral,1
TK-502523,Software,P3,Software-Support,Neutral,0
TK-502524,Hardware,P3,Server-HW,Positive,0
TK-502525,Firmware,P1,Server-HW,Frustrated,0
TK-502526,Networking,P3,Network-Support,Positive,0
TK-502527,Networking,P3,Network-Support,Positive,0
TK-502528,Storage,P1,Server-HW,Neutral,0
TK-502529,Hardware,P3,Server-HW,Angry,0
TK-502530,,P4,,Positive,1
TK-502531,Hardware,P3,Server-HW,Positive,0
TK-502532,Software,P4,Software-Support,Neutral,0
TK-502533,Hardware,P1,Server-HW,Frustrated,0
TK-502534,Access,P3,Account-Admin,Neutral,0
TK-502535,,P3,,Neutral,1
TK-502536,Storage,P1,Storage-Support,Frustrated,0
TK-502537,Software,P2,Software-Support,Neutral,0
TK-502538,Networking,P3,Network-Support,Neutral,0
TK-502539,,P3,,Angry,1
TK-502540,Storage,P4,Server-HW,Positive,0
TK-502541,,P2,,Positive,1
TK-502542,Storage,P2,Storage-Support,Positive,0
TK-502543,Firmware,P1,Server-HW,Frustrated,0
TK-502544,,P2,,Neutral,1
TK-502545,Networking,P2,Network-Support,Angry,0
TK-502546,Networking,P3,Network-Support,Neutral,0
TK-502547,Hardware,P3,Server-HW,Neutral,0
TK-502548,,P1,,Angry,1
TK-502549,Billing,P3,Billing-Ops,Frustrated,0
TK-502550,Hardware,P4,Server-HW,Neutral,0
TK-502551,Networking,P1,Network-Support,Frustrated,0
TK-502552,Hardware,P2,Server-HW,Angry,0
TK-502553,Firmware,P1,Network-Support,Angry,0
TK-502554,,P3,,Neutral,1
TK-502555,Billing,P4,Billing-Ops,Positive,0
TK-502556,Firmware,P4,Server-HW,Positive,0
TK-502557,Hardware,P4,Storage-Support,Positive,0
TK-502558,Storage,P3,Storage-Support,Frustrated,0
TK-502559,,P4,,Positive,1
TK-502560,Storage,P3,Storage-Support,Neutral,0
TK-502561,Firmware,P4,Storage-Support,Positive,0
TK-502562,Security,P2,Security-Ops,Angry,0
TK-502563,,P2,,Neutral,1
TK-502564,Storage,P2,Server-HW,Angry,0
TK-502565,Firmware,P3,Server-HW,Frustrated,0
TK-502566,Hardware,P4,Server-HW,Neutral,0
TK-502567,Software,P4,Software-Support,Positive,0
TK-502568,Networking,P4,Network-Support,Neutral,0
TK-502569,Security,P2,Security-Ops,Angry,0
TK-502570,Storage,P3,Storage-Support,Neutral,0
TK-502571,Hardware,P4,Server-HW,Positive,0
TK-502572,,P3,,Neutral,1
TK-502573,,P2,,Frustrated,1
TK-502574,Billing,P3,Billing-Ops,Neutral,0
TK-502575,Networking,P3,Network-Support,Positive,0
TK-502576,Networking,P4,Network-Support,Positive,0
TK-502577,Firmware,P3,Server-HW,Angry,0
TK-502578,Networking,P3,Network-Support,Neutral,0
TK-502579,Networking,P4,Network-Support,Neutral,0
TK-502580,,P2,,Frustrated,1
TK-502581,,P3,,Frustrated,1
TK-502582,Hardware,P2,Server-HW,Positive,0
TK-502583,Hardware,P2,Server-HW,Angry,0
TK-502584,Access,P4,Account-Admin,Frustrated,0
TK-502585,Access,P2,Account-Admin,Frustrated,0
TK-502586,Hardware,P2,Server-HW,Neutral,0
TK-502587,Software,P4,Software-Support,Neutral,0
TK-502588,Storage,P1,Server-HW,Angry,0
TK-502589,Storage,P2,Storage-Support,Angry,0
TK-502590,,P3,,Neutral,1
TK-502591,Software,P3,Software-Support,Neutral,0
TK-502592,Networking,P2,Network-Support,Angry,0
TK-502593,Access,P3,Account-Admin,Frustrated,0
TK-502594,,P1,,Neutral,1
TK-502595,Hardware,P3,Server-HW,Frustrated,0
TK-502596,Firmware,P4,Storage-Support,Positive,0
TK-502597,Hardware,P2,Server-HW,Neutral,0
TK-502598,Software,P4,Software-Support,Neutral,0
TK-502599,,P2,,Neutral,1
TK-502600,Storage,P4,Storage-Support,Positive,0
TK-502601,Networking,P3,Network-Support,Neutral,0
TK-502602,,P3,,Neutral,1
TK-502603,Security,P4,Security-Ops,Neutral,0
TK-502604,Networking,P3,Network-Support,Frustrated,0
TK-502605,Billing,P4,Billing-Ops,Neutral,0
TK-502606,Hardware,P2,Server-HW,Neutral,0
TK-502607,Hardware,P3,Server-HW,Neutral,0
TK-502608,Billing,P4,Billing-Ops,Neutral,0
TK-502609,,P1,,Neutral,1
TK-502610,Networking,P3,Network-Support,Frustrated,0
TK-502611,Billing,P4,Billing-Ops,Neutral,0
TK-502612,Storage,P4,Storage-Support,Neutral,0
TK-502613,Software,P3,Software-Support,Neutral,0
TK-502614,Networking,P3,Network-Support,Positive,0
TK-502615,Access,P3,Account-Admin,Frustrated,0
TK-502616,,P4,,Positive,1
TK-502617,,P2,,Frustrated,1
TK-502618,Storage,P4,Server-HW,Neutral,0
TK-502619,Firmware,P2,Server-HW,Frustrated,0
TK-502620,Access,P3,Account-Admin,Neutral,0
TK-502621,Billing,P2,Billing-Ops,Neutral,0
TK-502622,Hardware,P2,Server-HW,Neutral,0
TK-502623,Firmware,P1,Network-Support,Neutral,0
TK-502624,,P4,,Neutral,1
TK-502625,Access,P3,Account-Admin,Neutral,0
TK-502626,,P4,,Neutral,1
TK-502627,Storage,P2,Server-HW,Frustrated,0
TK-502628,Billing,P2,Billing-Ops,Frustrated,0
TK-502629,,P2,,Neutral,1
TK-502630,Hardware,P4,Storage-Support,Neutral,0
TK-502631,Hardware,P2,Server-HW,Neutral,0
TK-502632,Storage,P2,Server-HW,Frustrated,0
TK-502633,Access,P2,Account-Admin,Neutral,0
TK-502634,Software,P2,Software-Support,Frustrated,0
TK-502635,,P1,,Angry,1
TK-502636,Networking,P2,Network-Support,Neutral,0
TK-502637,Hardware,P3,Server-HW,Neutral,0
TK-502638,Storage,P1,Storage-Support,Frustrated,0
TK-502639,Software,P1,Software-Support,Neutral,0
TK-502640,,P2,,Neutral,1
TK-502641,Storage,P1,Server-HW,Neutral,0
TK-502642,,P3,,Neutral,1
TK-502643,Security,P2,Security-Ops,Angry,0
TK-502644,Storage,P1,Storage-Support,Frustrated,0
TK-502645,,P3,,Neutral,1
TK-502646,Storage,P1,Storage-Support,Frustrated,0
TK-502647,Access,P2,Account-Admin,Neutral,0
TK-502648,Hardware,P2,Server-HW,Angry,0
TK-502649,Networking,P2,Network-Support,Neutral,0
TK-502650,,P3,,Positive,1
TK-502651,Software,P4,Software-Support,Positive,0
TK-502652,Hardware,P2,Server-HW,Frustrated,0
TK-502653,Hardware,P2,Server-HW,Frustrated,0
TK-502654,Storage,P3,Storage-Support,Angry,0
TK-502655,Security,P3,Security-Ops,Neutral,0
TK-502656,Hardware,P4,Server-HW,Positive,0
TK-502657,Firmware,P3,Server-HW,Neutral,0
TK-502658,Software,P2,Software-Support,Frustrated,0
TK-502659,Networking,P2,Network-Support,Neutral,0
TK-502660,Networking,P4,Network-Support,Frustrated,0
TK-502661,Billing,P4,Billing-Ops,Neutral,0
TK-502662,Hardware,P2,Server-HW,Neutral,0
TK-502663,Hardware,P1,Server-HW,Neutral,0
TK-502664,Hardware,P1,Server-HW,Neutral,0
TK-502665,Hardware,P1,Storage-Support,Angry,0
TK-502666,Networking,P1,Network-Support,Angry,0
TK-502667,Security,P3,Security-Ops,Neutral,0
TK-502668,,P4,,Neutral,1
TK-502669,Software,P2,Software-Support,Neutral,0
TK-502670,Hardware,P4,Server-HW,Neutral,0
TK-502671,Software,P2,Software-Support,Neutral,0
TK-502672,Firmware,P3,Storage-Support,Neutral,0
TK-502673,Networking,P2,Network-Support,Neutral,0
TK-502674,,P2,,Neutral,1
TK-502675,Billing,P4,Billing-Ops,Neutral,0
TK-502676,Storage,P1,Storage-Support,Frustrated,0
TK-502677,Access,P4,Account-Admin,Neutral,0
TK-502678,Hardware,P4,Server-HW,Neutral,0
TK-502679,,P2,,Neutral,1
TK-502680,Software,P4,Software-Support,Frustrated,0
TK-502681,Security,P2,Security-Ops,Angry,0
TK-502682,Storage,P1,Storage-Support,Angry,0
TK-502683,Hardware,P4,Server-HW,Frustrated,0
TK-502684,Storage,P1,Storage-Support,Frustrated,0
TK-502685,Software,P2,Software-Support,Neutral,0
TK-502686,Software,P3,Software-Support,Neutral,0
TK-502687,Storage,P3,Storage-Support,Neutral,0
TK-502688,,P3,,Neutral,1
TK-502689,Access,P4,Account-Admin,Positive,0
TK-502690,Hardware,P3,Server-HW,Neutral,0
TK-502691,Access,P3,Account-Admin,Neutral,0
TK-502692,Networking,P3,Network-Support,Neutral,0
TK-502693,Storage,P2,Storage-Support,Frustrated,0
TK-502694,Billing,P3,Billing-Ops,Neutral,0
TK-502695,Storage,P1,Server-HW,Frustrated,0
TK-502696,Access,P4,Account-Admin,Positive,0
TK-502697,,P2,,Neutral,1
TK-502698,Software,P4,Software-Support,Positive,0
TK-502699,Hardware,P2,Storage-Support,Frustrated,0
TK-502700,Networking,P3,Network-Support,Neutral,0
TK-502701,Hardware,P2,Storage-Support,Neutral,0
TK-502702,,P3,,Neutral,1
TK-502703,Hardware,P4,Server-HW,Positive,0
TK-502704,Security,P3,Security-Ops,Neutral,0
TK-502705,Hardware,P1,Server-HW,Angry,0
TK-502706,Security,P4,Security-Ops,Neutral,0
TK-502707,Firmware,P3,Storage-Support,Neutral,0
TK-502708,Storage,P1,Storage-Support,Frustrated,0
TK-502709,Billing,P3,Billing-Ops,Neutral,0
TK-502710,,P3,,Neutral,1
TK-502711,Hardware,P1,Server-HW,Angry,0
TK-502712,Hardware,P3,Server-HW,Frustrated,0
TK-502713,Security,P3,Account-Admin,Positive,0
TK-502714,,P1,,Frustrated,1
TK-502715,Billing,P4,Billing-Ops,Neutral,0
TK-502716,Firmware,P2,Server-HW,Neutral,0
TK-502717,Hardware,P1,Server-HW,Angry,0
TK-502718,Billing,P4,Billing-Ops,Neutral,0
TK-502719,Access,P4,Account-Admin,Neutral,0
TK-502720,Access,P4,Account-Admin,Angry,0
TK-502721,,P3,,Positive,1
TK-502722,Hardware,P3,Server-HW,Neutral,0
TK-502723,Hardware,P2,Server-HW,Angry,0
TK-502724,Hardware,P3,Server-HW,Neutral,0
TK-502725,,P3,,Neutral,1
TK-502726,,P3,,Angry,1
TK-502727,Storage,P1,Storage-Support,Positive,0
TK-502728,Security,P4,Security-Ops,Frustrated,0
TK-502729,Software,P3,Software-Support,Frustrated,0
TK-502730,Hardware,P4,Server-HW,Neutral,0
TK-502731,,P3,,Angry,1
TK-502732,,P2,,Frustrated,1
TK-502733,Networking,P2,Network-Support,Neutral,0
TK-502734,,P1,,Neutral,1
TK-502735,,P2,,Angry,1
TK-502736,Storage,P3,Storage-Support,Frustrated,0
TK-502737,Hardware,P4,Server-HW,Frustrated,0
TK-502738,,P2,,Neutral,1
TK-502739,Software,P3,Software-Support,Frustrated,0
TK-502740,Hardware,P4,Storage-Support,Neutral,0
TK-502741,Software,P3,Software-Support,Neutral,0
TK-502742,Firmware,P3,Network-Support,Neutral,0
TK-502743,Networking,P3,Network-Support,Frustrated,0
TK-502744,Storage,P4,Storage-Support,Neutral,0
TK-502745,Storage,P3,Storage-Support,Positive,0
TK-502746,Storage,P2,Storage-Support,Neutral,0
TK-502747,Billing,P4,Billing-Ops,Positive,0
TK-502748,Software,P3,Software-Support,Neutral,0
TK-502749,,P4,,Neutral,1
TK-502750,Billing,P4,Billing-Ops,Positive,0
TK-502751,,P4,,Neutral,1
TK-502752,Hardware,P2,Server-HW,Angry,0
TK-502753,Hardware,P3,Server-HW,Positive,0
TK-502754,Access,P2,Account-Admin,Angry,0
TK-502755,Hardware,P1,Server-HW,Neutral,0
TK-502756,Hardware,P3,Server-HW,Neutral,0
TK-502757,Hardware,P2,Server-HW,Neutral,0
TK-502758,Security,P2,Security-Ops,Neutral,0
TK-502759,Storage,P2,Storage-Support,Frustrated,0
TK-502760,Hardware,P2,Server-HW,Angry,0
TK-502761,,P4,,Neutral,1
TK-502762,Hardware,P1,Server-HW,Frustrated,0
TK-502763,Networking,P2,Network-Support,Frustrated,0
TK-502764,Software,P4,Software-Support,Neutral,0
TK-502765,Software,P2,Software-Support,Angry,0
TK-502766,,P2,,Angry,1
TK-502767,Billing,P3,Billing-Ops,Positive,0
TK-502768,,P1,,Neutral,1
TK-502769,Software,P4,Software-Support,Neutral,0
TK-502770,Hardware,P3,Server-HW,Neutral,0
TK-502771,Software,P2,Software-Support,Frustrated,0
TK-502772,,P2,,Frustrated,1
TK-502773,Networking,P3,Network-Support,Frustrated,0
TK-502774,Security,P3,Security-Ops,Neutral,0
TK-502775,,P2,,Neutral,1
TK-502776,Software,P3,Software-Support,Neutral,0
TK-502777,Hardware,P2,Server-HW,Positive,0
TK-502778,,P1,,Angry,1
TK-502779,,P2,,Neutral,1
TK-502780,Firmware,P2,Server-HW,Neutral,0
TK-502781,Software,P3,Software-Support,Positive,0
TK-502782,Hardware,P3,Server-HW,Positive,0
TK-502783,Firmware,P3,Server-HW,Neutral,0
TK-502784,,P4,,Positive,1
TK-502785,Hardware,P2,Server-HW,Neutral,0
TK-502786,Software,P3,Software-Support,Neutral,0
TK-502787,Firmware,P3,Storage-Support,Neutral,0
TK-502788,Access,P2,Account-Admin,Frustrated,0
TK-502789,Hardware,P1,Server-HW,Neutral,0
TK-502790,,P4,,Neutral,1
TK-502791,,P2,,Positive,1
TK-502792,Storage,P1,Storage-Support,Neutral,0
TK-502793,Hardware,P3,Server-HW,Neutral,0
TK-502794,Storage,P4,Storage-Support,Neutral,0
TK-502795,Networking,P4,Network-Support,Frustrated,0
TK-502796,Software,P2,Software-Support,Neutral,0
TK-502797,Software,P3,Software-Support,Frustrated,0
TK-502798,Access,P4,Account-Admin,Frustrated,0
TK-502799,Software,P4,Software-Support,Neutral,0
TK-502800,Access,P2,Account-Admin,Neutral,0
TK-502801,Firmware,P3,Server-HW,Neutral,0
TK-502802,Networking,P3,Network-Support,Frustrated,0
TK-502803,Hardware,P2,Server-HW,Neutral,0
TK-502804,Hardware,P1,Server-HW,Angry,0
TK-502805,Hardware,P2,Server-HW,Frustrated,0
TK-502806,Networking,P1,Network-Support,Angry,0
TK-502807,Networking,P2,Network-Support,Frustrated,0
TK-502808,Access,P3,Account-Admin,Neutral,0
TK-502809,Firmware,P2,Server-HW,Frustrated,0
TK-502810,Storage,P3,Storage-Support,Angry,0
TK-502811,,P2,,Frustrated,1
TK-502812,Networking,P2,Network-Support,Frustrated,0
TK-502813,Software,P4,Software-Support,Angry,0
TK-502814,Software,P2,Software-Support,Frustrated,0
TK-502815,,P2,,Frustrated,1
TK-502816,Firmware,P4,Storage-Support,Positive,0
TK-502817,Hardware,P2,Server-HW,Frustrated,0
TK-502818,Hardware,P2,Server-HW,Neutral,0
TK-502819,,P3,,Neutral,1
TK-502820,Software,P3,Software-Support,Neutral,0
TK-502821,Hardware,P4,Server-HW,Angry,0
TK-502822,Billing,P3,Billing-Ops,Neutral,0
TK-502823,,P2,,Neutral,1
TK-502824,Storage,P3,Server-HW,Neutral,0
TK-502825,Software,P3,Software-Support,Neutral,0
TK-502826,Networking,P3,Network-Support,Angry,0
TK-502827,Hardware,P2,Server-HW,Neutral,0
TK-502828,Billing,P4,Billing-Ops,Positive,0
TK-502829,Storage,P3,Storage-Support,Frustrated,0
TK-502830,Hardware,P4,Server-HW,Neutral,0
TK-502831,,P1,,Angry,1
TK-502832,Firmware,P2,Network-Support,Neutral,0
TK-502833,,P4,,Neutral,1
TK-502834,Security,P3,Security-Ops,Neutral,0
TK-502835,Hardware,P2,Server-HW,Frustrated,0
TK-502836,Firmware,P3,Storage-Support,Neutral,0
TK-502837,Networking,P2,Network-Support,Neutral,0
TK-502838,,P3,,Neutral,1
TK-502839,,P2,,Neutral,1
TK-502840,Storage,P2,Server-HW,Angry,0
TK-502841,Access,P3,Account-Admin,Neutral,0
TK-502842,Software,P1,Software-Support,Neutral,0
TK-502843,Hardware,P3,Server-HW,Neutral,0
TK-502844,Hardware,P2,Server-HW,Frustrated,0
TK-502845,,P1,,Neutral,1
TK-502846,Storage,P4,Server-HW,Neutral,0
TK-502847,Software,P3,Software-Support,Neutral,0
TK-502848,,P3,,Positive,1
TK-502849,Software,P3,Software-Support,Neutral,0
TK-502850,Billing,P4,Billing-Ops,Neutral,0
TK-502851,Billing,P4,Billing-Ops,Neutral,0
TK-502852,Firmware,P2,Server-HW,Angry,0
TK-502853,,P4,,Positive,1
TK-502854,Networking,P2,Network-Support,Neutral,0
TK-502855,,P4,,Neutral,1
TK-502856,Software,P4,Software-Support,Positive,0
TK-502857,Hardware,P1,Server-HW,Neutral,0
TK-502858,Security,P4,Account-Admin,Neutral,0
TK-502859,Networking,P3,Network-Support,Neutral,0
TK-502860,,P4,,Neutral,1
TK-502861,Security,P4,Security-Ops,Neutral,0
TK-502862,Access,P3,Account-Admin,Positive,0
TK-502863,Networking,P2,Network-Support,Frustrated,0
TK-502864,Networking,P4,Network-Support,Positive,0
TK-502865,Software,P4,Software-Support,Neutral,0
TK-502866,,P2,,Neutral,1
TK-502867,Access,P4,Account-Admin,Neutral,0
TK-502868,Hardware,P2,Server-HW,Angry,0
TK-502869,Networking,P2,Network-Support,Neutral,0
TK-502870,Networking,P4,Network-Support,Frustrated,0
TK-502871,Security,P3,Security-Ops,Neutral,0
TK-502872,Storage,P2,Storage-Support,Frustrated,0
TK-502873,Software,P4,Software-Support,Angry,0
TK-502874,Storage,P1,Storage-Support,Frustrated,0
TK-502875,Billing,P4,Billing-Ops,Neutral,0
TK-502876,Firmware,P2,Storage-Support,Neutral,0
TK-502877,Storage,P3,Storage-Support,Neutral,0
TK-502878,Hardware,P2,Server-HW,Neutral,0
TK-502879,Software,P3,Software-Support,Neutral,0
TK-502880,,P4,,Neutral,1
TK-502881,Firmware,P2,Server-HW,Frustrated,0
TK-502882,Networking,P3,Network-Support,Neutral,0
TK-502883,,P3,,Frustrated,1
TK-502884,Hardware,P4,Storage-Support,Neutral,0
TK-502885,Billing,P3,Billing-Ops,Neutral,0
TK-502886,Access,P3,Account-Admin,Neutral,0
TK-502887,Storage,P4,Storage-Support,Positive,0
TK-502888,Billing,P4,Billing-Ops,Neutral,0
TK-502889,Hardware,P2,Server-HW,Frustrated,0
TK-502890,Networking,P2,Network-Support,Angry,0
TK-502891,Software,P3,Software-Support,Frustrated,0
TK-502892,Storage,P1,Storage-Support,Neutral,0
TK-502893,Storage,P3,Storage-Support,Positive,0
TK-502894,Firmware,P3,Server-HW,Neutral,0
TK-502895,Firmware,P4,Server-HW,Neutral,0
TK-502896,Billing,P3,Billing-Ops,Neutral,0
TK-502897,Access,P4,Account-Admin,Frustrated,0
TK-502898,Storage,P1,Storage-Support,Frustrated,0
TK-502899,Firmware,P2,Server-HW,Angry,0
TK-502900,Access,P3,Account-Admin,Neutral,0
TK-502901,Security,P4,Account-Admin,Positive,0
TK-502902,Access,P3,Account-Admin,Neutral,0
TK-502903,Software,P4,Software-Support,Neutral,0
TK-502904,Firmware,P4,Server-HW,Neutral,0
TK-502905,Billing,P3,Billing-Ops,Frustrated,0
TK-502906,Firmware,P2,Server-HW,Neutral,0
TK-502907,Storage,P1,Storage-Support,Angry,0
TK-502908,Software,P4,Software-Support,Positive,0
TK-502909,Hardware,P2,Server-HW,Frustrated,0
TK-502910,Networking,P2,Network-Support,Neutral,0
TK-502911,Software,P2,Software-Support,Frustrated,0
TK-502912,Storage,P3,Server-HW,Frustrated,0
TK-502913,Networking,P2,Network-Support,Neutral,0
TK-502914,Firmware,P2,Server-HW,Angry,0
TK-502915,Access,P3,Account-Admin,Neutral,0
TK-502916,Security,P3,Security-Ops,Angry,0
TK-502917,Firmware,P4,Server-HW,Neutral,0
TK-502918,Storage,P4,Storage-Support,Neutral,0
TK-502919,Hardware,P3,Server-HW,Neutral,0
TK-502920,,P2,,Angry,1
TK-502921,Firmware,P4,Server-HW,Neutral,0
TK-502922,Storage,P3,Storage-Support,Frustrated,0
TK-502923,Firmware,P4,Server-HW,Neutral,0
TK-502924,Software,P2,Software-Support,Frustrated,0
TK-502925,Software,P3,Software-Support,Frustrated,0
TK-502926,Hardware,P2,Server-HW,Angry,0
TK-502927,,P1,,Frustrated,1
TK-502928,Security,P2,Security-Ops,Frustrated,0
TK-502929,,P3,,Frustrated,1
TK-502930,Hardware,P2,Server-HW,Angry,0
TK-502931,Security,P3,Account-Admin,Positive,0
TK-502932,Networking,P2,Network-Support,Neutral,0
TK-502933,Security,P3,Account-Admin,Neutral,0
TK-502934,Storage,P4,Server-HW,Positive,0
TK-502935,Software,P3,Software-Support,Neutral,0
TK-502936,Firmware,P4,Network-Support,Frustrated,0
TK-502937,Storage,P2,Storage-Support,Angry,0
TK-502938,Firmware,P4,Storage-Support,Neutral,0
TK-502939,,P1,,Neutral,1
TK-502940,Software,P3,Software-Support,Neutral,0
TK-502941,Software,P2,Software-Support,Neutral,0
TK-502942,Access,P4,Account-Admin,Positive,0
TK-502943,Access,P4,Account-Admin,Neutral,0
TK-502944,,P4,,Neutral,1
TK-502945,Firmware,P3,Server-HW,Frustrated,0
TK-502946,Software,P2,Software-Support,Neutral,0
TK-502947,Security,P2,Security-Ops,Neutral,0
TK-502948,Software,P1,Software-Support,Angry,0
TK-502949,Networking,P4,Network-Support,Frustrated,0
TK-502950,Security,P3,Security-Ops,Neutral,0
TK-502951,Hardware,P1,Server-HW,Neutral,0
TK-502952,Hardware,P2,Storage-Support,Neutral,0
TK-502953,Storage,P2,Storage-Support,Angry,0
TK-502954,Firmware,P4,Server-HW,Neutral,0
TK-502955,Billing,P4,Billing-Ops,Neutral,0
TK-502956,Networking,P3,Network-Support,Positive,0
TK-502957,Hardware,P3,Server-HW,Positive,0
TK-502958,Access,P3,Account-Admin,Positive,0
TK-502959,Security,P3,Account-Admin,Neutral,0
TK-502960,Firmware,P4,Server-HW,Positive,0
TK-502961,,P4,,Neutral,1
TK-502962,Access,P4,Account-Admin,Frustrated,0
TK-502963,Security,P3,Security-Ops,Positive,0
TK-502964,Networking,P3,Network-Support,Frustrated,0
TK-502965,Firmware,P4,Server-HW,Positive,0
TK-502966,Networking,P3,Software-Support,Neutral,0
TK-502967,Hardware,P4,Server-HW,Neutral,0
TK-502968,Hardware,P2,Server-HW,Neutral,0
TK-502969,Software,P4,Software-Support,Positive,0
TK-502970,Networking,P2,Network-Support,Angry,0
TK-502971,Storage,P2,Storage-Support,Neutral,0
TK-502972,Hardware,P2,Server-HW,Angry,0
TK-502973,Firmware,P3,Server-HW,Neutral,0
TK-502974,Firmware,P4,Server-HW,Neutral,0
TK-502975,Software,P3,Account-Admin,Positive,0
TK-502976,Storage,P1,Server-HW,Frustrated,0
TK-502977,Software,P2,Software-Support,Neutral,0
TK-502978,Billing,P2,Billing-Ops,Positive,0
TK-502979,Software,P3,Software-Support,Neutral,0
TK-502980,Hardware,P1,Server-HW,Angry,0
TK-502981,Billing,P4,Billing-Ops,Neutral,0
TK-502982,Storage,P3,Server-HW,Neutral,0
TK-502983,Access,P3,Account-Admin,Neutral,0
TK-502984,Software,P2,Software-Support,Frustrated,0
TK-502985,Storage,P4,Storage-Support,Neutral,0
TK-502986,,P3,,Neutral,1
TK-502987,Access,P4,Account-Admin,Neutral,0
TK-502988,Hardware,P3,Storage-Support,Frustrated,0
TK-502989,Hardware,P4,Server-HW,Neutral,0
TK-502990,,P2,,Neutral,1
TK-502991,Firmware,P4,Storage-Support,Neutral,0
TK-502992,Networking,P2,Network-Support,Positive,0
TK-502993,Hardware,P3,Storage-Support,Neutral,0
TK-502994,Hardware,P2,Server-HW,Neutral,0
TK-502995,,P3,,Neutral,1
TK-502996,Access,P4,Account-Admin,Neutral,0
TK-502997,Access,P3,Account-Admin,Positive,0
TK-502998,Hardware,P4,Server-HW,Neutral,0
TK-502999,Firmware,P3,Storage-Support,Positive,0
TK-503000,Firmware,P2,Server-HW,Angry,0
TK-503001,Access,P4,Account-Admin,Frustrated,0
TK-503002,Storage,P3,Storage-Support,Neutral,0
TK-503003,Software,P4,Software-Support,Positive,0
TK-503004,Storage,P4,Server-HW,Positive,0
TK-503005,Networking,P3,Network-Support,Frustrated,0
TK-503006,Security,P4,Security-Ops,Frustrated,0
TK-503007,Networking,P2,Network-Support,Neutral,0
TK-503008,Hardware,P3,Server-HW,Neutral,0
TK-503009,Access,P1,Account-Admin,Neutral,0
TK-503010,Firmware,P3,Network-Support,Neutral,0
TK-503011,,P4,,Positive,1
TK-503012,Hardware,P4,Server-HW,Neutral,0
TK-503013,Storage,P3,Storage-Support,Neutral,0
TK-503014,Hardware,P3,Storage-Support,Neutral,0
TK-503015,Storage,P2,Storage-Support,Neutral,0
TK-503016,,P2,,Neutral,1
TK-503017,Networking,P3,Network-Support,Positive,0
TK-503018,Firmware,P4,Server-HW,Neutral,0
TK-503019,Software,P3,Software-Support,Positive,0
TK-503020,Storage,P2,Storage-Support,Frustrated,0
TK-503021,,P3,,Angry,1
TK-503022,,P3,,Neutral,1
TK-503023,Storage,P4,Storage-Support,Neutral,0
TK-503024,Storage,P4,Storage-Support,Neutral,0
TK-503025,Billing,P4,Billing-Ops,Neutral,0
TK-503026,Hardware,P2,Server-HW,Frustrated,0
TK-503027,Billing,P4,Billing-Ops,Neutral,0
TK-503028,,P4,,Positive,1
TK-503029,Hardware,P3,Server-HW,Frustrated,0
TK-503030,Firmware,P3,Storage-Support,Frustrated,0
TK-503031,Networking,P1,Network-Support,Frustrated,0
TK-503032,Storage,P3,Server-HW,Neutral,0
TK-503033,Storage,P3,Storage-Support,Positive,0
TK-503034,Security,P4,Security-Ops,Positive,0
TK-503035,,P2,,Frustrated,1
TK-503036,Access,P3,Account-Admin,Neutral,0
TK-503037,Access,P2,Account-Admin,Frustrated,0
TK-503038,Storage,P1,Storage-Support,Frustrated,0
TK-503039,Storage,P4,Storage-Support,Neutral,0
TK-503040,Hardware,P3,Server-HW,Neutral,0
TK-503041,Storage,P1,Server-HW,Neutral,0
TK-503042,Storage,P2,Server-HW,Angry,0
TK-503043,Access,P4,Account-Admin,Frustrated,0
TK-503044,Billing,P4,Billing-Ops,Neutral,0
TK-503045,Access,P2,Account-Admin,Neutral,0
TK-503046,Networking,P3,Network-Support,Frustrated,0
TK-503047,Access,P3,Account-Admin,Positive,0
TK-503048,Hardware,P4,Server-HW,Neutral,0
TK-503049,Billing,P3,Billing-Ops,Neutral,0
TK-503050,Hardware,P1,Server-HW,Neutral,0
TK-503051,Hardware,P1,Server-HW,Neutral,0
TK-503052,,P3,,Neutral,1
TK-503053,,P2,,Neutral,1
TK-503054,,P4,,Neutral,1
TK-503055,,P4,,Neutral,1
TK-503056,Security,P4,Security-Ops,Positive,0
TK-503057,Storage,P1,Storage-Support,Frustrated,0
TK-503058,Software,P1,Software-Support,Frustrated,0
TK-503059,Storage,P2,Storage-Support,Frustrated,0
TK-503060,Software,P2,Software-Support,Frustrated,0
TK-503061,,P3,,Positive,1
TK-503062,Storage,P2,Storage-Support,Neutral,0
TK-503063,Billing,P3,Billing-Ops,Neutral,0
TK-503064,Hardware,P3,Server-HW,Neutral,0
TK-503065,Networking,P3,Network-Support,Positive,0
TK-503066,Software,P4,Software-Support,Neutral,0
TK-503067,Hardware,P3,Server-HW,Neutral,0
TK-503068,Security,P1,Security-Ops,Angry,0
TK-503069,Billing,P4,Billing-Ops,Neutral,0
TK-503070,Firmware,P2,Server-HW,Frustrated,0
TK-503071,Billing,P3,Billing-Ops,Neutral,0
TK-503072,Billing,P3,Billing-Ops,Neutral,0
TK-503073,Hardware,P3,Server-HW,Positive,0
TK-503074,Software,P3,Software-Support,Angry,0
TK-503075,Software,P4,Software-Support,Positive,0
TK-503076,,P1,,Angry,1
TK-503077,Networking,P2,Network-Support,Angry,0
TK-503078,,P2,,Neutral,1
TK-503079,Networking,P4,Network-Support,Frustrated,0
TK-503080,Software,P2,Software-Support,Frustrated,0
TK-503081,,P2,,Neutral,1
TK-503082,Networking,P1,Network-Support,Frustrated,0
TK-503083,Billing,P4,Billing-Ops,Neutral,0
TK-503084,Hardware,P3,Server-HW,Neutral,0
TK-503085,,P1,,Angry,1
TK-503086,Firmware,P4,Server-HW,Frustrated,0
TK-503087,Access,P3,Account-Admin,Positive,0
TK-503088,Hardware,P3,Server-HW,Neutral,0
TK-503089,Networking,P1,Network-Support,Frustrated,0
TK-503090,Storage,P3,Storage-Support,Frustrated,0
TK-503091,Storage,P2,Storage-Support,Frustrated,0
TK-503092,Access,P2,Account-Admin,Neutral,0
TK-503093,Security,P3,Security-Ops,Neutral,0
TK-503094,Security,P2,Security-Ops,Neutral,0
TK-503095,Storage,P1,Storage-Support,Angry,0
TK-503096,Storage,P2,Storage-Support,Frustrated,0
TK-503097,Storage,P1,Server-HW,Angry,0
TK-503098,,P4,,Neutral,1
TK-503099,Firmware,P1,Server-HW,Neutral,0
TK-503100,,P2,,Neutral,1
TK-503101,Storage,P3,Storage-Support,Neutral,0
TK-503102,Hardware,P2,Server-HW,Neutral,0
TK-503103,,P2,,Neutral,1
TK-503104,Networking,P3,Network-Support,Frustrated,0
TK-503105,Firmware,P4,Server-HW,Neutral,0
TK-503106,Hardware,P4,Server-HW,Neutral,0
TK-503107,,P3,,Neutral,1
TK-503108,Hardware,P2,Server-HW,Frustrated,0
TK-503109,Access,P4,Account-Admin,Positive,0
TK-503110,Storage,P3,Server-HW,Frustrated,0
TK-503111,Security,P2,Security-Ops,Neutral,0
TK-503112,Access,P2,Account-Admin,Frustrated,0
TK-503113,Storage,P1,Server-HW,Angry,0
TK-503114,Security,P3,Security-Ops,Neutral,0
TK-503115,Access,P3,Account-Admin,Angry,0
TK-503116,Firmware,P4,Storage-Support,Neutral,0
TK-503117,,P2,,Neutral,1
TK-503118,Software,P3,Software-Support,Neutral,0
TK-503119,Firmware,P2,Server-HW,Angry,0
TK-503120,Storage,P2,Storage-Support,Neutral,0
TK-503121,,P3,,Angry,1
TK-503122,Hardware,P3,Server-HW,Neutral,0
TK-503123,Hardware,P2,Server-HW,Frustrated,0
TK-503124,Firmware,P4,Server-HW,Frustrated,0
TK-503125,Networking,P1,Network-Support,Frustrated,0
TK-503126,Hardware,P2,Server-HW,Angry,0
TK-503127,,P2,,Positive,1
TK-503128,Networking,P2,Network-Support,Angry,0
TK-503129,Hardware,P2,Storage-Support,Neutral,0
TK-503130,Access,P2,Account-Admin,Angry,0
TK-503131,Hardware,P1,Server-HW,Frustrated,0
TK-503132,Hardware,P1,Server-HW,Neutral,0
TK-503133,Access,P4,Account-Admin,Neutral,0
TK-503134,Software,P3,Software-Support,Neutral,0
TK-503135,Networking,P4,Network-Support,Positive,0
TK-503136,Billing,P4,Billing-Ops,Neutral,0
TK-503137,Access,P2,Account-Admin,Neutral,0
TK-503138,Hardware,P3,Server-HW,Frustrated,0
TK-503139,Software,P4,Software-Support,Neutral,0
TK-503140,Storage,P3,Storage-Support,Neutral,0
TK-503141,Software,P2,Software-Support,Frustrated,0
TK-503142,Software,P2,Software-Support,Angry,0
TK-503143,Billing,P4,Billing-Ops,Positive,0
TK-503144,Software,P4,Software-Support,Neutral,0
TK-503145,Access,P4,Account-Admin,Neutral,0
TK-503146,Access,P3,Account-Admin,Neutral,0
TK-503147,Storage,P1,Storage-Support,Angry,0
TK-503148,Hardware,P4,Server-HW,Neutral,0
TK-503149,Hardware,P4,Storage-Support,Neutral,0
TK-503150,Firmware,P4,Server-HW,Frustrated,0
TK-503151,Hardware,P3,Storage-Support,Frustrated,0
TK-503152,Billing,P3,Billing-Ops,Frustrated,0
TK-503153,Hardware,P2,Server-HW,Neutral,0
TK-503154,Networking,P2,Network-Support,Frustrated,0
TK-503155,Firmware,P3,Storage-Support,Neutral,0
TK-503156,Software,P3,Software-Support,Neutral,0
TK-503157,Networking,P2,Network-Support,Frustrated,0
TK-503158,Networking,P3,Network-Support,Angry,0
TK-503159,,P2,,Neutral,1
TK-503160,Storage,P4,Storage-Support,Neutral,0
TK-503161,Software,P4,Software-Support,Positive,0
TK-503162,Storage,P3,Storage-Support,Positive,0
TK-503163,Firmware,P4,Server-HW,Positive,0
TK-503164,Billing,P3,Billing-Ops,Neutral,0
TK-503165,Networking,P2,Network-Support,Neutral,0
TK-503166,Networking,P4,Network-Support,Neutral,0
TK-503167,Security,P4,Security-Ops,Positive,0
TK-503168,Storage,P3,Storage-Support,Angry,0
TK-503169,Billing,P4,Billing-Ops,Neutral,0
TK-503170,Software,P3,Software-Support,Neutral,0
TK-503171,Hardware,P3,Storage-Support,Neutral,0
TK-503172,Networking,P3,Network-Support,Neutral,0
TK-503173,Firmware,P4,Storage-Support,Neutral,0
TK-503174,Access,P3,Account-Admin,Neutral,0
TK-503175,Hardware,P3,Network-Support,Neutral,0
TK-503176,Security,P3,Security-Ops,Neutral,0
TK-503177,Networking,P2,Network-Support,Angry,0
TK-503178,Firmware,P4,Server-HW,Positive,0
TK-503179,Security,P2,Security-Ops,Neutral,0
TK-503180,Networking,P2,Network-Support,Frustrated,0
TK-503181,Hardware,P1,Server-HW,Angry,0
TK-503182,Software,P2,Software-Support,Neutral,0
TK-503183,Security,P2,Security-Ops,Frustrated,0
TK-503184,Networking,P4,Network-Support,Neutral,0
TK-503185,Security,P4,Security-Ops,Positive,0
TK-503186,Networking,P3,Network-Support,Neutral,0
TK-503187,Networking,P3,Network-Support,Neutral,0
TK-503188,,P3,,Neutral,1
TK-503189,Hardware,P1,Server-HW,Angry,0
TK-503190,Access,P3,Account-Admin,Neutral,0
TK-503191,Storage,P3,Storage-Support,Positive,0
TK-503192,Networking,P2,Network-Support,Neutral,0
TK-503193,Firmware,P2,Server-HW,Frustrated,0
TK-503194,Security,P3,Security-Ops,Neutral,0
TK-503195,,P2,,Angry,1
TK-503196,Security,P1,Security-Ops,Neutral,0
TK-503197,Hardware,P1,Server-HW,Angry,0
TK-503198,Software,P4,Software-Support,Neutral,0
TK-503199,Storage,P1,Server-HW,Angry,0
TK-503200,Hardware,P1,Server-HW,Angry,0
TK-503201,Networking,P4,Network-Support,Frustrated,0
TK-503202,Firmware,P4,Server-HW,Neutral,0
TK-503203,Storage,P3,Storage-Support,Neutral,0
TK-503204,Storage,P4,Storage-Support,Neutral,0
TK-503205,Storage,P1,Storage-Support,Angry,0
TK-503206,Storage,P2,Storage-Support,Neutral,0
TK-503207,Access,P4,Account-Admin,Neutral,0
TK-503208,Billing,P3,Billing-Ops,Angry,0
TK-503209,Access,P3,Account-Admin,Neutral,0
TK-503210,Storage,P4,Storage-Support,Frustrated,0
TK-503211,Storage,P2,Storage-Support,Neutral,0
TK-503212,,P2,,Frustrated,1
TK-503213,Hardware,P2,Server-HW,Neutral,0
TK-503214,,P2,,Positive,1
TK-503215,Storage,P2,Storage-Support,Frustrated,0
TK-503216,Hardware,P3,Server-HW,Neutral,0
TK-503217,Storage,P3,Server-HW,Neutral,0
TK-503218,Software,P3,Software-Support,Frustrated,0
TK-503219,,P3,,Positive,1
TK-503220,Networking,P2,Network-Support,Neutral,0
TK-503221,Storage,P2,Server-HW,Frustrated,0
TK-503222,Security,P3,Security-Ops,Frustrated,0
TK-503223,,P3,,Frustrated,1
TK-503224,Security,P3,Security-Ops,Frustrated,0
TK-503225,Storage,P4,Server-HW,Frustrated,0
TK-503226,Hardware,P4,Server-HW,Positive,0
TK-503227,Security,P4,Security-Ops,Neutral,0
TK-503228,Access,P4,Account-Admin,Frustrated,0
TK-503229,Billing,P4,Billing-Ops,Frustrated,0
TK-503230,Networking,P2,Network-Support,Neutral,0
TK-503231,Hardware,P3,Server-HW,Neutral,0
TK-503232,Firmware,P2,Server-HW,Neutral,0
TK-503233,Networking,P3,Network-Support,Neutral,0
TK-503234,Access,P2,Account-Admin,Angry,0
TK-503235,Hardware,P4,Server-HW,Neutral,0
TK-503236,Firmware,P2,Storage-Support,Neutral,0
TK-503237,Firmware,P4,Server-HW,Neutral,0
TK-503238,Hardware,P2,Storage-Support,Angry,0
TK-503239,,P2,,Neutral,1
TK-503240,,P4,,Neutral,1
TK-503241,Software,P4,Software-Support,Neutral,0
TK-503242,Hardware,P3,Storage-Support,Angry,0
TK-503243,,P4,,Positive,1
TK-503244,Storage,P3,Storage-Support,Neutral,0
TK-503245,Hardware,P3,Server-HW,Neutral,0
TK-503246,Storage,P3,Server-HW,Neutral,0
TK-503247,Software,P3,Software-Support,Frustrated,0
TK-503248,Billing,P3,Billing-Ops,Neutral,0
TK-503249,,P3,,Frustrated,1
TK-503250,Firmware,P2,Server-HW,Frustrated,0
TK-503251,Networking,P3,Network-Support,Neutral,0
TK-503252,Firmware,P2,Server-HW,Neutral,0
TK-503253,Firmware,P3,Server-HW,Neutral,0
TK-503254,Networking,P4,Network-Support,Positive,0
TK-503255,Security,P3,Security-Ops,Frustrated,0
TK-503256,,P4,,Neutral,1
TK-503257,,P3,,Neutral,1
TK-503258,Networking,P3,Network-Support,Neutral,0
TK-503259,Hardware,P2,Server-HW,Positive,0
TK-503260,Access,P4,Account-Admin,Neutral,0
TK-503261,,P2,,Neutral,1
TK-503262,Networking,P2,Network-Support,Neutral,0
TK-503263,Software,P4,Software-Support,Neutral,0
TK-503264,Access,P4,Account-Admin,Positive,0
TK-503265,Billing,P3,Billing-Ops,Positive,0
TK-503266,,P4,,Neutral,1
TK-503267,Storage,P2,Storage-Support,Frustrated,0
TK-503268,Storage,P3,Storage-Support,Frustrated,0
TK-503269,Hardware,P2,Server-HW,Neutral,0
TK-503270,Software,P4,Software-Support,Neutral,0
TK-503271,,P4,,Neutral,1
TK-503272,Storage,P1,Storage-Support,Angry,0
TK-503273,Software,P2,Software-Support,Angry,0
TK-503274,Networking,P3,Network-Support,Positive,0
TK-503275,Storage,P2,Storage-Support,Frustrated,0
TK-503276,Storage,P2,Storage-Support,Frustrated,0
TK-503277,Firmware,P2,Server-HW,Frustrated,0
TK-503278,Access,P3,Account-Admin,Neutral,0
TK-503279,Access,P2,Account-Admin,Frustrated,0
TK-503280,,P4,,Neutral,1
TK-503281,Software,P3,Software-Support,Neutral,0
TK-503282,Security,P2,Security-Ops,Neutral,0
TK-503283,Security,P4,Security-Ops,Positive,0
TK-503284,Hardware,P3,Server-HW,Neutral,0
TK-503285,Firmware,P3,Network-Support,Neutral,0
TK-503286,Networking,P3,Network-Support,Neutral,0
TK-503287,Hardware,P3,Server-HW,Neutral,0
TK-503288,Billing,P3,Billing-Ops,Neutral,0
TK-503289,Hardware,P4,Server-HW,Frustrated,0
TK-503290,Storage,P3,Storage-Support,Neutral,0
TK-503291,Software,P2,Software-Support,Frustrated,0
TK-503292,Networking,P4,Network-Support,Neutral,0
TK-503293,Software,P2,Software-Support,Neutral,0
TK-503294,Security,P3,Security-Ops,Neutral,0
TK-503295,Software,P4,Software-Support,Neutral,0
TK-503296,Networking,P3,Network-Support,Neutral,0
TK-503297,Security,P4,Security-Ops,Positive,0
TK-503298,Billing,P4,Billing-Ops,Positive,0
TK-503299,Networking,P4,Network-Support,Neutral,0
TK-503300,,P4,,Positive,1
TK-503301,Billing,P4,Billing-Ops,Positive,0
TK-503302,,P3,,Positive,1
TK-503303,Firmware,P2,Server-HW,Neutral,0
TK-503304,Firmware,P4,Network-Support,Angry,0
TK-503305,Networking,P1,Network-Support,Frustrated,0
TK-503306,Networking,P2,Network-Support,Neutral,0
TK-503307,Hardware,P2,Storage-Support,Neutral,0
TK-503308,Software,P3,Software-Support,Angry,0
TK-503309,Billing,P3,Billing-Ops,Neutral,0
TK-503310,Networking,P3,Network-Support,Neutral,0
TK-503311,Hardware,P3,Server-HW,Positive,0
TK-503312,Security,P2,Security-Ops,Frustrated,0
TK-503313,Networking,P2,Network-Support,Frustrated,0
TK-503314,,P1,,Neutral,1
TK-503315,Hardware,P3,Server-HW,Frustrated,0
TK-503316,Software,P3,Software-Support,Neutral,0
TK-503317,Software,P3,Software-Support,Neutral,0
TK-503318,Hardware,P2,Storage-Support,Angry,0
TK-503319,Storage,P2,Storage-Support,Angry,0
TK-503320,Hardware,P3,Server-HW,Neutral,0
TK-503321,Networking,P3,Network-Support,Neutral,0
TK-503322,Networking,P2,Network-Support,Neutral,0
TK-503323,Networking,P1,Network-Support,Angry,0
TK-503324,Networking,P1,Network-Support,Neutral,0
TK-503325,Hardware,P2,Storage-Support,Neutral,0
TK-503326,Networking,P2,Network-Support,Frustrated,0
TK-503327,Storage,P4,Storage-Support,Neutral,0
TK-503328,,P2,,Frustrated,1
TK-503329,Hardware,P3,Server-HW,Neutral,0
TK-503330,Storage,P1,Server-HW,Positive,0
TK-503331,Software,P4,Software-Support,Neutral,0
TK-503332,Billing,P3,Billing-Ops,Positive,0
TK-503333,,P3,,Neutral,1
TK-503334,Firmware,P4,Storage-Support,Neutral,0
TK-503335,Firmware,P3,Network-Support,Neutral,0
TK-503336,Storage,P2,Server-HW,Neutral,0
TK-503337,Security,P3,Security-Ops,Frustrated,0
TK-503338,Storage,P3,Storage-Support,Neutral,0
TK-503339,,P2,,Angry,1
TK-503340,Networking,P2,Network-Support,Frustrated,0
TK-503341,Billing,P4,Billing-Ops,Neutral,0
TK-503342,Storage,P1,Storage-Support,Angry,0
TK-503343,Hardware,P4,Server-HW,Neutral,0
TK-503344,Networking,P1,Network-Support,Frustrated,0
TK-503345,Networking,P2,Network-Support,Frustrated,0
TK-503346,Hardware,P2,Server-HW,Frustrated,0
TK-503347,Networking,P4,Network-Support,Frustrated,0
TK-503348,Access,P4,Account-Admin,Neutral,0
TK-503349,Hardware,P1,Server-HW,Angry,0
TK-503350,Storage,P1,Storage-Support,Angry,0
TK-503351,Storage,P3,Server-HW,Neutral,0
TK-503352,Storage,P3,Storage-Support,Frustrated,0
TK-503353,,P1,,Positive,1
TK-503354,Hardware,P2,Storage-Support,Neutral,0
TK-503355,Billing,P4,Billing-Ops,Neutral,0
TK-503356,,P2,,Angry,1
TK-503357,Firmware,P3,Server-HW,Neutral,0
TK-503358,,P2,,Angry,1
TK-503359,Access,P4,Account-Admin,Positive,0
TK-503360,Hardware,P4,Server-HW,Neutral,0
TK-503361,,P4,,Positive,1
TK-503362,Security,P4,Security-Ops,Neutral,0
TK-503363,Billing,P4,Billing-Ops,Positive,0
TK-503364,Networking,P4,Network-Support,Neutral,0
TK-503365,Billing,P3,Billing-Ops,Neutral,0
TK-503366,Firmware,P2,Network-Support,Frustrated,0
TK-503367,Access,P2,Account-Admin,Frustrated,0
TK-503368,,P2,,Frustrated,1
TK-503369,Firmware,P3,Server-HW,Neutral,0
TK-503370,Networking,P3,Network-Support,Neutral,0
TK-503371,Hardware,P3,Server-HW,Frustrated,0
TK-503372,Security,P4,Security-Ops,Positive,0
TK-503373,Hardware,P3,Server-HW,Frustrated,0
TK-503374,Security,P4,Security-Ops,Neutral,0
TK-503375,Access,P3,Account-Admin,Neutral,0
TK-503376,Hardware,P2,Server-HW,Neutral,0
TK-503377,Software,P2,Software-Support,Neutral,0
TK-503378,Networking,P2,Network-Support,Frustrated,0
TK-503379,Access,P3,Account-Admin,Neutral,0
TK-503380,Storage,P1,Server-HW,Frustrated,0
TK-503381,Hardware,P3,Server-HW,Frustrated,0
TK-503382,Access,P4,Account-Admin,Neutral,0
TK-503383,,P3,,Angry,1
TK-503384,Networking,P2,Network-Support,Angry,0
TK-503385,,P3,,Positive,1
TK-503386,,P2,,Angry,1
TK-503387,Access,P4,Account-Admin,Frustrated,0
TK-503388,,P4,,Frustrated,1
TK-503389,Security,P4,Account-Admin,Neutral,0
TK-503390,Networking,P4,Network-Support,Neutral,0
TK-503391,Hardware,P3,Server-HW,Neutral,0
TK-503392,Networking,P2,Network-Support,Angry,0
TK-503393,Firmware,P4,Server-HW,Positive,0
TK-503394,Firmware,P2,Storage-Support,Neutral,0
TK-503395,Storage,P3,Server-HW,Neutral,0
TK-503396,Security,P3,Security-Ops,Neutral,0
TK-503397,Billing,P4,Billing-Ops,Neutral,0
TK-503398,Access,P4,Account-Admin,Positive,0
TK-503399,Access,P2,Account-Admin,Frustrated,0
TK-503400,Hardware,P1,Server-HW,Neutral,0
TK-503401,Hardware,P2,Server-HW,Neutral,0
TK-503402,Hardware,P3,Server-HW,Angry,0
TK-503403,Firmware,P2,Server-HW,Frustrated,0
TK-503404,Firmware,P4,Server-HW,Frustrated,0
TK-503405,Billing,P3,Billing-Ops,Neutral,0
TK-503406,Storage,P2,Storage-Support,Angry,0
TK-503407,Networking,P3,Network-Support,Neutral,0
TK-503408,Storage,P2,Server-HW,Angry,0
TK-503409,Hardware,P3,Server-HW,Neutral,0
TK-503410,Software,P2,Software-Support,Frustrated,0
TK-503411,Billing,P1,Billing-Ops,Angry,0
TK-503412,Hardware,P3,Server-HW,Neutral,0
TK-503413,Firmware,P3,Server-HW,Positive,0
TK-503414,Billing,P4,Billing-Ops,Neutral,0
TK-503415,Networking,P2,Network-Support,Neutral,0
TK-503416,Storage,P2,Storage-Support,Neutral,0
TK-503417,Hardware,P2,Server-HW,Neutral,0
TK-503418,Hardware,P1,Server-HW,Angry,0
TK-503419,Firmware,P1,Network-Support,Angry,0
TK-503420,Storage,P4,Storage-Support,Positive,0
TK-503421,Access,P2,Account-Admin,Frustrated,0
TK-503422,Access,P2,Account-Admin,Angry,0
TK-503423,Billing,P4,Billing-Ops,Positive,0
TK-503424,Networking,P4,Server-HW,Positive,0
TK-503425,Software,P3,Software-Support,Neutral,0
TK-503426,Access,P2,Account-Admin,Neutral,0
TK-503427,Firmware,P2,Network-Support,Neutral,0
TK-503428,Networking,P3,Network-Support,Frustrated,0
TK-503429,Hardware,P1,Server-HW,Angry,0
TK-503430,Firmware,P4,Server-HW,Neutral,0
TK-503431,Billing,P3,Billing-Ops,Frustrated,0
TK-503432,Billing,P3,Billing-Ops,Angry,0
TK-503433,Hardware,P1,Server-HW,Frustrated,0
TK-503434,Hardware,P1,Server-HW,Frustrated,0
TK-503435,Billing,P3,Billing-Ops,Angry,0
TK-503436,Firmware,P2,Network-Support,Neutral,0
TK-503437,Billing,P4,Billing-Ops,Neutral,0
TK-503438,Networking,P2,Network-Support,Frustrated,0
TK-503439,Billing,P3,Billing-Ops,Angry,0
TK-503440,Hardware,P2,Server-HW,Frustrated,0
TK-503441,Hardware,P4,Server-HW,Neutral,0
TK-503442,Software,P3,Software-Support,Positive,0
TK-503443,Hardware,P2,Server-HW,Neutral,0
TK-503444,Storage,P3,Storage-Support,Frustrated,0
TK-503445,Hardware,P4,Server-HW,Neutral,0
TK-503446,Software,P4,Software-Support,Neutral,0
TK-503447,Access,P2,Account-Admin,Neutral,0
TK-503448,Billing,P4,Billing-Ops,Positive,0
TK-503449,Software,P2,Software-Support,Frustrated,0
TK-503450,Networking,P3,Network-Support,Positive,0
TK-503451,,P3,,Neutral,1
TK-503452,Access,P4,Account-Admin,Positive,0
TK-503453,Software,P3,Software-Support,Neutral,0
TK-503454,Access,P4,Account-Admin,Neutral,0
TK-503455,Storage,P3,Storage-Support,Neutral,0
TK-503456,Networking,P3,Network-Support,Neutral,0
TK-503457,Hardware,P2,Server-HW,Frustrated,0
TK-503458,Hardware,P2,Server-HW,Neutral,0
TK-503459,Security,P4,Security-Ops,Neutral,0
TK-503460,Hardware,P2,Server-HW,Angry,0
TK-503461,Software,P4,Software-Support,Positive,0
TK-503462,Access,P3,Account-Admin,Neutral,0
TK-503463,Hardware,P4,Server-HW,Neutral,0
TK-503464,,P2,,Frustrated,1
TK-503465,Networking,P2,Network-Support,Neutral,0
TK-503466,Access,P2,Account-Admin,Angry,0
TK-503467,Firmware,P2,Server-HW,Frustrated,0
TK-503468,Hardware,P2,Storage-Support,Neutral,0
TK-503469,Storage,P1,Storage-Support,Neutral,0
TK-503470,Firmware,P4,Server-HW,Positive,0
TK-503471,Storage,P3,Server-HW,Frustrated,0
TK-503472,,P2,,Neutral,1
TK-503473,,P4,,Neutral,1
TK-503474,Storage,P4,Server-HW,Neutral,0
TK-503475,Networking,P2,Network-Support,Angry,0
TK-503476,Billing,P2,Billing-Ops,Frustrated,0
TK-503477,Networking,P3,Network-Support,Neutral,0
TK-503478,Billing,P4,Billing-Ops,Neutral,0
TK-503479,,P2,,Frustrated,1
TK-503480,Storage,P1,Server-HW,Angry,0
TK-503481,Networking,P2,Network-Support,Neutral,0
TK-503482,Storage,P3,Storage-Support,Neutral,0
TK-503483,Access,P3,Account-Admin,Neutral,0
TK-503484,Software,P3,Software-Support,Neutral,0
TK-503485,Storage,P3,Storage-Support,Positive,0
TK-503486,Access,P2,Account-Admin,Neutral,0
TK-503487,Firmware,P2,Server-HW,Frustrated,0
TK-503488,Storage,P2,Server-HW,Neutral,0
TK-503489,Networking,P3,Network-Support,Positive,0
TK-503490,Access,P4,Account-Admin,Neutral,0
TK-503491,Hardware,P2,Server-HW,Neutral,0
TK-503492,Software,P4,Software-Support,Neutral,0
TK-503493,Security,P2,Security-Ops,Neutral,0
TK-503494,Hardware,P2,Server-HW,Neutral,0
TK-503495,Billing,P3,Billing-Ops,Neutral,0
TK-503496,,P2,,Neutral,1
TK-503497,Firmware,P3,Server-HW,Angry,0
TK-503498,Storage,P2,Storage-Support,Frustrated,0
TK-503499,,P4,,Neutral,1
TK-503500,Firmware,P2,Server-HW,Angry,0
TK-503501,Networking,P4,Network-Support,Neutral,0
TK-503502,,P2,,Angry,1
TK-503503,,P1,,Frustrated,1
TK-503504,Firmware,P2,Network-Support,Neutral,0
TK-503505,Networking,P2,Server-HW,Angry,0
TK-503506,Networking,P2,Network-Support,Neutral,0
TK-503507,Storage,P4,Storage-Support,Positive,0
TK-503508,Hardware,P3,Server-HW,Positive,0
TK-503509,Networking,P3,Network-Support,Frustrated,0
TK-503510,Security,P4,Security-Ops,Neutral,0
TK-503511,Firmware,P3,Network-Support,Frustrated,0
TK-503512,Software,P3,Software-Support,Neutral,0
TK-503513,Security,P3,Security-Ops,Neutral,0
TK-503514,Firmware,P3,Server-HW,Positive,0
TK-503515,Hardware,P4,Server-HW,Frustrated,0
TK-503516,Access,P2,Account-Admin,Neutral,0
TK-503517,Storage,P3,Server-HW,Neutral,0
TK-503518,Software,P1,Software-Support,Angry,0
TK-503519,Billing,P4,Billing-Ops,Positive,0
TK-503520,Security,P2,Security-Ops,Frustrated,0
TK-503521,Hardware,P2,Server-HW,Frustrated,0
TK-503522,Networking,P3,Network-Support,Angry,0
TK-503523,Software,P3,Software-Support,Angry,0
TK-503524,Networking,P4,Network-Support,Positive,0
TK-503525,Hardware,P4,Server-HW,Neutral,0
TK-503526,Storage,P4,Server-HW,Neutral,0
TK-503527,,P4,,Positive,1
TK-503528,Storage,P4,Storage-Support,Neutral,0
TK-503529,Billing,P4,Billing-Ops,Neutral,0
TK-503530,Billing,P4,Billing-Ops,Positive,0
TK-503531,,P2,,Frustrated,1
TK-503532,Security,P4,Security-Ops,Positive,0
TK-503533,Networking,P3,Network-Support,Neutral,0
TK-503534,Software,P3,Software-Support,Positive,0
TK-503535,Storage,P3,Storage-Support,Neutral,0
TK-503536,Storage,P1,Server-HW,Neutral,0
TK-503537,Hardware,P2,Server-HW,Neutral,0
TK-503538,Security,P1,Security-Ops,Angry,0
TK-503539,Access,P3,Account-Admin,Frustrated,0
TK-503540,Networking,P3,Server-HW,Positive,0
TK-503541,Networking,P2,Network-Support,Angry,0
TK-503542,,P2,,Angry,1
TK-503543,Networking,P2,Network-Support,Frustrated,0
TK-503544,Access,P3,Account-Admin,Frustrated,0
TK-503545,Storage,P2,Storage-Support,Neutral,0
TK-503546,Hardware,P4,Storage-Support,Positive,0
TK-503547,Access,P3,Account-Admin,Frustrated,0
TK-503548,Software,P4,Software-Support,Neutral,0
TK-503549,Hardware,P4,Server-HW,Neutral,0
TK-503550,,P2,,Neutral,1
TK-503551,Networking,P2,Network-Support,Frustrated,0
TK-503552,,P4,,Angry,1
TK-503553,Security,P2,Security-Ops,Positive,0
TK-503554,Billing,P3,Billing-Ops,Frustrated,0
TK-503555,Hardware,P2,Server-HW,Angry,0
TK-503556,Security,P3,Security-Ops,Frustrated,0
TK-503557,Software,P3,Software-Support,Neutral,0
TK-503558,Firmware,P4,Server-HW,Neutral,0
TK-503559,Hardware,P2,Server-HW,Frustrated,0
TK-503560,,P2,,Neutral,1
TK-503561,Access,P1,Account-Admin,Neutral,0
TK-503562,Software,P4,Software-Support,Positive,0
TK-503563,Storage,P3,Server-HW,Neutral,0
TK-503564,Storage,P2,Server-HW,Neutral,0
TK-503565,,P3,,Angry,1
TK-503566,,P2,,Angry,1
TK-503567,Hardware,P1,Server-HW,Frustrated,0
TK-503568,Firmware,P2,Storage-Support,Neutral,0
TK-503569,,P4,,Angry,1
TK-503570,Software,P3,Software-Support,Neutral,0
TK-503571,Billing,P4,Billing-Ops,Positive,0
TK-503572,Storage,P2,Server-HW,Frustrated,0
TK-503573,Networking,P4,Network-Support,Positive,0
TK-503574,Storage,P3,Storage-Support,Neutral,0
TK-503575,Security,P4,Security-Ops,Neutral,0
TK-503576,Billing,P4,Billing-Ops,Neutral,0
TK-503577,Storage,P1,Storage-Support,Frustrated,0
TK-503578,Networking,P2,Network-Support,Neutral,0
TK-503579,Access,P3,Account-Admin,Positive,0
TK-503580,Access,P4,Account-Admin,Neutral,0
TK-503581,Storage,P2,Storage-Support,Neutral,0
TK-503582,Storage,P3,Server-HW,Neutral,0
TK-503583,Hardware,P2,Server-HW,Angry,0
TK-503584,Security,P3,Security-Ops,Positive,0
TK-503585,Billing,P3,Billing-Ops,Angry,0
TK-503586,Networking,P2,Network-Support,Frustrated,0
TK-503587,Firmware,P2,Server-HW,Angry,0
TK-503588,Software,P3,Account-Admin,Neutral,0
TK-503589,Security,P4,Security-Ops,Neutral,0
TK-503590,Security,P3,Security-Ops,Positive,0
TK-503591,Security,P4,Account-Admin,Angry,0
TK-503592,Access,P2,Account-Admin,Neutral,0
TK-503593,Access,P4,Account-Admin,Neutral,0
TK-503594,Software,P4,Software-Support,Neutral,0
TK-503595,Access,P4,Account-Admin,Neutral,0
TK-503596,Software,P4,Software-Support,Neutral,0
TK-503597,Networking,P2,Network-Support,Angry,0
TK-503598,Access,P2,Account-Admin,Neutral,0
TK-503599,Firmware,P2,Server-HW,Frustrated,0
TK-503600,Networking,P1,Network-Support,Neutral,0
TK-503601,Networking,P3,Network-Support,Neutral,0
TK-503602,Software,P3,Software-Support,Neutral,0
TK-503603,Access,P2,Account-Admin,Angry,0
TK-503604,Firmware,P2,Server-HW,Frustrated,0
TK-503605,,P4,,Positive,1
TK-503606,Software,P3,Software-Support,Neutral,0
TK-503607,,P3,,Angry,1
TK-503608,Hardware,P2,Server-HW,Positive,0
TK-503609,Hardware,P4,Server-HW,Positive,0
TK-503610,,P4,,Neutral,1
TK-503611,Billing,P4,Billing-Ops,Frustrated,0
TK-503612,Billing,P3,Billing-Ops,Neutral,0
TK-503613,Access,P3,Account-Admin,Positive,0
TK-503614,Security,P2,Security-Ops,Neutral,0
TK-503615,Software,P3,Software-Support,Neutral,0
TK-503616,,P4,,Neutral,1
TK-503617,,P4,,Neutral,1
TK-503618,Hardware,P2,Server-HW,Angry,0
TK-503619,Storage,P3,Server-HW,Neutral,0
TK-503620,Software,P2,Software-Support,Angry,0
TK-503621,Storage,P2,Storage-Support,Neutral,0
TK-503622,Hardware,P1,Server-HW,Frustrated,0
TK-503623,Networking,P2,Network-Support,Neutral,0
TK-503624,Firmware,P2,Server-HW,Neutral,0
TK-503625,Software,P2,Software-Support,Angry,0
TK-503626,,P2,,Angry,1
TK-503627,Firmware,P4,Server-HW,Neutral,0
TK-503628,,P1,,Neutral,1
TK-503629,Hardware,P1,Server-HW,Neutral,0
TK-503630,Storage,P2,Storage-Support,Neutral,0
TK-503631,Security,P3,Security-Ops,Positive,0
TK-503632,Software,P4,Software-Support,Neutral,0
TK-503633,Firmware,P4,Network-Support,Neutral,0
TK-503634,Networking,P2,Network-Support,Neutral,0
TK-503635,,P3,,Neutral,1
TK-503636,Hardware,P1,Server-HW,Frustrated,0
TK-503637,,P2,,Frustrated,1
TK-503638,Access,P3,Account-Admin,Neutral,0
TK-503639,Software,P3,Software-Support,Neutral,0
TK-503640,Hardware,P1,Server-HW,Neutral,0
TK-503641,Access,P2,Account-Admin,Frustrated,0
TK-503642,Access,P3,Account-Admin,Neutral,0
TK-503643,Hardware,P2,Server-HW,Neutral,0
TK-503644,Storage,P4,Storage-Support,Neutral,0
TK-503645,,P4,,Neutral,1
TK-503646,Security,P2,Security-Ops,Frustrated,0
TK-503647,Security,P4,Security-Ops,Neutral,0
TK-503648,Networking,P2,Network-Support,Neutral,0
TK-503649,,P4,,Neutral,1
TK-503650,Networking,P2,Network-Support,Frustrated,0
TK-503651,Software,P3,Software-Support,Neutral,0
TK-503652,Hardware,P3,Server-HW,Positive,0
TK-503653,Access,P2,Account-Admin,Frustrated,0
TK-503654,Networking,P2,Network-Support,Neutral,0
TK-503655,Storage,P2,Storage-Support,Frustrated,0
TK-503656,,P4,,Neutral,1
TK-503657,Access,P4,Account-Admin,Positive,0
TK-503658,,P2,,Neutral,1
TK-503659,,P2,,Neutral,1
TK-503660,Hardware,P4,Server-HW,Frustrated,0
TK-503661,Networking,P2,Network-Support,Neutral,0
TK-503662,Billing,P3,Billing-Ops,Positive,0
TK-503663,Billing,P4,Billing-Ops,Frustrated,0
TK-503664,Hardware,P3,Server-HW,Frustrated,0
TK-503665,,P2,,Neutral,1
TK-503666,Hardware,P2,Storage-Support,Angry,0
TK-503667,,P2,,Positive,1
TK-503668,Firmware,P4,Server-HW,Neutral,0
TK-503669,Networking,P2,Network-Support,Frustrated,0
TK-503670,Software,P3,Software-Support,Neutral,0
TK-503671,,P2,,Positive,1
TK-503672,Software,P3,Software-Support,Frustrated,0
TK-503673,Storage,P4,Server-HW,Positive,0
TK-503674,Hardware,P3,Server-HW,Neutral,0
TK-503675,Security,P3,Security-Ops,Neutral,0
TK-503676,Security,P3,Account-Admin,Frustrated,0
TK-503677,,P2,,Frustrated,1
TK-503678,Hardware,P4,Server-HW,Frustrated,0
TK-503679,,P1,,Frustrated,1
TK-503680,Security,P3,Security-Ops,Neutral,0
TK-503681,Storage,P2,Server-HW,Angry,0
TK-503682,Hardware,P2,Server-HW,Neutral,0
TK-503683,,P1,,Positive,1
TK-503684,Storage,P4,Storage-Support,Neutral,0
TK-503685,Networking,P2,Network-Support,Neutral,0
TK-503686,Networking,P3,Network-Support,Frustrated,0
TK-503687,Access,P3,Account-Admin,Neutral,0
TK-503688,Storage,P4,Storage-Support,Positive,0
TK-503689,Firmware,P3,Storage-Support,Neutral,0
TK-503690,Software,P4,Software-Support,Neutral,0
TK-503691,Storage,P4,Storage-Support,Neutral,0
TK-503692,Storage,P4,Server-HW,Neutral,0
TK-503693,Storage,P2,Storage-Support,Neutral,0
TK-503694,,P4,,Neutral,1
TK-503695,Firmware,P3,Server-HW,Neutral,0
TK-503696,Hardware,P3,Server-HW,Neutral,0
TK-503697,Networking,P3,Network-Support,Neutral,0
TK-503698,,P4,,Neutral,1
TK-503699,Firmware,P3,Server-HW,Angry,0
TK-503700,Networking,P4,Network-Support,Neutral,0
TK-503701,Hardware,P3,Server-HW,Positive,0
TK-503702,Hardware,P2,Server-HW,Frustrated,0
TK-503703,Security,P4,Account-Admin,Neutral,0
TK-503704,Networking,P2,Network-Support,Frustrated,0
TK-503705,Hardware,P4,Server-HW,Neutral,0
TK-503706,Networking,P1,Network-Support,Neutral,0
TK-503707,Hardware,P2,Server-HW,Neutral,0
TK-503708,Hardware,P1,Server-HW,Neutral,0
TK-503709,,P2,,Neutral,1
TK-503710,Billing,P4,Billing-Ops,Neutral,0
TK-503711,Storage,P2,Server-HW,Neutral,0
TK-503712,Security,P4,Security-Ops,Frustrated,0
TK-503713,Networking,P2,Network-Support,Neutral,0
TK-503714,Storage,P1,Storage-Support,Neutral,0
TK-503715,Networking,P1,Network-Support,Frustrated,0
TK-503716,Firmware,P2,Server-HW,Angry,0
TK-503717,Firmware,P4,Storage-Support,Neutral,0
TK-503718,Hardware,P2,Server-HW,Neutral,0
TK-503719,Hardware,P2,Server-HW,Frustrated,0
TK-503720,Hardware,P2,Server-HW,Frustrated,0
TK-503721,Hardware,P3,Server-HW,Neutral,0
TK-503722,Storage,P4,Storage-Support,Neutral,0
TK-503723,Hardware,P2,Server-HW,Neutral,0
TK-503724,,P3,,Frustrated,1
TK-503725,Hardware,P3,Network-Support,Positive,0
TK-503726,Hardware,P2,Server-HW,Frustrated,0
TK-503727,Networking,P2,Network-Support,Neutral,0
TK-503728,Access,P4,Account-Admin,Neutral,0
TK-503729,Hardware,P1,Storage-Support,Frustrated,0
TK-503730,Access,P3,Account-Admin,Angry,0
TK-503731,Software,P2,Software-Support,Neutral,0
TK-503732,Software,P3,Software-Support,Frustrated,0
TK-503733,Networking,P2,Network-Support,Frustrated,0
TK-503734,Networking,P3,Network-Support,Positive,0
TK-503735,Billing,P3,Billing-Ops,Neutral,0
TK-503736,,P2,,Neutral,1
TK-503737,Hardware,P1,Server-HW,Neutral,0
TK-503738,Hardware,P1,Server-HW,Positive,0
TK-503739,Storage,P2,Server-HW,Frustrated,0
TK-503740,Firmware,P2,Server-HW,Frustrated,0
TK-503741,Hardware,P2,Storage-Support,Frustrated,0
TK-503742,Networking,P3,Network-Support,Angry,0
TK-503743,Firmware,P2,Network-Support,Angry,0
TK-503744,,P2,,Frustrated,1
TK-503745,Software,P4,Software-Support,Neutral,0
TK-503746,Networking,P4,Network-Support,Neutral,0
TK-503747,Networking,P2,Network-Support,Neutral,0
TK-503748,,P1,,Neutral,1
TK-503749,Billing,P4,Billing-Ops,Positive,0
TK-503750,,P4,,Positive,1
TK-503751,,P4,,Frustrated,1
TK-503752,Firmware,P4,Network-Support,Positive,0
TK-503753,Software,P4,Software-Support,Frustrated,0
TK-503754,Networking,P3,Network-Support,Neutral,0
TK-503755,Networking,P4,Network-Support,Positive,0
TK-503756,Firmware,P3,Storage-Support,Neutral,0
TK-503757,Security,P2,Security-Ops,Positive,0
TK-503758,,P3,,Angry,1
TK-503759,Hardware,P4,Server-HW,Positive,0
TK-503760,Security,P3,Security-Ops,Neutral,0
TK-503761,Security,P4,Account-Admin,Neutral,0
TK-503762,Storage,P2,Storage-Support,Frustrated,0
TK-503763,Software,P2,Software-Support,Frustrated,0
TK-503764,Firmware,P4,Server-HW,Neutral,0
TK-503765,Billing,P4,Billing-Ops,Neutral,0
TK-503766,Security,P2,Security-Ops,Neutral,0
TK-503767,Hardware,P2,Server-HW,Frustrated,0
TK-503768,Software,P2,Software-Support,Frustrated,0
TK-503769,Firmware,P2,Server-HW,Angry,0
TK-503770,,P4,,Neutral,1
TK-503771,Networking,P4,Network-Support,Neutral,0
TK-503772,Hardware,P4,Storage-Support,Frustrated,0
TK-503773,,P2,,Frustrated,1
TK-503774,Security,P2,Security-Ops,Angry,0
TK-503775,Software,P3,Software-Support,Neutral,0
TK-503776,,P2,,Frustrated,1
TK-503777,Networking,P2,Network-Support,Neutral,0
TK-503778,Firmware,P4,Network-Support,Neutral,0
TK-503779,Security,P2,Security-Ops,Neutral,0
TK-503780,Storage,P4,Storage-Support,Neutral,0
TK-503781,Storage,P1,Storage-Support,Neutral,0
TK-503782,Hardware,P3,Storage-Support,Frustrated,0
TK-503783,Billing,P4,Billing-Ops,Neutral,0
TK-503784,Billing,P4,Billing-Ops,Positive,0
TK-503785,Storage,P3,Storage-Support,Frustrated,0
TK-503786,Access,P2,Account-Admin,Frustrated,0
TK-503787,Storage,P2,Storage-Support,Neutral,0
TK-503788,Software,P4,Software-Support,Frustrated,0
TK-503789,,P2,,Neutral,1
TK-503790,Storage,P2,Storage-Support,Frustrated,0
TK-503791,Firmware,P3,Server-HW,Frustrated,0
TK-503792,Software,P3,Software-Support,Neutral,0
TK-503793,Software,P4,Software-Support,Neutral,0
TK-503794,,P2,,Neutral,1
TK-503795,,P3,,Angry,1
TK-503796,Hardware,P2,Server-HW,Neutral,0
TK-503797,Access,P1,Account-Admin,Neutral,0
TK-503798,Storage,P4,Server-HW,Positive,0
TK-503799,Storage,P1,Storage-Support,Neutral,0
TK-503800,Networking,P1,Network-Support,Neutral,0
TK-503801,Networking,P2,Network-Support,Neutral,0
TK-503802,Billing,P4,Billing-Ops,Positive,0
TK-503803,Hardware,P3,Server-HW,Frustrated,0
TK-503804,Software,P2,Software-Support,Neutral,0
TK-503805,Hardware,P2,Server-HW,Frustrated,0
TK-503806,Storage,P4,Storage-Support,Frustrated,0
TK-503807,Access,P3,Account-Admin,Neutral,0
TK-503808,Hardware,P3,Server-HW,Neutral,0
TK-503809,Billing,P3,Billing-Ops,Neutral,0
TK-503810,Networking,P2,Network-Support,Neutral,0
TK-503811,,P2,,Neutral,1
TK-503812,Storage,P2,Storage-Support,Neutral,0
TK-503813,Access,P2,Account-Admin,Positive,0
TK-503814,Storage,P3,Server-HW,Neutral,0
TK-503815,,P2,,Positive,1
TK-503816,Access,P3,Account-Admin,Frustrated,0
TK-503817,Access,P3,Account-Admin,Neutral,0
TK-503818,Networking,P3,Network-Support,Frustrated,0
TK-503819,Access,P1,Account-Admin,Frustrated,0
TK-503820,Storage,P4,Server-HW,Positive,0
TK-503821,Storage,P1,Storage-Support,Angry,0
TK-503822,,P1,,Neutral,1
TK-503823,Storage,P4,Server-HW,Positive,0
TK-503824,Hardware,P3,Server-HW,Neutral,0
TK-503825,Hardware,P3,Server-HW,Positive,0
TK-503826,Storage,P4,Storage-Support,Positive,0
TK-503827,Networking,P4,Network-Support,Positive,0
TK-503828,Hardware,P3,Server-HW,Neutral,0
TK-503829,,P2,,Frustrated,1
TK-503830,Storage,P4,Storage-Support,Neutral,0
TK-503831,,P4,,Neutral,1
TK-503832,Billing,P4,Billing-Ops,Neutral,0
TK-503833,Software,P2,Software-Support,Neutral,0
TK-503834,Security,P1,Security-Ops,Frustrated,0
TK-503835,Hardware,P4,Server-HW,Neutral,0
TK-503836,Hardware,P4,Server-HW,Neutral,0
TK-503837,Firmware,P4,Server-HW,Frustrated,0
TK-503838,Access,P3,Account-Admin,Neutral,0
TK-503839,Software,P3,Software-Support,Frustrated,0
TK-503840,Networking,P2,Network-Support,Frustrated,0
TK-503841,,P2,,Neutral,1
TK-503842,Firmware,P2,Server-HW,Angry,0
TK-503843,,P2,,Neutral,1
TK-503844,Software,P3,Software-Support,Neutral,0
TK-503845,Networking,P3,Network-Support,Neutral,0
TK-503846,Networking,P3,Network-Support,Neutral,0
TK-503847,Access,P3,Account-Admin,Neutral,0
TK-503848,Hardware,P4,Server-HW,Neutral,0
TK-503849,,P2,,Angry,1
TK-503850,,P2,,Neutral,1
TK-503851,Billing,P4,Billing-Ops,Neutral,0
TK-503852,Access,P4,Account-Admin,Neutral,0
TK-503853,Hardware,P3,Server-HW,Neutral,0
TK-503854,Hardware,P2,Server-HW,Neutral,0
TK-503855,,P4,,Frustrated,1
TK-503856,Networking,P2,Network-Support,Neutral,0
TK-503857,Storage,P4,Server-HW,Neutral,0
TK-503858,Billing,P4,Billing-Ops,Neutral,0
TK-503859,Storage,P2,Storage-Support,Neutral,0
TK-503860,Hardware,P3,Server-HW,Neutral,0
TK-503861,Networking,P3,Network-Support,Neutral,0
TK-503862,Networking,P1,Network-Support,Positive,0
TK-503863,Networking,P3,Network-Support,Neutral,0
TK-503864,Access,P3,Account-Admin,Frustrated,0
TK-503865,Hardware,P2,Server-HW,Angry,0
TK-503866,Firmware,P3,Server-HW,Frustrated,0
TK-503867,Security,P2,Security-Ops,Frustrated,0
TK-503868,Storage,P3,Storage-Support,Neutral,0
TK-503869,Hardware,P3,Server-HW,Neutral,0
TK-503870,Hardware,P2,Server-HW,Neutral,0
TK-503871,Security,P3,Security-Ops,Neutral,0
TK-503872,Billing,P4,Billing-Ops,Neutral,0
TK-503873,Networking,P4,Network-Support,Positive,0
TK-503874,,P3,,Positive,1
TK-503875,Software,P3,Software-Support,Neutral,0
TK-503876,Firmware,P4,Storage-Support,Neutral,0
TK-503877,Firmware,P3,Storage-Support,Frustrated,0
TK-503878,Software,P4,Software-Support,Positive,0
TK-503879,Hardware,P2,Server-HW,Neutral,0
TK-503880,Software,P2,Software-Support,Neutral,0
TK-503881,Access,P2,Account-Admin,Neutral,0
TK-503882,Hardware,P4,Server-HW,Positive,0
TK-503883,Billing,P4,Billing-Ops,Neutral,0
TK-503884,Access,P3,Account-Admin,Frustrated,0
TK-503885,Hardware,P2,Server-HW,Neutral,0
TK-503886,Billing,P3,Billing-Ops,Frustrated,0
TK-503887,,P3,,Positive,1
TK-503888,Software,P4,Software-Support,Positive,0
TK-503889,Networking,P2,Network-Support,Neutral,0
TK-503890,,P3,,Neutral,1
TK-503891,Security,P3,Security-Ops,Frustrated,0
TK-503892,Software,P2,Software-Support,Angry,0
TK-503893,Hardware,P3,Storage-Support,Neutral,0
TK-503894,,P4,,Neutral,1
TK-503895,Firmware,P1,Server-HW,Neutral,0
TK-503896,,P3,,Neutral,1
TK-503897,Storage,P3,Server-HW,Neutral,0
TK-503898,Networking,P4,Network-Support,Neutral,0
TK-503899,Software,P3,Software-Support,Positive,0
TK-503900,Hardware,P2,Storage-Support,Frustrated,0
TK-503901,Billing,P3,Billing-Ops,Positive,0
TK-503902,Security,P3,Security-Ops,Frustrated,0
TK-503903,,P2,,Neutral,1
TK-503904,Hardware,P2,Server-HW,Neutral,0
TK-503905,Hardware,P2,Server-HW,Neutral,0
TK-503906,Software,P2,Software-Support,Angry,0
TK-503907,Hardware,P3,Server-HW,Neutral,0
TK-503908,Security,P2,Security-Ops,Neutral,0
TK-503909,Hardware,P2,Server-HW,Frustrated,0
TK-503910,Hardware,P2,Server-HW,Neutral,0
TK-503911,Access,P3,Account-Admin,Frustrated,0
TK-503912,Software,P3,Account-Admin,Neutral,0
TK-503913,,P4,,Positive,1
TK-503914,,P4,,Neutral,1
TK-503915,,P2,,Neutral,1
TK-503916,Hardware,P4,Server-HW,Neutral,0
TK-503917,Networking,P3,Network-Support,Neutral,0
TK-503918,Software,P2,Software-Support,Positive,0
TK-503919,Storage,P2,Server-HW,Neutral,0
TK-503920,Hardware,P2,Server-HW,Neutral,0
TK-503921,Software,P2,Software-Support,Frustrated,0
TK-503922,Storage,P3,Storage-Support,Neutral,0
TK-503923,Hardware,P4,Server-HW,Neutral,0
TK-503924,Storage,P1,Storage-Support,Neutral,0
TK-503925,Networking,P2,Network-Support,Neutral,0
TK-503926,Access,P2,Account-Admin,Neutral,0
TK-503927,Networking,P2,Network-Support,Neutral,0
TK-503928,Access,P4,Account-Admin,Neutral,0
TK-503929,Access,P3,Account-Admin,Frustrated,0
TK-503930,Hardware,P2,Server-HW,Frustrated,0
TK-503931,,P4,,Neutral,1
TK-503932,Networking,P2,Network-Support,Neutral,0
TK-503933,Software,P4,Software-Support,Neutral,0
TK-503934,Hardware,P4,Server-HW,Neutral,0
TK-503935,Software,P4,Software-Support,Neutral,0
TK-503936,Access,P1,Account-Admin,Angry,0
TK-503937,Firmware,P4,Storage-Support,Positive,0
TK-503938,,P1,,Frustrated,1
TK-503939,Billing,P4,Billing-Ops,Neutral,0
TK-503940,Software,P2,Software-Support,Angry,0
TK-503941,Networking,P2,Network-Support,Neutral,0
TK-503942,Networking,P3,Network-Support,Neutral,0
TK-503943,Security,P2,Security-Ops,Angry,0
TK-503944,Hardware,P2,Storage-Support,Positive,0
TK-503945,Networking,P4,Network-Support,Angry,0
TK-503946,Billing,P4,Billing-Ops,Neutral,0
TK-503947,Hardware,P3,Server-HW,Frustrated,0
TK-503948,Networking,P2,Network-Support,Neutral,0
TK-503949,Software,P4,Software-Support,Neutral,0
TK-503950,Software,P2,Software-Support,Angry,0
TK-503951,Firmware,P3,Storage-Support,Neutral,0
TK-503952,Software,P4,Software-Support,Positive,0
TK-503953,Software,P3,Software-Support,Neutral,0
TK-503954,,P4,,Angry,1
TK-503955,Firmware,P1,Server-HW,Angry,0
TK-503956,Access,P3,Account-Admin,Neutral,0
TK-503957,Billing,P4,Billing-Ops,Neutral,0
TK-503958,Security,P1,Security-Ops,Neutral,0
TK-503959,,P4,,Neutral,1
TK-503960,Hardware,P1,Server-HW,Frustrated,0
TK-503961,,P3,,Neutral,1
TK-503962,Networking,P2,Network-Support,Neutral,0
TK-503963,Hardware,P4,Storage-Support,Positive,0
TK-503964,Hardware,P4,Server-HW,Frustrated,0
TK-503965,Networking,P2,Network-Support,Neutral,0
TK-503966,Firmware,P2,Network-Support,Neutral,0
TK-503967,Hardware,P2,Server-HW,Frustrated,0
TK-503968,Billing,P4,Billing-Ops,Neutral,0
TK-503969,Software,P4,Software-Support,Neutral,0
TK-503970,Firmware,P3,Storage-Support,Positive,0
TK-503971,Hardware,P3,Server-HW,Neutral,0
TK-503972,Access,P4,Account-Admin,Neutral,0
TK-503973,Storage,P3,Storage-Support,Positive,0
TK-503974,Hardware,P2,Server-HW,Frustrated,0
TK-503975,Software,P3,Software-Support,Frustrated,0
TK-503976,,P3,,Frustrated,1
TK-503977,,P3,,Neutral,1
TK-503978,Firmware,P3,Server-HW,Frustrated,0
TK-503979,Firmware,P2,Network-Support,Neutral,0
TK-503980,Hardware,P3,Server-HW,Neutral,0
TK-503981,Billing,P4,Billing-Ops,Neutral,0
TK-503982,Hardware,P4,Server-HW,Positive,0
TK-503983,,P4,,Neutral,1
TK-503984,,P2,,Neutral,1
TK-503985,Networking,P2,Network-Support,Neutral,0
TK-503986,Storage,P2,Server-HW,Neutral,0
TK-503987,Hardware,P2,Server-HW,Frustrated,0
TK-503988,Access,P3,Account-Admin,Positive,0
TK-503989,Security,P3,Security-Ops,Neutral,0
TK-503990,Software,P2,Software-Support,Neutral,0
TK-503991,Billing,P4,Billing-Ops,Positive,0
TK-503992,Storage,P1,Server-HW,Frustrated,0
TK-503993,Storage,P4,Storage-Support,Neutral,0
TK-503994,Networking,P3,Network-Support,Neutral,0
TK-503995,Software,P3,Software-Support,Neutral,0
TK-503996,Billing,P3,Billing-Ops,Neutral,0
TK-503997,Hardware,P2,Server-HW,Neutral,0
TK-503998,Access,P4,Account-Admin,Neutral,0
TK-503999,Software,P4,Software-Support,Positive,0
TK-504000,Firmware,P4,Storage-Support,Positive,0
TK-504001,Networking,P3,Network-Support,Neutral,0
TK-504002,,P3,,Neutral,1
TK-504003,Storage,P2,Server-HW,Frustrated,0
TK-504004,Firmware,P3,Server-HW,Neutral,0
TK-504005,,P2,,Angry,1
TK-504006,Access,P1,Account-Admin,Neutral,0
TK-504007,Access,P1,Account-Admin,Frustrated,0
TK-504008,Networking,P3,Network-Support,Neutral,0
TK-504009,Networking,P1,Network-Support,Frustrated,0
TK-504010,Firmware,P4,Server-HW,Neutral,0
TK-504011,Networking,P4,Network-Support,Neutral,0
TK-504012,Storage,P3,Storage-Support,Positive,0
TK-504013,,P4,,Neutral,1
TK-504014,,P4,,Neutral,1
TK-504015,Access,P2,Account-Admin,Positive,0
TK-504016,Hardware,P3,Server-HW,Neutral,0
TK-504017,Storage,P2,Storage-Support,Frustrated,0
TK-504018,Storage,P3,Storage-Support,Neutral,0
TK-504019,Hardware,P3,Server-HW,Positive,0
TK-504020,Networking,P4,Network-Support,Neutral,0
TK-504021,,P4,,Neutral,1
TK-504022,Access,P4,Account-Admin,Positive,0
TK-504023,,P4,,Positive,1
TK-504024,Hardware,P1,Server-HW,Frustrated,0
TK-504025,,P1,,Angry,1
TK-504026,Access,P2,Account-Admin,Neutral,0
TK-504027,Hardware,P2,Server-HW,Neutral,0
TK-504028,,P1,,Angry,1
TK-504029,Security,P2,Security-Ops,Angry,0
TK-504030,Firmware,P4,Server-HW,Frustrated,0
TK-504031,,P2,,Angry,1
TK-504032,Software,P2,Software-Support,Neutral,0
TK-504033,Billing,P4,Billing-Ops,Neutral,0
TK-504034,Access,P4,Account-Admin,Neutral,0
TK-504035,Firmware,P2,Server-HW,Frustrated,0
TK-504036,Storage,P2,Storage-Support,Neutral,0
TK-504037,Storage,P2,Storage-Support,Neutral,0
TK-504038,Software,P2,Software-Support,Positive,0
TK-504039,,P2,,Angry,1
TK-504040,Hardware,P2,Server-HW,Angry,0
TK-504041,,P2,,Neutral,1
TK-504042,Networking,P2,Network-Support,Neutral,0
TK-504043,Hardware,P2,Server-HW,Frustrated,0
TK-504044,Access,P3,Account-Admin,Neutral,0
TK-504045,Hardware,P1,Server-HW,Neutral,0
TK-504046,Storage,P1,Server-HW,Frustrated,0
TK-504047,Storage,P3,Storage-Support,Neutral,0
TK-504048,Software,P2,Software-Support,Frustrated,0
TK-504049,Hardware,P3,Server-HW,Neutral,0
TK-504050,Storage,P1,Storage-Support,Frustrated,0
TK-504051,Software,P3,Software-Support,Positive,0
TK-504052,Networking,P4,Network-Support,Neutral,0
TK-504053,Firmware,P3,Server-HW,Neutral,0
TK-504054,Storage,P3,Storage-Support,Neutral,0
TK-504055,Storage,P3,Server-HW,Neutral,0
TK-504056,Software,P3,Software-Support,Neutral,0
TK-504057,,P4,,Neutral,1
TK-504058,,P4,,Neutral,1
TK-504059,Networking,P2,Network-Support,Angry,0
TK-504060,Software,P4,Software-Support,Neutral,0
TK-504061,Billing,P4,Billing-Ops,Neutral,0
TK-504062,Security,P3,Security-Ops,Neutral,0
TK-504063,,P2,,Neutral,1
TK-504064,Networking,P2,Network-Support,Frustrated,0
TK-504065,Access,P3,Account-Admin,Neutral,0
TK-504066,,P2,,Frustrated,1
TK-504067,,P4,,Neutral,1
TK-504068,Access,P3,Account-Admin,Neutral,0
TK-504069,,P4,,Neutral,1
TK-504070,Storage,P1,Server-HW,Neutral,0
TK-504071,Hardware,P3,Server-HW,Neutral,0
TK-504072,Software,P2,Software-Support,Angry,0
TK-504073,Billing,P2,Storage-Support,Neutral,0
TK-504074,Security,P3,Security-Ops,Angry,0
TK-504075,Hardware,P2,Server-HW,Neutral,0
TK-504076,Hardware,P2,Server-HW,Frustrated,0
TK-504077,Networking,P4,Network-Support,Frustrated,0
TK-504078,Billing,P3,Billing-Ops,Neutral,0
TK-504079,Networking,P1,Network-Support,Frustrated,0
TK-504080,Software,P3,Software-Support,Neutral,0
TK-504081,Billing,P2,Billing-Ops,Frustrated,0
TK-504082,Access,P3,Account-Admin,Neutral,0
TK-504083,Billing,P4,Billing-Ops,Neutral,0
TK-504084,Networking,P2,Network-Support,Frustrated,0
TK-504085,Hardware,P3,Server-HW,Frustrated,0
TK-504086,Networking,P2,Network-Support,Neutral,0
TK-504087,Security,P3,Security-Ops,Angry,0
TK-504088,Software,P3,Software-Support,Neutral,0
TK-504089,Security,P3,Security-Ops,Neutral,0
TK-504090,Billing,P3,Billing-Ops,Neutral,0
TK-504091,Security,P2,Security-Ops,Frustrated,0
TK-504092,Billing,P4,Billing-Ops,Neutral,0
TK-504093,,P2,,Frustrated,1
TK-504094,Networking,P3,Network-Support,Neutral,0
TK-504095,,P4,,Frustrated,1
TK-504096,Hardware,P4,Server-HW,Neutral,0
TK-504097,,P4,,Neutral,1
TK-504098,Hardware,P2,Server-HW,Positive,0
TK-504099,Hardware,P2,Server-HW,Angry,0
TK-504100,Billing,P4,Billing-Ops,Positive,0
TK-504101,Networking,P2,Network-Support,Frustrated,0
TK-504102,Firmware,P3,Server-HW,Neutral,0
TK-504103,,P2,,Angry,1
TK-504104,Hardware,P4,Server-HW,Neutral,0
TK-504105,Software,P3,Software-Support,Angry,0
TK-504106,,P1,,Frustrated,1
TK-504107,Software,P3,Software-Support,Frustrated,0
TK-504108,Software,P2,Software-Support,Frustrated,0
TK-504109,Security,P3,Security-Ops,Neutral,0
TK-504110,Networking,P2,Network-Support,Neutral,0
TK-504111,,P4,,Neutral,1
TK-504112,Hardware,P4,Server-HW,Positive,0
TK-504113,Networking,P2,Network-Support,Neutral,0
TK-504114,Hardware,P4,Server-HW,Neutral,0
TK-504115,Storage,P4,Storage-Support,Neutral,0
TK-504116,Billing,P4,Billing-Ops,Neutral,0
TK-504117,Firmware,P2,Server-HW,Angry,0
TK-504118,Firmware,P1,Storage-Support,Frustrated,0
TK-504119,Networking,P2,Network-Support,Neutral,0
TK-504120,Firmware,P4,Server-HW,Neutral,0
TK-504121,Networking,P4,Network-Support,Neutral,0
TK-504122,Storage,P1,Storage-Support,Frustrated,0
TK-504123,Billing,P2,Software-Support,Neutral,0
TK-504124,Hardware,P1,Server-HW,Frustrated,0
TK-504125,Firmware,P3,Network-Support,Neutral,0
TK-504126,Firmware,P4,Server-HW,Neutral,0
TK-504127,Access,P2,Account-Admin,Neutral,0
TK-504128,Storage,P4,Storage-Support,Neutral,0
TK-504129,Storage,P1,Storage-Support,Angry,0
TK-504130,,P1,,Angry,1
TK-504131,,P2,,Neutral,1
TK-504132,Security,P4,Security-Ops,Neutral,0
TK-504133,Security,P3,Security-Ops,Neutral,0
TK-504134,Access,P3,Account-Admin,Positive,0
TK-504135,Hardware,P2,Server-HW,Neutral,0
TK-504136,Firmware,P4,Storage-Support,Neutral,0
TK-504137,Software,P3,Software-Support,Angry,0
TK-504138,Storage,P1,Storage-Support,Neutral,0
TK-504139,Software,P4,Software-Support,Neutral,0
TK-504140,,P3,,Neutral,1
TK-504141,Firmware,P3,Server-HW,Frustrated,0
TK-504142,Hardware,P2,Server-HW,Neutral,0
TK-504143,,P3,,Angry,1
TK-504144,Billing,P3,Billing-Ops,Frustrated,0
TK-504145,Software,P1,Software-Support,Neutral,0
TK-504146,Firmware,P4,Network-Support,Neutral,0
TK-504147,Hardware,P3,Server-HW,Positive,0
TK-504148,Hardware,P2,Server-HW,Angry,0
TK-504149,Hardware,P3,Server-HW,Positive,0
TK-504150,Software,P3,Software-Support,Positive,0
TK-504151,Networking,P3,Network-Support,Neutral,0
TK-504152,Billing,P4,Billing-Ops,Frustrated,0
TK-504153,,P2,,Neutral,1
TK-504154,Access,P2,Account-Admin,Neutral,0
TK-504155,Billing,P2,Billing-Ops,Neutral,0
TK-504156,Access,P3,Account-Admin,Frustrated,0
TK-504157,Access,P3,Account-Admin,Neutral,0
TK-504158,Hardware,P2,Server-HW,Neutral,0
TK-504159,Hardware,P2,Server-HW,Positive,0
TK-504160,Storage,P1,Storage-Support,Neutral,0
TK-504161,,P3,,Angry,1
TK-504162,Networking,P3,Network-Support,Angry,0
TK-504163,Storage,P1,Storage-Support,Frustrated,0
TK-504164,Hardware,P2,Storage-Support,Frustrated,0
TK-504165,,P4,,Neutral,1
TK-504166,Software,P3,Software-Support,Positive,0
TK-504167,Software,P3,Software-Support,Neutral,0
TK-504168,,P1,,Neutral,1
TK-504169,Networking,P2,Network-Support,Neutral,0
TK-504170,Access,P3,Account-Admin,Frustrated,0
TK-504171,Networking,P4,Network-Support,Frustrated,0
TK-504172,Hardware,P2,Server-HW,Neutral,0
TK-504173,Firmware,P3,Server-HW,Neutral,0
TK-504174,,P2,,Neutral,1
TK-504175,Hardware,P4,Server-HW,Positive,0
TK-504176,Access,P3,Account-Admin,Angry,0
TK-504177,Billing,P4,Billing-Ops,Neutral,0
TK-504178,Networking,P4,Network-Support,Neutral,0
TK-504179,Software,P2,Software-Support,Angry,0
TK-504180,Storage,P2,Storage-Support,Neutral,0
TK-504181,Billing,P3,Billing-Ops,Neutral,0
TK-504182,Hardware,P3,Server-HW,Positive,0
TK-504183,Networking,P3,Network-Support,Frustrated,0
TK-504184,,P1,,Angry,1
TK-504185,,P1,,Frustrated,1
TK-504186,Hardware,P3,Server-HW,Positive,0
TK-504187,Storage,P3,Storage-Support,Frustrated,0
TK-504188,Networking,P2,Network-Support,Frustrated,0
TK-504189,,P4,,Neutral,1
TK-504190,Security,P3,Security-Ops,Neutral,0
TK-504191,Access,P2,Account-Admin,Angry,0
TK-504192,Hardware,P4,Server-HW,Neutral,0
TK-504193,Security,P2,Security-Ops,Frustrated,0
TK-504194,Hardware,P2,Server-HW,Frustrated,0
TK-504195,Access,P1,Account-Admin,Angry,0
TK-504196,Storage,P4,Storage-Support,Neutral,0
TK-504197,,P2,,Neutral,1
TK-504198,Networking,P3,Network-Support,Neutral,0
TK-504199,Hardware,P2,Server-HW,Neutral,0
TK-504200,Networking,P4,Network-Support,Neutral,0
TK-504201,Security,P3,Security-Ops,Neutral,0
TK-504202,Hardware,P3,Server-HW,Frustrated,0
TK-504203,Software,P4,Software-Support,Frustrated,0
TK-504204,Hardware,P3,Server-HW,Neutral,0
TK-504205,Storage,P3,Storage-Support,Neutral,0
TK-504206,Software,P2,Software-Support,Angry,0
TK-504207,Hardware,P3,Server-HW,Neutral,0
TK-504208,Hardware,P2,Storage-Support,Neutral,0
TK-504209,,P1,,Frustrated,1
TK-504210,Storage,P2,Storage-Support,Neutral,0
TK-504211,Networking,P2,Network-Support,Frustrated,0
TK-504212,Networking,P4,Network-Support,Neutral,0
TK-504213,Storage,P1,Storage-Support,Angry,0
TK-504214,Hardware,P1,Server-HW,Angry,0
TK-504215,Storage,P1,Storage-Support,Frustrated,0
TK-504216,Networking,P2,Network-Support,Neutral,0
TK-504217,Hardware,P4,Server-HW,Neutral,0
TK-504218,Billing,P4,Billing-Ops,Frustrated,0
TK-504219,Hardware,P2,Server-HW,Frustrated,0
TK-504220,Software,P2,Software-Support,Angry,0
TK-504221,Firmware,P4,Storage-Support,Positive,0
TK-504222,Billing,P3,Billing-Ops,Positive,0
TK-504223,Networking,P3,Network-Support,Neutral,0
TK-504224,Hardware,P2,Server-HW,Frustrated,0
TK-504225,Hardware,P3,Server-HW,Neutral,0
TK-504226,Storage,P3,Server-HW,Neutral,0
TK-504227,Hardware,P3,Server-HW,Neutral,0
TK-504228,Firmware,P2,Storage-Support,Angry,0
TK-504229,Hardware,P4,Server-HW,Neutral,0
TK-504230,Firmware,P2,Server-HW,Neutral,0
TK-504231,Software,P2,Software-Support,Frustrated,0
TK-504232,Security,P2,Security-Ops,Neutral,0
TK-504233,Hardware,P3,Server-HW,Frustrated,0
TK-504234,,P2,,Angry,1
TK-504235,Access,P2,Account-Admin,Neutral,0
TK-504236,Networking,P2,Network-Support,Neutral,0
TK-504237,Firmware,P4,Server-HW,Positive,0
TK-504238,Security,P1,Security-Ops,Neutral,0
TK-504239,Security,P4,Security-Ops,Neutral,0
TK-504240,Storage,P1,Storage-Support,Frustrated,0
TK-504241,Firmware,P3,Network-Support,Neutral,0
TK-504242,Software,P3,Software-Support,Neutral,0
TK-504243,Networking,P3,Network-Support,Positive,0
TK-504244,Firmware,P4,Server-HW,Neutral,0
TK-504245,Storage,P3,Storage-Support,Neutral,0
TK-504246,Storage,P2,Storage-Support,Angry,0
TK-504247,Hardware,P2,Server-HW,Frustrated,0
TK-504248,Software,P3,Software-Support,Neutral,0
TK-504249,Storage,P2,Storage-Support,Neutral,0
TK-504250,Networking,P3,Network-Support,Frustrated,0
TK-504251,Access,P3,Account-Admin,Frustrated,0
TK-504252,Storage,P3,Storage-Support,Neutral,0
TK-504253,,P3,,Angry,1
TK-504254,Hardware,P1,Server-HW,Positive,0
TK-504255,,P4,,Positive,1
TK-504256,,P3,,Neutral,1
TK-504257,,P1,,Neutral,1
TK-504258,Billing,P4,Billing-Ops,Neutral,0
TK-504259,Access,P2,Account-Admin,Frustrated,0
TK-504260,Access,P4,Account-Admin,Positive,0
TK-504261,Networking,P4,Network-Support,Positive,0
TK-504262,Hardware,P2,Server-HW,Angry,0
TK-504263,Networking,P3,Network-Support,Neutral,0
TK-504264,Firmware,P1,Storage-Support,Neutral,0
TK-504265,Billing,P4,Billing-Ops,Neutral,0
TK-504266,Hardware,P1,Server-HW,Neutral,0
TK-504267,Software,P4,Software-Support,Neutral,0
TK-504268,Networking,P4,Network-Support,Neutral,0
TK-504269,Access,P2,Account-Admin,Frustrated,0
TK-504270,Storage,P2,Storage-Support,Frustrated,0
TK-504271,Firmware,P2,Server-HW,Neutral,0
TK-504272,,P2,,Neutral,1
TK-504273,Storage,P2,Storage-Support,Frustrated,0
TK-504274,Firmware,P3,Network-Support,Positive,0
TK-504275,Storage,P3,Server-HW,Neutral,0
TK-504276,,P2,,Frustrated,1
TK-504277,,P2,,Neutral,1
TK-504278,Storage,P3,Server-HW,Frustrated,0
TK-504279,Firmware,P2,Network-Support,Angry,0
TK-504280,Software,P4,Software-Support,Neutral,0
TK-504281,,P3,,Neutral,1
TK-504282,Firmware,P3,Network-Support,Angry,0
TK-504283,Networking,P3,Network-Support,Neutral,0
TK-504284,Networking,P4,Network-Support,Neutral,0
TK-504285,Security,P3,Security-Ops,Angry,0
TK-504286,Networking,P2,Network-Support,Angry,0
TK-504287,Software,P4,Software-Support,Positive,0
TK-504288,Hardware,P2,Server-HW,Neutral,0
TK-504289,Security,P2,Security-Ops,Angry,0
TK-504290,Software,P2,Software-Support,Neutral,0
TK-504291,Firmware,P2,Server-HW,Frustrated,0
TK-504292,Software,P4,Software-Support,Positive,0
TK-504293,Billing,P3,Billing-Ops,Neutral,0
TK-504294,Networking,P2,Network-Support,Neutral,0
TK-504295,Hardware,P1,Server-HW,Positive,0
TK-504296,,P2,,Neutral,1
TK-504297,Billing,P3,Billing-Ops,Angry,0
TK-504298,Software,P3,Storage-Support,Neutral,0
TK-504299,Networking,P3,Server-HW,Neutral,0
TK-504300,Software,P3,Software-Support,Neutral,0
TK-504301,Security,P3,Security-Ops,Frustrated,0
TK-504302,Networking,P3,Network-Support,Neutral,0
TK-504303,Software,P4,Software-Support,Neutral,0
TK-504304,Storage,P4,Server-HW,Neutral,0
TK-504305,Firmware,P2,Server-HW,Neutral,0
TK-504306,Networking,P3,Network-Support,Neutral,0
TK-504307,Software,P4,Software-Support,Positive,0
TK-504308,Billing,P3,Billing-Ops,Neutral,0
TK-504309,Security,P3,Security-Ops,Frustrated,0
TK-504310,Billing,P4,Billing-Ops,Neutral,0
TK-504311,Access,P2,Account-Admin,Angry,0
TK-504312,Hardware,P2,Server-HW,Frustrated,0
TK-504313,Access,P2,Account-Admin,Frustrated,0
TK-504314,Networking,P2,Network-Support,Frustrated,0
TK-504315,Billing,P4,Billing-Ops,Neutral,0
TK-504316,,P2,,Neutral,1
TK-504317,,P3,,Neutral,1
TK-504318,Hardware,P2,Server-HW,Frustrated,0
TK-504319,Hardware,P4,Server-HW,Positive,0
TK-504320,Storage,P4,Server-HW,Neutral,0
TK-504321,Access,P2,Account-Admin,Neutral,0
TK-504322,Access,P3,Account-Admin,Positive,0
TK-504323,Software,P3,Software-Support,Neutral,0
TK-504324,Firmware,P3,Server-HW,Neutral,0
TK-504325,Networking,P3,Network-Support,Positive,0
TK-504326,Billing,P4,Billing-Ops,Frustrated,0
TK-504327,Security,P3,Security-Ops,Neutral,0
TK-504328,Networking,P2,Network-Support,Neutral,0
TK-504329,Hardware,P1,Server-HW,Angry,0
TK-504330,Networking,P2,Network-Support,Frustrated,0
TK-504331,Billing,P4,Billing-Ops,Neutral,0
TK-504332,Security,P2,Security-Ops,Neutral,0
TK-504333,Access,P4,Account-Admin,Neutral,0
TK-504334,Hardware,P3,Server-HW,Neutral,0
TK-504335,,P2,,Neutral,1
TK-504336,Firmware,P3,Server-HW,Neutral,0
TK-504337,Hardware,P2,Server-HW,Frustrated,0
TK-504338,Billing,P2,Billing-Ops,Neutral,0
TK-504339,,P3,,Neutral,1
TK-504340,Storage,P2,Storage-Support,Angry,0
TK-504341,Hardware,P4,Server-HW,Neutral,0
TK-504342,Hardware,P2,Server-HW,Neutral,0
TK-504343,,P2,,Frustrated,1
TK-504344,Hardware,P2,Server-HW,Neutral,0
TK-504345,,P4,,Neutral,1
TK-504346,Networking,P1,Network-Support,Neutral,0
TK-504347,Networking,P2,Network-Support,Frustrated,0
TK-504348,Networking,P2,Network-Support,Angry,0
TK-504349,,P3,,Neutral,1
TK-504350,Security,P3,Security-Ops,Frustrated,0
TK-504351,Networking,P4,Network-Support,Positive,0
TK-504352,,P1,,Angry,1
TK-504353,Security,P4,Security-Ops,Frustrated,0
TK-504354,Hardware,P2,Server-HW,Neutral,0
TK-504355,Access,P2,Account-Admin,Neutral,0
TK-504356,Access,P4,Account-Admin,Frustrated,0
TK-504357,Billing,P3,Billing-Ops,Neutral,0
TK-504358,Storage,P1,Server-HW,Frustrated,0
TK-504359,Hardware,P2,Server-HW,Neutral,0
TK-504360,Hardware,P3,Server-HW,Neutral,0
TK-504361,,P4,,Frustrated,1
TK-504362,Storage,P4,Storage-Support,Neutral,0
TK-504363,,P4,,Positive,1
TK-504364,Firmware,P4,Server-HW,Angry,0
TK-504365,,P2,,Neutral,1
TK-504366,Software,P4,Software-Support,Neutral,0
TK-504367,Hardware,P2,Server-HW,Neutral,0
TK-504368,Access,P3,Account-Admin,Neutral,0
TK-504369,Storage,P3,Storage-Support,Neutral,0
TK-504370,,P4,,Positive,1
TK-504371,,P3,,Neutral,1
TK-504372,Storage,P3,Storage-Support,Neutral,0
TK-504373,,P4,,Neutral,1
TK-504374,Access,P3,Account-Admin,Neutral,0
TK-504375,Firmware,P3,Server-HW,Angry,0
TK-504376,,P3,,Frustrated,1
TK-504377,Networking,P3,Network-Support,Neutral,0
TK-504378,Hardware,P3,Server-HW,Frustrated,0
TK-504379,Access,P4,Account-Admin,Frustrated,0
TK-504380,Firmware,P4,Server-HW,Positive,0
TK-504381,Software,P3,Software-Support,Angry,0
TK-504382,Storage,P4,Storage-Support,Positive,0
TK-504383,Storage,P1,Storage-Support,Neutral,0
TK-504384,Software,P3,Software-Support,Frustrated,0
TK-504385,Storage,P1,Storage-Support,Frustrated,0
TK-504386,Hardware,P2,Server-HW,Neutral,0
TK-504387,Storage,P2,Storage-Support,Angry,0
TK-504388,Billing,P4,Billing-Ops,Neutral,0
TK-504389,Hardware,P2,Server-HW,Positive,0
TK-504390,Software,P2,Software-Support,Neutral,0
TK-504391,Hardware,P3,Server-HW,Positive,0
TK-504392,Security,P2,Security-Ops,Frustrated,0
TK-504393,Storage,P3,Storage-Support,Angry,0
TK-504394,Access,P2,Account-Admin,Neutral,0
TK-504395,Storage,P4,Storage-Support,Neutral,0
TK-504396,,P3,,Angry,1
TK-504397,,P3,,Angry,1
TK-504398,Billing,P3,Billing-Ops,Frustrated,0
TK-504399,Firmware,P2,Server-HW,Frustrated,0
TK-504400,Hardware,P3,Server-HW,Frustrated,0
TK-504401,Storage,P1,Storage-Support,Angry,0
TK-504402,Hardware,P3,Server-HW,Neutral,0
TK-504403,Access,P4,Account-Admin,Neutral,0
TK-504404,Firmware,P1,Server-HW,Frustrated,0
TK-504405,Storage,P1,Storage-Support,Frustrated,0
TK-504406,Networking,P2,Network-Support,Neutral,0
TK-504407,,P3,,Angry,1
TK-504408,Hardware,P2,Server-HW,Angry,0
TK-504409,Networking,P3,Network-Support,Angry,0
TK-504410,Firmware,P2,Storage-Support,Frustrated,0
TK-504411,Billing,P3,Billing-Ops,Positive,0
TK-504412,,P3,,Frustrated,1
TK-504413,Storage,P2,Server-HW,Frustrated,0
TK-504414,Firmware,P3,Network-Support,Neutral,0
TK-504415,,P4,,Neutral,1
TK-504416,Billing,P3,Billing-Ops,Positive,0
TK-504417,,P2,,Neutral,1
TK-504418,Storage,P2,Server-HW,Frustrated,0
TK-504419,Firmware,P3,Server-HW,Frustrated,0
TK-504420,Security,P1,Account-Admin,Frustrated,0
TK-504421,Billing,P2,Billing-Ops,Angry,0
TK-504422,,P2,,Neutral,1
TK-504423,Access,P2,Account-Admin,Angry,0
TK-504424,,P1,,Angry,1
TK-504425,Access,P4,Account-Admin,Neutral,0
TK-504426,Billing,P4,Billing-Ops,Positive,0
TK-504427,,P2,,Neutral,1
TK-504428,Software,P2,Software-Support,Positive,0
TK-504429,Firmware,P4,Server-HW,Neutral,0
TK-504430,Storage,P3,Storage-Support,Neutral,0
TK-504431,Hardware,P2,Server-HW,Neutral,0
TK-504432,Networking,P4,Network-Support,Neutral,0
TK-504433,Security,P4,Security-Ops,Positive,0
TK-504434,Firmware,P2,Server-HW,Angry,0
TK-504435,Storage,P2,Storage-Support,Angry,0
TK-504436,Hardware,P3,Server-HW,Neutral,0
TK-504437,Hardware,P3,Server-HW,Neutral,0
TK-504438,Networking,P4,Network-Support,Neutral,0
TK-504439,,P2,,Frustrated,1
TK-504440,Software,P2,Software-Support,Neutral,0
TK-504441,Storage,P2,Storage-Support,Neutral,0
TK-504442,Software,P3,Software-Support,Neutral,0
TK-504443,Access,P4,Account-Admin,Neutral,0
TK-504444,Hardware,P2,Server-HW,Frustrated,0
TK-504445,Software,P4,Software-Support,Neutral,0
TK-504446,Storage,P4,Storage-Support,Neutral,0
TK-504447,Security,P4,Account-Admin,Positive,0
TK-504448,Storage,P4,Storage-Support,Neutral,0
TK-504449,Networking,P3,Network-Support,Neutral,0
TK-504450,Hardware,P4,Server-HW,Neutral,0
TK-504451,Storage,P3,Storage-Support,Neutral,0
TK-504452,Access,P1,Account-Admin,Frustrated,0
TK-504453,Hardware,P3,Server-HW,Frustrated,0
TK-504454,Hardware,P4,Server-HW,Positive,0
TK-504455,Hardware,P2,Storage-Support,Frustrated,0
TK-504456,Storage,P2,Storage-Support,Frustrated,0
TK-504457,Security,P1,Security-Ops,Angry,0
TK-504458,Software,P3,Software-Support,Neutral,0
TK-504459,Software,P2,Software-Support,Frustrated,0
TK-504460,Security,P3,Security-Ops,Neutral,0
TK-504461,Networking,P2,Network-Support,Neutral,0
TK-504462,Hardware,P3,Server-HW,Neutral,0
TK-504463,Security,P3,Security-Ops,Angry,0
TK-504464,Billing,P4,Billing-Ops,Neutral,0
TK-504465,Storage,P2,Storage-Support,Neutral,0
TK-504466,Hardware,P3,Storage-Support,Neutral,0
TK-504467,Software,P2,Software-Support,Neutral,0
TK-504468,Networking,P1,Network-Support,Neutral,0
TK-504469,Firmware,P2,Server-HW,Neutral,0
TK-504470,Networking,P2,Network-Support,Angry,0
TK-504471,Software,P3,Software-Support,Frustrated,0
TK-504472,Security,P3,Account-Admin,Frustrated,0
TK-504473,Storage,P2,Storage-Support,Angry,0
TK-504474,Hardware,P1,Server-HW,Neutral,0
TK-504475,Hardware,P2,Server-HW,Neutral,0
TK-504476,Hardware,P4,Server-HW,Neutral,0
TK-504477,Hardware,P3,Server-HW,Neutral,0
TK-504478,Firmware,P4,Server-HW,Positive,0
TK-504479,Security,P4,Account-Admin,Neutral,0
TK-504480,Access,P3,Account-Admin,Neutral,0
TK-504481,Access,P4,Account-Admin,Neutral,0
TK-504482,Billing,P3,Billing-Ops,Neutral,0
TK-504483,Access,P2,Account-Admin,Frustrated,0
TK-504484,Firmware,P3,Storage-Support,Neutral,0
TK-504485,Firmware,P3,Server-HW,Neutral,0
TK-504486,Billing,P3,Billing-Ops,Frustrated,0
TK-504487,Storage,P2,Server-HW,Angry,0
TK-504488,Hardware,P4,Server-HW,Frustrated,0
TK-504489,Software,P2,Software-Support,Frustrated,0
TK-504490,Networking,P2,Network-Support,Frustrated,0
TK-504491,Billing,P4,Billing-Ops,Neutral,0
TK-504492,Security,P2,Security-Ops,Neutral,0
TK-504493,Networking,P1,Network-Support,Frustrated,0
TK-504494,Firmware,P1,Storage-Support,Angry,0
TK-504495,Networking,P3,Network-Support,Positive,0
TK-504496,Hardware,P4,Server-HW,Positive,0
TK-504497,Hardware,P2,Server-HW,Frustrated,0
TK-504498,Software,P4,Software-Support,Neutral,0
TK-504499,,P2,,Neutral,1
TK-504500,,P3,,Neutral,1
TK-504501,Billing,P3,Billing-Ops,Neutral,0
TK-504502,Networking,P1,Network-Support,Neutral,0
TK-504503,Security,P4,Security-Ops,Neutral,0
TK-504504,Billing,P3,Billing-Ops,Neutral,0
TK-504505,Billing,P3,Billing-Ops,Neutral,0
TK-504506,Hardware,P2,Storage-Support,Neutral,0
TK-504507,Software,P2,Software-Support,Frustrated,0
TK-504508,,P4,,Neutral,1
TK-504509,Networking,P3,Network-Support,Positive,0
TK-504510,Storage,P3,Server-HW,Angry,0
TK-504511,Billing,P3,Billing-Ops,Neutral,0
TK-504512,Access,P3,Account-Admin,Neutral,0
TK-504513,Access,P4,Account-Admin,Positive,0
TK-504514,Hardware,P4,Server-HW,Positive,0
TK-504515,Firmware,P2,Server-HW,Neutral,0
TK-504516,Storage,P4,Storage-Support,Frustrated,0
TK-504517,Firmware,P2,Server-HW,Neutral,0
TK-504518,Software,P4,Software-Support,Frustrated,0
TK-504519,Firmware,P1,Storage-Support,Angry,0
TK-504520,,P4,,Neutral,1
TK-504521,,P2,,Neutral,1
TK-504522,Storage,P2,Storage-Support,Positive,0
TK-504523,Firmware,P3,Network-Support,Positive,0
TK-504524,Billing,P3,Billing-Ops,Neutral,0
TK-504525,,P3,,Frustrated,1
TK-504526,Networking,P4,Network-Support,Neutral,0
TK-504527,Storage,P4,Server-HW,Neutral,0
TK-504528,Security,P3,Security-Ops,Positive,0
TK-504529,Access,P4,Account-Admin,Positive,0
TK-504530,Networking,P3,Network-Support,Neutral,0
TK-504531,Access,P4,Account-Admin,Neutral,0
TK-504532,Storage,P2,Storage-Support,Frustrated,0
TK-504533,Billing,P3,Billing-Ops,Frustrated,0
TK-504534,Networking,P2,Network-Support,Neutral,0
TK-504535,Billing,P4,Billing-Ops,Neutral,0
TK-504536,Storage,P3,Server-HW,Neutral,0
TK-504537,,P2,,Neutral,1
TK-504538,Access,P4,Account-Admin,Neutral,0
TK-504539,Access,P1,Account-Admin,Frustrated,0
TK-504540,Software,P3,Software-Support,Frustrated,0
TK-504541,Access,P3,Account-Admin,Neutral,0
TK-504542,Software,P2,Software-Support,Frustrated,0
TK-504543,Hardware,P1,Server-HW,Neutral,0
TK-504544,Billing,P4,Billing-Ops,Neutral,0
TK-504545,Storage,P1,Storage-Support,Neutral,0
TK-504546,Hardware,P3,Storage-Support,Frustrated,0
TK-504547,Software,P4,Software-Support,Neutral,0
TK-504548,Access,P2,Account-Admin,Neutral,0
TK-504549,Hardware,P2,Server-HW,Neutral,0
TK-504550,Networking,P3,Network-Support,Neutral,0
TK-504551,Firmware,P2,Server-HW,Frustrated,0
TK-504552,Security,P4,Account-Admin,Neutral,0
TK-504553,Storage,P3,Storage-Support,Positive,0
TK-504554,Storage,P4,Storage-Support,Neutral,0
TK-504555,Firmware,P4,Server-HW,Neutral,0
TK-504556,Networking,P3,Network-Support,Positive,0
TK-504557,,P2,,Neutral,1
TK-504558,Hardware,P4,Server-HW,Positive,0
TK-504559,Software,P2,Software-Support,Frustrated,0
TK-504560,Hardware,P2,Server-HW,Angry,0
TK-504561,Hardware,P2,Server-HW,Positive,0
TK-504562,Access,P4,Account-Admin,Neutral,0
TK-504563,Access,P4,Account-Admin,Positive,0
TK-504564,,P1,,Frustrated,1
TK-504565,Hardware,P2,Server-HW,Positive,0
TK-504566,Hardware,P3,Server-HW,Frustrated,0
TK-504567,Software,P3,Software-Support,Neutral,0
TK-504568,Software,P4,Software-Support,Neutral,0
TK-504569,Access,P3,Account-Admin,Angry,0
TK-504570,Access,P4,Account-Admin,Positive,0
TK-504571,Access,P3,Account-Admin,Neutral,0
TK-504572,Storage,P3,Storage-Support,Frustrated,0
TK-504573,Storage,P4,Server-HW,Angry,0
TK-504574,Storage,P2,Server-HW,Frustrated,0
TK-504575,Hardware,P2,Server-HW,Frustrated,0
TK-504576,Hardware,P2,Server-HW,Neutral,0
TK-504577,Storage,P3,Storage-Support,Neutral,0
TK-504578,Hardware,P1,Server-HW,Angry,0
TK-504579,Software,P4,Software-Support,Neutral,0
TK-504580,Access,P3,Account-Admin,Neutral,0
TK-504581,Hardware,P1,Server-HW,Angry,0
TK-504582,Access,P4,Account-Admin,Neutral,0
TK-504583,Hardware,P3,Server-HW,Neutral,0
TK-504584,Access,P3,Account-Admin,Neutral,0
TK-504585,Access,P2,Account-Admin,Neutral,0
TK-504586,Firmware,P2,Server-HW,Angry,0
TK-504587,Access,P2,Account-Admin,Neutral,0
TK-504588,Storage,P4,Storage-Support,Neutral,0
TK-504589,Hardware,P3,Storage-Support,Frustrated,0
TK-504590,Hardware,P1,Server-HW,Frustrated,0
TK-504591,,P2,,Angry,1
TK-504592,Storage,P2,Storage-Support,Neutral,0
TK-504593,Storage,P2,Storage-Support,Angry,0
TK-504594,Software,P2,Software-Support,Frustrated,0
TK-504595,,P4,,Neutral,1
TK-504596,Firmware,P3,Server-HW,Neutral,0
TK-504597,Security,P4,Security-Ops,Neutral,0
TK-504598,,P1,,Angry,1
TK-504599,Hardware,P1,Server-HW,Neutral,0
TK-504600,Security,P3,Security-Ops,Neutral,0
TK-504601,,P3,,Frustrated,1
TK-504602,Networking,P3,Network-Support,Neutral,0
TK-504603,Networking,P4,Network-Support,Neutral,0
TK-504604,Access,P2,Account-Admin,Frustrated,0
TK-504605,Software,P2,Software-Support,Neutral,0
TK-504606,Billing,P3,Billing-Ops,Frustrated,0
TK-504607,Networking,P2,Network-Support,Neutral,0
TK-504608,Access,P3,Account-Admin,Neutral,0
TK-504609,Networking,P1,Network-Support,Neutral,0
TK-504610,,P1,,Neutral,1
TK-504611,Networking,P4,Network-Support,Neutral,0
TK-504612,,P3,,Neutral,1
TK-504613,Storage,P3,Server-HW,Neutral,0
TK-504614,Software,P4,Software-Support,Neutral,0
TK-504615,Billing,P4,Billing-Ops,Frustrated,0
TK-504616,Hardware,P2,Server-HW,Frustrated,0
TK-504617,Hardware,P3,Server-HW,Neutral,0
TK-504618,Storage,P3,Server-HW,Neutral,0
TK-504619,,P3,,Neutral,1
TK-504620,Hardware,P1,Server-HW,Angry,0
TK-504621,Security,P3,Account-Admin,Positive,0
TK-504622,Software,P2,Software-Support,Neutral,0
TK-504623,Storage,P1,Storage-Support,Frustrated,0
TK-504624,Hardware,P1,Server-HW,Neutral,0
TK-504625,Access,P3,Account-Admin,Neutral,0
TK-504626,Hardware,P3,Server-HW,Frustrated,0
TK-504627,Access,P3,Account-Admin,Neutral,0
TK-504628,Billing,P4,Billing-Ops,Angry,0
TK-504629,Networking,P2,Network-Support,Neutral,0
TK-504630,,P3,,Frustrated,1
TK-504631,Hardware,P1,Server-HW,Neutral,0
TK-504632,Storage,P3,Server-HW,Frustrated,0
TK-504633,Access,P4,Account-Admin,Neutral,0
TK-504634,Hardware,P2,Server-HW,Neutral,0
TK-504635,,P1,,Neutral,1
TK-504636,Firmware,P3,Server-HW,Positive,0
TK-504637,Hardware,P2,Storage-Support,Neutral,0
TK-504638,Software,P3,Software-Support,Positive,0
TK-504639,Hardware,P3,Server-HW,Neutral,0
TK-504640,Access,P3,Account-Admin,Neutral,0
TK-504641,Firmware,P4,Server-HW,Neutral,0
TK-504642,Software,P4,Software-Support,Neutral,0
TK-504643,,P4,,Neutral,1
TK-504644,,P2,,Angry,1
TK-504645,Networking,P4,Network-Support,Positive,0
TK-504646,Access,P1,Account-Admin,Frustrated,0
TK-504647,,P4,,Neutral,1
TK-504648,Storage,P1,Server-HW,Frustrated,0
TK-504649,Networking,P2,Network-Support,Frustrated,0
TK-504650,Networking,P4,Network-Support,Positive,0
TK-504651,,P2,,Angry,1
TK-504652,Firmware,P3,Server-HW,Frustrated,0
TK-504653,Billing,P4,Billing-Ops,Neutral,0
TK-504654,Firmware,P2,Server-HW,Angry,0
TK-504655,Storage,P4,Storage-Support,Positive,0
TK-504656,Software,P4,Software-Support,Angry,0
TK-504657,Software,P2,Software-Support,Neutral,0
TK-504658,Networking,P3,Network-Support,Frustrated,0
TK-504659,Access,P3,Account-Admin,Neutral,0
TK-504660,Storage,P4,Storage-Support,Neutral,0
TK-504661,Software,P2,Software-Support,Frustrated,0
TK-504662,Billing,P4,Billing-Ops,Positive,0
TK-504663,Security,P3,Security-Ops,Neutral,0
TK-504664,Hardware,P3,Server-HW,Neutral,0
TK-504665,Software,P4,Software-Support,Positive,0
TK-504666,,P4,,Neutral,1
TK-504667,Hardware,P2,Server-HW,Neutral,0
TK-504668,Hardware,P1,Server-HW,Neutral,0
TK-504669,Software,P2,Software-Support,Positive,0
TK-504670,Hardware,P3,Server-HW,Neutral,0
TK-504671,Firmware,P2,Network-Support,Neutral,0
TK-504672,Firmware,P4,Server-HW,Positive,0
TK-504673,Software,P4,Software-Support,Neutral,0
TK-504674,Hardware,P4,Server-HW,Neutral,0
TK-504675,Billing,P4,Billing-Ops,Positive,0
TK-504676,Hardware,P4,Server-HW,Neutral,0
TK-504677,Hardware,P3,Server-HW,Neutral,0
TK-504678,Storage,P3,Server-HW,Frustrated,0
TK-504679,Storage,P4,Storage-Support,Positive,0
TK-504680,,P1,,Neutral,1
TK-504681,Storage,P4,Server-HW,Positive,0
TK-504682,Billing,P4,Billing-Ops,Neutral,0
TK-504683,Billing,P2,Billing-Ops,Frustrated,0
TK-504684,Networking,P4,Network-Support,Positive,0
TK-504685,Firmware,P2,Network-Support,Frustrated,0
TK-504686,Networking,P3,Network-Support,Neutral,0
TK-504687,,P3,,Positive,1
TK-504688,Billing,P4,Billing-Ops,Neutral,0
TK-504689,,P2,,Neutral,1
TK-504690,Billing,P4,Billing-Ops,Positive,0
TK-504691,Networking,P2,Network-Support,Angry,0
TK-504692,Billing,P3,Billing-Ops,Neutral,0
TK-504693,Billing,P4,Billing-Ops,Frustrated,0
TK-504694,Security,P4,Security-Ops,Positive,0
TK-504695,Storage,P4,Server-HW,Frustrated,0
TK-504696,Hardware,P4,Server-HW,Neutral,0
TK-504697,Storage,P3,Storage-Support,Neutral,0
TK-504698,Software,P3,Software-Support,Neutral,0
TK-504699,Hardware,P2,Server-HW,Neutral,0
TK-504700,Storage,P2,Storage-Support,Positive,0
TK-504701,Access,P4,Account-Admin,Angry,0
TK-504702,Firmware,P2,Server-HW,Frustrated,0
TK-504703,,P2,,Angry,1
TK-504704,Security,P1,Security-Ops,Neutral,0
TK-504705,Hardware,P4,Server-HW,Positive,0
TK-504706,Billing,P4,Billing-Ops,Positive,0
TK-504707,Security,P3,Security-Ops,Neutral,0
TK-504708,Billing,P4,Billing-Ops,Positive,0
TK-504709,Storage,P3,Server-HW,Neutral,0
TK-504710,Security,P3,Security-Ops,Angry,0
TK-504711,Software,P4,Software-Support,Positive,0
TK-504712,Billing,P2,Billing-Ops,Angry,0
TK-504713,Networking,P2,Network-Support,Frustrated,0
TK-504714,Hardware,P2,Server-HW,Angry,0
TK-504715,Storage,P3,Storage-Support,Positive,0
TK-504716,Hardware,P4,Server-HW,Neutral,0
TK-504717,Billing,P2,Billing-Ops,Neutral,0
TK-504718,Storage,P2,Storage-Support,Frustrated,0
TK-504719,,P3,,Neutral,1
TK-504720,Access,P2,Account-Admin,Neutral,0
TK-504721,Security,P4,Security-Ops,Neutral,0
TK-504722,Software,P3,Software-Support,Neutral,0
TK-504723,,P4,,Neutral,1
TK-504724,Firmware,P4,Server-HW,Neutral,0
TK-504725,,P2,,Frustrated,1
TK-504726,Software,P3,Software-Support,Neutral,0
TK-504727,Billing,P4,Billing-Ops,Neutral,0
TK-504728,,P4,,Neutral,1
TK-504729,Networking,P1,Server-HW,Neutral,0
TK-504730,Hardware,P2,Server-HW,Frustrated,0
TK-504731,Billing,P4,Billing-Ops,Neutral,0
TK-504732,Security,P3,Security-Ops,Frustrated,0
TK-504733,Access,P1,Account-Admin,Angry,0
TK-504734,Storage,P1,Storage-Support,Angry,0
TK-504735,Software,P3,Software-Support,Positive,0
TK-504736,Billing,P4,Billing-Ops,Neutral,0
TK-504737,,P1,,Angry,1
TK-504738,,P2,,Frustrated,1
TK-504739,Software,P4,Software-Support,Neutral,0
TK-504740,Hardware,P4,Server-HW,Positive,0
TK-504741,Storage,P1,Storage-Support,Neutral,0
TK-504742,,P4,,Neutral,1
TK-504743,Hardware,P3,Server-HW,Neutral,0
TK-504744,Billing,P4,Billing-Ops,Neutral,0
TK-504745,Networking,P3,Network-Support,Neutral,0
TK-504746,Hardware,P2,Server-HW,Frustrated,0
TK-504747,Billing,P3,Billing-Ops,Positive,0
TK-504748,Software,P4,Software-Support,Neutral,0
TK-504749,,P2,,Neutral,1
TK-504750,Billing,P4,Billing-Ops,Positive,0
TK-504751,Access,P3,Account-Admin,Neutral,0
TK-504752,Networking,P2,Network-Support,Angry,0
TK-504753,Networking,P3,Network-Support,Frustrated,0
TK-504754,Hardware,P3,Server-HW,Neutral,0
TK-504755,Security,P4,Security-Ops,Positive,0
TK-504756,Storage,P4,Storage-Support,Neutral,0
TK-504757,,P3,,Neutral,1
TK-504758,Access,P4,Account-Admin,Neutral,0
TK-504759,,P1,,Angry,1
TK-504760,Networking,P2,Network-Support,Frustrated,0
TK-504761,Firmware,P1,Storage-Support,Frustrated,0
TK-504762,Billing,P2,Billing-Ops,Frustrated,0
TK-504763,Storage,P1,Storage-Support,Neutral,0
TK-504764,Billing,P3,Billing-Ops,Neutral,0
TK-504765,Hardware,P2,Server-HW,Neutral,0
TK-504766,Access,P4,Account-Admin,Neutral,0
TK-504767,Storage,P2,Storage-Support,Neutral,0
TK-504768,Software,P4,Software-Support,Neutral,0
TK-504769,Software,P4,Software-Support,Positive,0
TK-504770,Billing,P3,Billing-Ops,Neutral,0
TK-504771,Security,P4,Security-Ops,Positive,0
TK-504772,,P2,,Angry,1
TK-504773,Security,P4,Security-Ops,Neutral,0
TK-504774,Software,P2,Software-Support,Neutral,0
TK-504775,Software,P2,Software-Support,Angry,0
TK-504776,Security,P3,Security-Ops,Neutral,0
TK-504777,,P2,,Neutral,1
TK-504778,Firmware,P4,Server-HW,Neutral,0
TK-504779,Access,P4,Account-Admin,Neutral,0
TK-504780,,P3,,Frustrated,1
TK-504781,,P2,,Neutral,1
TK-504782,Firmware,P3,Server-HW,Neutral,0
TK-504783,Access,P2,Account-Admin,Neutral,0
TK-504784,Storage,P3,Storage-Support,Frustrated,0
TK-504785,Hardware,P1,Server-HW,Angry,0
TK-504786,Storage,P2,Server-HW,Neutral,0
TK-504787,Security,P3,Security-Ops,Neutral,0
TK-504788,Networking,P2,Network-Support,Frustrated,0
TK-504789,Billing,P4,Billing-Ops,Neutral,0
TK-504790,Security,P3,Security-Ops,Positive,0
TK-504791,Access,P3,Account-Admin,Neutral,0
TK-504792,Storage,P3,Storage-Support,Neutral,0
TK-504793,Firmware,P2,Server-HW,Neutral,0
TK-504794,Storage,P1,Storage-Support,Angry,0
TK-504795,Networking,P3,Network-Support,Neutral,0
TK-504796,Access,P4,Account-Admin,Neutral,0
TK-504797,Security,P4,Security-Ops,Neutral,0
TK-504798,Firmware,P2,Server-HW,Neutral,0
TK-504799,Software,P3,Software-Support,Angry,0
TK-504800,Networking,P1,Network-Support,Angry,0
TK-504801,Networking,P1,Network-Support,Neutral,0
TK-504802,Security,P2,Security-Ops,Frustrated,0
TK-504803,Storage,P3,Server-HW,Neutral,0
TK-504804,Firmware,P2,Server-HW,Neutral,0
TK-504805,Networking,P4,Network-Support,Neutral,0
TK-504806,Hardware,P2,Server-HW,Angry,0
TK-504807,Hardware,P2,Server-HW,Frustrated,0
TK-504808,Access,P2,Account-Admin,Neutral,0
TK-504809,Networking,P3,Network-Support,Frustrated,0
TK-504810,Software,P2,Software-Support,Positive,0
TK-504811,,P2,,Neutral,1
TK-504812,Storage,P1,Storage-Support,Frustrated,0
TK-504813,Hardware,P3,Server-HW,Frustrated,0
TK-504814,Access,P2,Account-Admin,Angry,0
TK-504815,Hardware,P4,Network-Support,Neutral,0
TK-504816,Hardware,P3,Server-HW,Neutral,0
TK-504817,Billing,P3,Billing-Ops,Frustrated,0
TK-504818,,P3,,Neutral,1
TK-504819,Access,P4,Account-Admin,Neutral,0
TK-504820,Software,P3,Software-Support,Positive,0
TK-504821,Storage,P1,Storage-Support,Neutral,0
TK-504822,,P4,,Neutral,1
TK-504823,,P2,,Frustrated,1
TK-504824,Security,P3,Security-Ops,Neutral,0
TK-504825,Hardware,P3,Server-HW,Frustrated,0
TK-504826,Access,P4,Account-Admin,Frustrated,0
TK-504827,Software,P3,Software-Support,Neutral,0
TK-504828,Software,P2,Software-Support,Frustrated,0
TK-504829,Software,P3,Software-Support,Neutral,0
TK-504830,Access,P4,Account-Admin,Neutral,0
TK-504831,Networking,P1,Network-Support,Angry,0
TK-504832,Storage,P2,Server-HW,Neutral,0
TK-504833,Hardware,P3,Server-HW,Neutral,0
TK-504834,Access,P4,Account-Admin,Positive,0
TK-504835,Networking,P3,Network-Support,Positive,0
TK-504836,Hardware,P1,Server-HW,Angry,0
TK-504837,,P2,,Angry,1
TK-504838,Software,P3,Software-Support,Angry,0
TK-504839,Access,P4,Account-Admin,Neutral,0
TK-504840,,P1,,Angry,1
TK-504841,Hardware,P2,Server-HW,Angry,0
TK-504842,Security,P2,Security-Ops,Frustrated,0
TK-504843,Software,P2,Software-Support,Frustrated,0
TK-504844,,P4,,Frustrated,1
TK-504845,Hardware,P2,Server-HW,Neutral,0
TK-504846,Access,P2,Account-Admin,Frustrated,0
TK-504847,Access,P4,Account-Admin,Neutral,0
TK-504848,Storage,P2,Server-HW,Frustrated,0
TK-504849,Storage,P1,Storage-Support,Frustrated,0
TK-504850,Billing,P4,Billing-Ops,Positive,0
TK-504851,Storage,P4,Storage-Support,Positive,0
TK-504852,Security,P3,Account-Admin,Neutral,0
TK-504853,Billing,P3,Billing-Ops,Neutral,0
TK-504854,Billing,P4,Billing-Ops,Positive,0
TK-504855,Security,P1,Security-Ops,Neutral,0
TK-504856,Networking,P3,Network-Support,Neutral,0
TK-504857,Firmware,P3,Server-HW,Neutral,0
TK-504858,Storage,P2,Storage-Support,Frustrated,0
TK-504859,Firmware,P2,Storage-Support,Frustrated,0
TK-504860,Access,P3,Account-Admin,Neutral,0
TK-504861,Firmware,P3,Server-HW,Neutral,0
TK-504862,Billing,P4,Billing-Ops,Neutral,0
TK-504863,Networking,P2,Network-Support,Neutral,0
TK-504864,Storage,P1,Storage-Support,Neutral,0
TK-504865,Hardware,P2,Server-HW,Angry,0
TK-504866,,P4,,Neutral,1
TK-504867,Billing,P4,Billing-Ops,Neutral,0
TK-504868,Access,P3,Account-Admin,Neutral,0
TK-504869,Hardware,P3,Server-HW,Neutral,0
TK-504870,Access,P2,Account-Admin,Neutral,0
TK-504871,Firmware,P3,Server-HW,Angry,0
TK-504872,Firmware,P3,Server-HW,Neutral,0
TK-504873,,P4,,Neutral,1
TK-504874,Software,P4,Software-Support,Frustrated,0
TK-504875,,P4,,Positive,1
TK-504876,Access,P3,Account-Admin,Neutral,0
TK-504877,Access,P4,Account-Admin,Neutral,0
TK-504878,Access,P2,Account-Admin,Angry,0
TK-504879,Firmware,P3,Server-HW,Neutral,0
TK-504880,Firmware,P1,Server-HW,Angry,0
TK-504881,,P1,,Frustrated,1
TK-504882,Security,P2,Security-Ops,Neutral,0
TK-504883,,P2,,Frustrated,1
TK-504884,Networking,P1,Network-Support,Frustrated,0
TK-504885,Security,P2,Security-Ops,Neutral,0
TK-504886,Storage,P1,Storage-Support,Angry,0
TK-504887,Hardware,P3,Storage-Support,Positive,0
TK-504888,Storage,P3,Server-HW,Positive,0
TK-504889,Networking,P3,Network-Support,Frustrated,0
TK-504890,Firmware,P3,Server-HW,Positive,0
TK-504891,Storage,P2,Server-HW,Frustrated,0
TK-504892,Hardware,P1,Server-HW,Frustrated,0
TK-504893,Firmware,P3,Network-Support,Neutral,0
TK-504894,Firmware,P4,Server-HW,Neutral,0
TK-504895,Storage,P4,Server-HW,Neutral,0
TK-504896,Firmware,P3,Server-HW,Neutral,0
TK-504897,Storage,P2,Server-HW,Neutral,0
TK-504898,,P3,,Positive,1
TK-504899,,P3,,Positive,1
TK-504900,Hardware,P3,Server-HW,Angry,0
TK-504901,Billing,P4,Billing-Ops,Neutral,0
TK-504902,Software,P3,Software-Support,Frustrated,0
TK-504903,Hardware,P3,Server-HW,Frustrated,0
TK-504904,,P2,,Frustrated,1
TK-504905,Networking,P4,Network-Support,Neutral,0
TK-504906,Billing,P4,Billing-Ops,Neutral,0
TK-504907,,P2,,Frustrated,1
TK-504908,Networking,P3,Network-Support,Neutral,0
TK-504909,,P4,,Neutral,1
TK-504910,Hardware,P3,Server-HW,Positive,0
TK-504911,Access,P4,Account-Admin,Frustrated,0
TK-504912,,P2,,Neutral,1
TK-504913,Hardware,P1,Server-HW,Angry,0
TK-504914,Access,P2,Account-Admin,Neutral,0
TK-504915,Security,P2,Security-Ops,Neutral,0
TK-504916,Billing,P3,Billing-Ops,Neutral,0
TK-504917,Access,P4,Account-Admin,Neutral,0
TK-504918,Storage,P2,Server-HW,Frustrated,0
TK-504919,Hardware,P1,Server-HW,Angry,0
TK-504920,Hardware,P1,Server-HW,Angry,0
TK-504921,Storage,P2,Storage-Support,Angry,0
TK-504922,Access,P2,Account-Admin,Neutral,0
TK-504923,Firmware,P4,Server-HW,Neutral,0
TK-504924,Billing,P4,Billing-Ops,Positive,0
TK-504925,,P2,,Frustrated,1
TK-504926,Storage,P3,Storage-Support,Neutral,0
TK-504927,Hardware,P4,Storage-Support,Positive,0
TK-504928,,P2,,Frustrated,1
TK-504929,,P2,,Angry,1
TK-504930,Networking,P3,Network-Support,Neutral,0
TK-504931,Software,P2,Software-Support,Frustrated,0
TK-504932,Hardware,P2,Server-HW,Angry,0
TK-504933,Access,P1,Account-Admin,Frustrated,0
TK-504934,Hardware,P4,Network-Support,Positive,0
TK-504935,Storage,P1,Server-HW,Frustrated,0
TK-504936,,P2,,Neutral,1
TK-504937,Hardware,P4,Network-Support,Neutral,0
TK-504938,Access,P3,Account-Admin,Frustrated,0
TK-504939,Security,P2,Security-Ops,Angry,0
TK-504940,Hardware,P2,Server-HW,Frustrated,0
TK-504941,,P4,,Neutral,1
TK-504942,Networking,P3,Network-Support,Frustrated,0
TK-504943,Firmware,P3,Storage-Support,Positive,0
TK-504944,,P2,,Frustrated,1
TK-504945,Storage,P2,Server-HW,Angry,0
TK-504946,Firmware,P4,Server-HW,Positive,0
TK-504947,Software,P3,Software-Support,Neutral,0
TK-504948,Security,P4,Security-Ops,Neutral,0
TK-504949,Firmware,P4,Storage-Support,Neutral,0
TK-504950,Hardware,P4,Server-HW,Neutral,0
TK-504951,Networking,P3,Network-Support,Positive,0
TK-504952,Security,P4,Account-Admin,Positive,0
TK-504953,,P2,,Neutral,1
TK-504954,,P2,,Neutral,1
TK-504955,Software,P3,Software-Support,Neutral,0
TK-504956,Hardware,P2,Server-HW,Frustrated,0
TK-504957,Networking,P3,Network-Support,Frustrated,0
TK-504958,,P4,,Frustrated,1
TK-504959,Storage,P2,Server-HW,Frustrated,0
TK-504960,Security,P2,Security-Ops,Angry,0
TK-504961,Hardware,P1,Server-HW,Angry,0
TK-504962,Networking,P3,Network-Support,Neutral,0
TK-504963,Billing,P3,Billing-Ops,Neutral,0
TK-504964,Networking,P2,Network-Support,Frustrated,0
TK-504965,Networking,P2,Network-Support,Angry,0
TK-504966,Networking,P4,Network-Support,Positive,0
TK-504967,Firmware,P3,Server-HW,Frustrated,0
TK-504968,,P1,,Angry,1
TK-504969,Hardware,P1,Storage-Support,Angry,0
TK-504970,Access,P4,Account-Admin,Angry,0
TK-504971,Networking,P3,Network-Support,Frustrated,0
TK-504972,Hardware,P4,Server-HW,Neutral,0
TK-504973,Networking,P3,Network-Support,Neutral,0
TK-504974,Firmware,P3,Server-HW,Positive,0
TK-504975,Networking,P2,Network-Support,Angry,0
TK-504976,Hardware,P3,Server-HW,Frustrated,0
TK-504977,Software,P2,Software-Support,Neutral,0
TK-504978,Hardware,P4,Server-HW,Neutral,0
TK-504979,Hardware,P2,Server-HW,Neutral,0
TK-504980,Hardware,P4,Server-HW,Positive,0
TK-504981,Hardware,P2,Server-HW,Angry,0
TK-504982,,P2,,Neutral,1
TK-504983,Networking,P3,Network-Support,Neutral,0
TK-504984,Software,P2,Software-Support,Angry,0
TK-504985,Software,P2,Software-Support,Neutral,0
TK-504986,Hardware,P3,Server-HW,Frustrated,0
TK-504987,Security,P3,Security-Ops,Neutral,0
TK-504988,Networking,P3,Network-Support,Positive,0
TK-504989,,P3,,Neutral,1
TK-504990,Hardware,P3,Server-HW,Neutral,0
TK-504991,Networking,P2,Network-Support,Frustrated,0
TK-504992,Billing,P3,Billing-Ops,Neutral,0
TK-504993,Networking,P2,Network-Support,Neutral,0
TK-504994,Software,P3,Software-Support,Neutral,0
TK-504995,,P1,,Angry,1
TK-504996,Software,P3,Software-Support,Positive,0
TK-504997,Hardware,P3,Server-HW,Neutral,0
TK-504998,Storage,P4,Storage-Support,Neutral,0
TK-504999,Networking,P2,Network-Support,Frustrated,0
TK-505000,Security,P4,Account-Admin,Positive,0
TK-505001,Storage,P2,Server-HW,Positive,0
TK-505002,Hardware,P4,Storage-Support,Neutral,0
TK-505003,Hardware,P2,Storage-Support,Neutral,0
TK-505004,Hardware,P2,Storage-Support,Neutral,0
TK-505005,Storage,P3,Storage-Support,Neutral,0
TK-505006,Access,P4,Account-Admin,Neutral,0
TK-505007,Firmware,P4,Server-HW,Neutral,0
TK-505008,Security,P3,Security-Ops,Frustrated,0
TK-505009,Networking,P2,Network-Support,Frustrated,0
TK-505010,Networking,P2,Network-Support,Neutral,0
TK-505011,Security,P3,Security-Ops,Neutral,0
TK-505012,Firmware,P3,Server-HW,Frustrated,0
TK-505013,Software,P4,Software-Support,Positive,0
TK-505014,Access,P3,Account-Admin,Neutral,0
TK-505015,Billing,P4,Billing-Ops,Neutral,0
TK-505016,Software,P1,Software-Support,Neutral,0
TK-505017,Networking,P1,Network-Support,Angry,0
TK-505018,Firmware,P3,Storage-Support,Neutral,0
TK-505019,Hardware,P2,Server-HW,Neutral,0
TK-505020,Storage,P2,Storage-Support,Neutral,0
TK-505021,,P2,,Frustrated,1
TK-505022,Networking,P2,Network-Support,Frustrated,0
TK-505023,Software,P3,Software-Support,Neutral,0
TK-505024,,P2,,Frustrated,1
TK-505025,Storage,P4,Server-HW,Positive,0
TK-505026,Billing,P4,Billing-Ops,Frustrated,0
TK-505027,Storage,P3,Server-HW,Neutral,0
TK-505028,Software,P3,Software-Support,Angry,0
TK-505029,Hardware,P3,Server-HW,Neutral,0
TK-505030,Networking,P2,Network-Support,Neutral,0
TK-505031,,P2,,Frustrated,1
TK-505032,Access,P3,Account-Admin,Neutral,0
TK-505033,Firmware,P2,Network-Support,Neutral,0
TK-505034,Networking,P2,Network-Support,Frustrated,0
TK-505035,Storage,P3,Server-HW,Frustrated,0
TK-505036,Firmware,P2,Network-Support,Neutral,0
TK-505037,Firmware,P2,Storage-Support,Frustrated,0
TK-505038,Software,P2,Software-Support,Neutral,0
TK-505039,Storage,P3,Server-HW,Frustrated,0
TK-505040,Firmware,P3,Server-HW,Neutral,0
TK-505041,Storage,P2,Storage-Support,Neutral,0
TK-505042,Storage,P3,Storage-Support,Neutral,0
TK-505043,Billing,P2,Billing-Ops,Neutral,0
TK-505044,Security,P3,Security-Ops,Neutral,0
TK-505045,Hardware,P4,Server-HW,Positive,0
TK-505046,,P4,,Neutral,1
TK-505047,,P2,,Neutral,1
TK-505048,Networking,P2,Network-Support,Angry,0
TK-505049,Software,P4,Software-Support,Neutral,0
TK-505050,Hardware,P3,Server-HW,Angry,0
TK-505051,Access,P4,Account-Admin,Neutral,0
TK-505052,Billing,P4,Billing-Ops,Neutral,0
TK-505053,Firmware,P4,Server-HW,Positive,0
TK-505054,Software,P2,Software-Support,Neutral,0
TK-505055,,P2,,Angry,1
TK-505056,Hardware,P4,Server-HW,Neutral,0
TK-505057,Hardware,P2,Server-HW,Neutral,0
TK-505058,,P3,,Neutral,1
TK-505059,Access,P2,Account-Admin,Frustrated,0
TK-505060,,P4,,Positive,1
TK-505061,Hardware,P3,Server-HW,Neutral,0
TK-505062,Firmware,P2,Server-HW,Neutral,0
TK-505063,Hardware,P1,Server-HW,Frustrated,0
TK-505064,Storage,P4,Storage-Support,Neutral,0
TK-505065,Networking,P2,Network-Support,Positive,0
TK-505066,Hardware,P3,Server-HW,Neutral,0
TK-505067,Firmware,P3,Server-HW,Positive,0
TK-505068,Access,P2,Account-Admin,Frustrated,0
TK-505069,Storage,P2,Server-HW,Frustrated,0
TK-505070,Security,P4,Software-Support,Neutral,0
TK-505071,Networking,P2,Network-Support,Frustrated,0
TK-505072,Firmware,P3,Server-HW,Neutral,0
TK-505073,Storage,P2,Server-HW,Neutral,0
TK-505074,Hardware,P3,Server-HW,Neutral,0
TK-505075,Hardware,P4,Storage-Support,Positive,0
TK-505076,Storage,P3,Server-HW,Neutral,0
TK-505077,Security,P2,Security-Ops,Neutral,0
TK-505078,Firmware,P3,Storage-Support,Neutral,0
TK-505079,Hardware,P2,Storage-Support,Frustrated,0
TK-505080,Billing,P3,Billing-Ops,Angry,0
TK-505081,Billing,P4,Billing-Ops,Neutral,0
TK-505082,Firmware,P1,Server-HW,Neutral,0
TK-505083,Firmware,P3,Server-HW,Frustrated,0
TK-505084,Networking,P3,Network-Support,Angry,0
TK-505085,Hardware,P1,Server-HW,Neutral,0
TK-505086,Billing,P3,Billing-Ops,Angry,0
TK-505087,Networking,P3,Network-Support,Neutral,0
TK-505088,Access,P4,Account-Admin,Neutral,0
TK-505089,Billing,P3,Billing-Ops,Neutral,0
TK-505090,,P2,,Frustrated,1
TK-505091,Storage,P2,Server-HW,Neutral,0
TK-505092,,P4,,Angry,1
TK-505093,Hardware,P3,Storage-Support,Neutral,0
TK-505094,Firmware,P3,Network-Support,Neutral,0
TK-505095,,P1,,Neutral,1
TK-505096,Hardware,P3,Server-HW,Neutral,0
TK-505097,Firmware,P3,Server-HW,Positive,0
TK-505098,Security,P4,Security-Ops,Positive,0
TK-505099,,P3,,Neutral,1
TK-505100,Firmware,P3,Storage-Support,Positive,0
TK-505101,Security,P1,Security-Ops,Angry,0
TK-505102,Networking,P3,Network-Support,Positive,0
TK-505103,Hardware,P4,Server-HW,Positive,0
TK-505104,Firmware,P2,Network-Support,Frustrated,0
TK-505105,Software,P4,Software-Support,Positive,0
TK-505106,Hardware,P1,Server-HW,Neutral,0
TK-505107,Firmware,P2,Server-HW,Frustrated,0
TK-505108,Hardware,P2,Server-HW,Angry,0
TK-505109,Software,P3,Software-Support,Neutral,0
TK-505110,,P2,,Frustrated,1
TK-505111,Networking,P1,Network-Support,Positive,0
TK-505112,Hardware,P2,Server-HW,Frustrated,0
TK-505113,Software,P3,Software-Support,Neutral,0
TK-505114,Networking,P1,Network-Support,Angry,0
TK-505115,,P3,,Neutral,1
TK-505116,Billing,P3,Billing-Ops,Positive,0
TK-505117,Access,P4,Account-Admin,Positive,0
TK-505118,,P2,,Neutral,1
TK-505119,Hardware,P1,Server-HW,Angry,0
TK-505120,Hardware,P3,Server-HW,Neutral,0
TK-505121,Billing,P4,Billing-Ops,Positive,0
TK-505122,Networking,P2,Network-Support,Neutral,0
TK-505123,,P2,,Angry,1
TK-505124,Billing,P4,Billing-Ops,Neutral,0
TK-505125,Storage,P4,Server-HW,Neutral,0
TK-505126,Billing,P4,Billing-Ops,Neutral,0
TK-505127,Storage,P3,Storage-Support,Neutral,0
TK-505128,Storage,P4,Server-HW,Neutral,0
TK-505129,,P2,,Frustrated,1
TK-505130,,P4,,Neutral,1
TK-505131,Firmware,P3,Server-HW,Neutral,0
TK-505132,,P3,,Positive,1
TK-505133,Storage,P1,Storage-Support,Angry,0
TK-505134,Billing,P4,Billing-Ops,Neutral,0
TK-505135,Security,P2,Security-Ops,Frustrated,0
TK-505136,Networking,P2,Network-Support,Angry,0
TK-505137,Hardware,P3,Storage-Support,Neutral,0
TK-505138,Firmware,P2,Storage-Support,Neutral,0
TK-505139,Storage,P3,Server-HW,Neutral,0
TK-505140,Billing,P4,Billing-Ops,Positive,0
TK-505141,Software,P2,Software-Support,Neutral,0
TK-505142,Firmware,P2,Storage-Support,Neutral,0
TK-505143,Software,P2,Software-Support,Frustrated,0
TK-505144,,P3,,Neutral,1
TK-505145,,P4,,Neutral,1
TK-505146,Networking,P3,Network-Support,Neutral,0
TK-505147,Access,P4,Account-Admin,Frustrated,0
TK-505148,Software,P4,Software-Support,Neutral,0
TK-505149,Storage,P3,Storage-Support,Frustrated,0
TK-505150,Networking,P1,Network-Support,Angry,0
TK-505151,Access,P4,Account-Admin,Neutral,0
TK-505152,Software,P4,Software-Support,Angry,0
TK-505153,Firmware,P1,Server-HW,Angry,0
TK-505154,,P3,,Neutral,1
TK-505155,,P2,,Angry,1
TK-505156,Firmware,P4,Server-HW,Positive,0
TK-505157,Software,P3,Software-Support,Neutral,0
TK-505158,Access,P3,Account-Admin,Neutral,0
TK-505159,Storage,P2,Storage-Support,Angry,0
TK-505160,Firmware,P2,Network-Support,Neutral,0
TK-505161,Networking,P3,Network-Support,Neutral,0
TK-505162,,P2,,Neutral,1
TK-505163,Hardware,P2,Server-HW,Frustrated,0
TK-505164,Software,P2,Software-Support,Neutral,0
TK-505165,Hardware,P2,Server-HW,Neutral,0
TK-505166,Firmware,P3,Server-HW,Frustrated,0
TK-505167,Networking,P3,Network-Support,Positive,0
TK-505168,Access,P2,Account-Admin,Frustrated,0
TK-505169,Software,P4,Software-Support,Positive,0
TK-505170,Hardware,P3,Storage-Support,Neutral,0
TK-505171,Storage,P4,Storage-Support,Frustrated,0
TK-505172,Storage,P4,Storage-Support,Frustrated,0
TK-505173,,P2,,Frustrated,1
TK-505174,,P4,,Frustrated,1
TK-505175,,P3,,Neutral,1
TK-505176,Software,P4,Software-Support,Neutral,0
TK-505177,Security,P4,Security-Ops,Neutral,0
TK-505178,Hardware,P3,Server-HW,Angry,0
TK-505179,Billing,P2,Billing-Ops,Neutral,0
TK-505180,Networking,P2,Network-Support,Angry,0
TK-505181,Networking,P3,Network-Support,Frustrated,0
TK-505182,Billing,P4,Billing-Ops,Neutral,0
TK-505183,,P3,,Angry,1
TK-505184,,P1,,Angry,1
TK-505185,,P2,,Angry,1
TK-505186,Billing,P4,Billing-Ops,Neutral,0
TK-505187,Security,P3,Security-Ops,Neutral,0
TK-505188,,P3,,Neutral,1
TK-505189,Firmware,P1,Server-HW,Neutral,0
TK-505190,Access,P2,Account-Admin,Neutral,0
TK-505191,Security,P4,Security-Ops,Neutral,0
TK-505192,,P2,,Angry,1
TK-505193,Hardware,P3,Server-HW,Neutral,0
TK-505194,Hardware,P3,Server-HW,Neutral,0
TK-505195,,P2,,Neutral,1
TK-505196,Billing,P4,Billing-Ops,Frustrated,0
TK-505197,Storage,P2,Server-HW,Positive,0
TK-505198,Networking,P2,Network-Support,Neutral,0
TK-505199,,P3,,Frustrated,1
TK-505200,Firmware,P3,Server-HW,Neutral,0
TK-505201,Hardware,P2,Server-HW,Angry,0
TK-505202,Hardware,P4,Server-HW,Neutral,0
TK-505203,,P4,,Neutral,1
TK-505204,Access,P3,Account-Admin,Positive,0
TK-505205,Billing,P4,Billing-Ops,Frustrated,0
TK-505206,Storage,P2,Server-HW,Neutral,0
TK-505207,Billing,P4,Billing-Ops,Neutral,0
TK-505208,Networking,P3,Network-Support,Positive,0
TK-505209,Software,P2,Software-Support,Angry,0
TK-505210,Networking,P2,Network-Support,Angry,0
TK-505211,Software,P2,Software-Support,Neutral,0
TK-505212,,P2,,Neutral,1
TK-505213,Storage,P2,Storage-Support,Neutral,0
TK-505214,Firmware,P3,Server-HW,Neutral,0
TK-505215,Storage,P1,Storage-Support,Angry,0
TK-505216,Firmware,P2,Server-HW,Angry,0
TK-505217,,P1,,Angry,1
TK-505218,Hardware,P1,Server-HW,Angry,0
TK-505219,Firmware,P4,Server-HW,Positive,0
TK-505220,Hardware,P4,Server-HW,Positive,0
TK-505221,Networking,P4,Network-Support,Neutral,0
TK-505222,Software,P2,Software-Support,Frustrated,0
TK-505223,Networking,P1,Network-Support,Angry,0
TK-505224,Networking,P4,Network-Support,Frustrated,0
TK-505225,Security,P2,Security-Ops,Neutral,0
TK-505226,Storage,P2,Server-HW,Frustrated,0
TK-505227,Hardware,P4,Server-HW,Neutral,0
TK-505228,Storage,P1,Server-HW,Angry,0
TK-505229,Networking,P2,Network-Support,Frustrated,0
TK-505230,Firmware,P2,Server-HW,Angry,0
TK-505231,Billing,P4,Billing-Ops,Positive,0
TK-505232,Billing,P4,Billing-Ops,Neutral,0
TK-505233,Access,P4,Account-Admin,Neutral,0
TK-505234,Firmware,P3,Storage-Support,Angry,0
TK-505235,Software,P3,Software-Support,Angry,0
TK-505236,Software,P2,Software-Support,Neutral,0
TK-505237,Firmware,P2,Server-HW,Frustrated,0
TK-505238,Hardware,P2,Server-HW,Neutral,0
TK-505239,,P2,,Frustrated,1
TK-505240,Software,P4,Software-Support,Neutral,0
TK-505241,Software,P2,Software-Support,Frustrated,0
TK-505242,Software,P2,Software-Support,Neutral,0
TK-505243,Access,P4,Account-Admin,Neutral,0
TK-505244,Billing,P4,Billing-Ops,Neutral,0
TK-505245,Hardware,P2,Storage-Support,Frustrated,0
TK-505246,Storage,P1,Storage-Support,Angry,0
TK-505247,Hardware,P2,Server-HW,Angry,0
TK-505248,Networking,P2,Network-Support,Neutral,0
TK-505249,Security,P2,Security-Ops,Neutral,0
TK-505250,Firmware,P4,Storage-Support,Neutral,0
TK-505251,Hardware,P4,Server-HW,Neutral,0
TK-505252,Software,P4,Software-Support,Neutral,0
TK-505253,Software,P2,Software-Support,Frustrated,0
TK-505254,Hardware,P1,Server-HW,Neutral,0
TK-505255,Storage,P4,Server-HW,Angry,0
TK-505256,Security,P2,Security-Ops,Neutral,0
TK-505257,,P3,,Neutral,1
TK-505258,,P1,,Angry,1
TK-505259,Access,P4,Account-Admin,Frustrated,0
TK-505260,Software,P4,Software-Support,Positive,0
TK-505261,Access,P2,Account-Admin,Neutral,0
TK-505262,Hardware,P3,Server-HW,Neutral,0
TK-505263,,P2,,Frustrated,1
TK-505264,Access,P3,Account-Admin,Frustrated,0
TK-505265,Networking,P3,Server-HW,Neutral,0
TK-505266,Firmware,P2,Server-HW,Frustrated,0
TK-505267,Networking,P4,Network-Support,Positive,0
TK-505268,,P3,,Neutral,1
TK-505269,Hardware,P4,Server-HW,Angry,0
TK-505270,Hardware,P3,Server-HW,Neutral,0
TK-505271,Software,P4,Software-Support,Neutral,0
TK-505272,Hardware,P1,Server-HW,Frustrated,0
TK-505273,Hardware,P1,Server-HW,Neutral,0
TK-505274,Security,P2,Security-Ops,Frustrated,0
TK-505275,Storage,P1,Storage-Support,Neutral,0
TK-505276,Firmware,P4,Server-HW,Neutral,0
TK-505277,Billing,P3,Billing-Ops,Neutral,0
TK-505278,Software,P4,Software-Support,Angry,0
TK-505279,Firmware,P2,Network-Support,Angry,0
TK-505280,Hardware,P3,Server-HW,Angry,0
TK-505281,Security,P4,Security-Ops,Neutral,0
TK-505282,,P3,,Frustrated,1
TK-505283,Hardware,P2,Server-HW,Frustrated,0
TK-505284,Firmware,P3,Server-HW,Neutral,0
TK-505285,Software,P4,Software-Support,Neutral,0
TK-505286,Hardware,P4,Server-HW,Neutral,0
TK-505287,Software,P4,Software-Support,Neutral,0
TK-505288,Firmware,P3,Server-HW,Neutral,0
TK-505289,Storage,P4,Server-HW,Positive,0
TK-505290,,P4,,Neutral,1
TK-505291,Storage,P1,Storage-Support,Positive,0
TK-505292,,P2,,Angry,1
TK-505293,Access,P4,Account-Admin,Neutral,0
TK-505294,Firmware,P4,Server-HW,Neutral,0
TK-505295,Storage,P1,Server-HW,Frustrated,0
TK-505296,Storage,P4,Storage-Support,Positive,0
TK-505297,Software,P2,Software-Support,Angry,0
TK-505298,Billing,P2,Billing-Ops,Frustrated,0
TK-505299,Storage,P2,Storage-Support,Neutral,0
TK-505300,Storage,P4,Storage-Support,Neutral,0
TK-505301,Hardware,P3,Server-HW,Neutral,0
TK-505302,Networking,P2,Network-Support,Frustrated,0
TK-505303,Security,P3,Security-Ops,Neutral,0
TK-505304,Access,P2,Account-Admin,Frustrated,0
TK-505305,Networking,P4,Network-Support,Neutral,0
TK-505306,Firmware,P4,Server-HW,Neutral,0
TK-505307,Storage,P4,Server-HW,Neutral,0
TK-505308,Software,P3,Software-Support,Neutral,0
TK-505309,Software,P2,Software-Support,Neutral,0
TK-505310,Security,P2,Security-Ops,Neutral,0
TK-505311,,P4,,Positive,1
TK-505312,Storage,P1,Storage-Support,Angry,0
TK-505313,Access,P3,Account-Admin,Neutral,0
TK-505314,Firmware,P3,Storage-Support,Neutral,0
TK-505315,Access,P2,Account-Admin,Frustrated,0
TK-505316,Hardware,P1,Server-HW,Frustrated,0
TK-505317,Hardware,P3,Server-HW,Neutral,0
TK-505318,Billing,P3,Billing-Ops,Neutral,0
TK-505319,Hardware,P4,Server-HW,Neutral,0
TK-505320,Billing,P3,Billing-Ops,Neutral,0
TK-505321,Storage,P3,Server-HW,Neutral,0
TK-505322,Hardware,P3,Server-HW,Neutral,0
TK-505323,Software,P3,Software-Support,Neutral,0
TK-505324,Software,P3,Software-Support,Frustrated,0
TK-505325,,P3,,Positive,1
TK-505326,Software,P2,Software-Support,Angry,0
TK-505327,Networking,P4,Network-Support,Positive,0
TK-505328,Access,P3,Account-Admin,Neutral,0
TK-505329,Software,P3,Software-Support,Frustrated,0
TK-505330,Hardware,P4,Server-HW,Positive,0
TK-505331,,P3,,Frustrated,1
TK-505332,Hardware,P1,Server-HW,Angry,0
TK-505333,Software,P3,Software-Support,Neutral,0
TK-505334,Software,P2,Software-Support,Positive,0
TK-505335,Hardware,P1,Server-HW,Angry,0
TK-505336,Access,P3,Account-Admin,Neutral,0
TK-505337,Hardware,P4,Server-HW,Neutral,0
TK-505338,Storage,P2,Storage-Support,Neutral,0
TK-505339,,P1,,Frustrated,1
TK-505340,Storage,P3,Storage-Support,Neutral,0
TK-505341,Networking,P3,Network-Support,Positive,0
TK-505342,Networking,P3,Network-Support,Neutral,0
TK-505343,Firmware,P2,Storage-Support,Neutral,0
TK-505344,Hardware,P1,Server-HW,Neutral,0
TK-505345,Hardware,P2,Storage-Support,Angry,0
TK-505346,Billing,P4,Billing-Ops,Neutral,0
TK-505347,,P1,,Neutral,1
TK-505348,,P2,,Neutral,1
TK-505349,Access,P3,Account-Admin,Neutral,0
TK-505350,Storage,P2,Storage-Support,Neutral,0
TK-505351,Access,P3,Account-Admin,Positive,0
TK-505352,Access,P1,Account-Admin,Neutral,0
TK-505353,Billing,P3,Billing-Ops,Neutral,0
TK-505354,Security,P3,Account-Admin,Neutral,0
TK-505355,Hardware,P3,Storage-Support,Neutral,0
TK-505356,Hardware,P1,Server-HW,Neutral,0
TK-505357,,P2,,Positive,1
TK-505358,Hardware,P4,Server-HW,Neutral,0
TK-505359,,P2,,Neutral,1
TK-505360,Hardware,P2,Server-HW,Neutral,0
TK-505361,,P1,,Angry,1
TK-505362,Security,P2,Security-Ops,Frustrated,0
TK-505363,Software,P3,Software-Support,Neutral,0
TK-505364,,P1,,Angry,1
TK-505365,,P1,,Frustrated,1
TK-505366,Security,P1,Account-Admin,Frustrated,0
TK-505367,Access,P3,Account-Admin,Neutral,0
TK-505368,Firmware,P2,Server-HW,Neutral,0
TK-505369,,P4,,Positive,1
TK-505370,Software,P2,Software-Support,Frustrated,0
TK-505371,Storage,P4,Storage-Support,Positive,0
TK-505372,Billing,P4,Billing-Ops,Neutral,0
TK-505373,,P3,,Neutral,1
TK-505374,Billing,P3,Billing-Ops,Positive,0
TK-505375,Billing,P4,Billing-Ops,Frustrated,0
TK-505376,Hardware,P2,Server-HW,Frustrated,0
TK-505377,Networking,P3,Network-Support,Neutral,0
TK-505378,Access,P2,Account-Admin,Neutral,0
TK-505379,Billing,P4,Billing-Ops,Neutral,0
TK-505380,Access,P4,Account-Admin,Neutral,0
TK-505381,,P2,,Neutral,1
TK-505382,Storage,P2,Server-HW,Frustrated,0
TK-505383,,P2,,Neutral,1
TK-505384,Hardware,P2,Server-HW,Neutral,0
TK-505385,Networking,P3,Server-HW,Neutral,0
TK-505386,Storage,P4,Storage-Support,Neutral,0
TK-505387,,P2,,Angry,1
TK-505388,,P1,,Angry,1
TK-505389,Hardware,P2,Server-HW,Frustrated,0
TK-505390,,P2,,Neutral,1
TK-505391,Hardware,P3,Server-HW,Neutral,0
TK-505392,,P4,,Frustrated,1
TK-505393,Software,P3,Software-Support,Frustrated,0
TK-505394,Firmware,P4,Storage-Support,Neutral,0
TK-505395,Storage,P4,Storage-Support,Neutral,0
TK-505396,Access,P3,Account-Admin,Neutral,0
TK-505397,Software,P2,Software-Support,Angry,0
TK-505398,Networking,P3,Network-Support,Angry,0
TK-505399,Access,P4,Account-Admin,Angry,0
TK-505400,Software,P3,Software-Support,Frustrated,0
TK-505401,Networking,P3,Network-Support,Neutral,0
TK-505402,,P3,,Neutral,1
TK-505403,Storage,P4,Storage-Support,Neutral,0
TK-505404,Networking,P2,Network-Support,Angry,0
TK-505405,Storage,P4,Storage-Support,Positive,0
TK-505406,Networking,P3,Network-Support,Frustrated,0
TK-505407,Networking,P4,Network-Support,Neutral,0
TK-505408,Security,P4,Security-Ops,Positive,0
TK-505409,Software,P2,Software-Support,Angry,0
TK-505410,Hardware,P1,Server-HW,Neutral,0
TK-505411,Storage,P3,Storage-Support,Neutral,0
TK-505412,Access,P4,Account-Admin,Neutral,0
TK-505413,Firmware,P3,Server-HW,Neutral,0
TK-505414,,P3,,Neutral,1
TK-505415,,P3,,Angry,1
TK-505416,Networking,P4,Network-Support,Neutral,0
TK-505417,Hardware,P3,Server-HW,Neutral,0
TK-505418,Firmware,P4,Network-Support,Neutral,0
TK-505419,Hardware,P2,Server-HW,Frustrated,0
TK-505420,Access,P4,Account-Admin,Angry,0
TK-505421,Hardware,P2,Server-HW,Neutral,0
TK-505422,Hardware,P4,Server-HW,Positive,0
TK-505423,Hardware,P3,Server-HW,Angry,0
TK-505424,Software,P3,Software-Support,Frustrated,0
TK-505425,Billing,P3,Billing-Ops,Neutral,0
TK-505426,Firmware,P4,Storage-Support,Neutral,0
TK-505427,Firmware,P4,Storage-Support,Positive,0
TK-505428,,P4,,Neutral,1
TK-505429,Hardware,P2,Server-HW,Frustrated,0
TK-505430,Access,P3,Account-Admin,Frustrated,0
TK-505431,Billing,P3,Billing-Ops,Angry,0
TK-505432,Networking,P2,Network-Support,Neutral,0
TK-505433,Security,P2,Security-Ops,Angry,0
TK-505434,Storage,P1,Server-HW,Angry,0
TK-505435,Storage,P4,Server-HW,Neutral,0
TK-505436,Firmware,P3,Server-HW,Angry,0
TK-505437,Access,P4,Billing-Ops,Neutral,0
TK-505438,Access,P4,Account-Admin,Positive,0
TK-505439,,P2,,Neutral,1
TK-505440,Billing,P3,Billing-Ops,Frustrated,0
TK-505441,Billing,P4,Billing-Ops,Positive,0
TK-505442,Firmware,P4,Server-HW,Neutral,0
TK-505443,Billing,P4,Billing-Ops,Neutral,0
TK-505444,Firmware,P3,Server-HW,Frustrated,0
TK-505445,Storage,P3,Storage-Support,Angry,0
TK-505446,,P3,,Frustrated,1
TK-505447,,P1,,Angry,1
TK-505448,,P2,,Neutral,1
TK-505449,Software,P4,Software-Support,Angry,0
TK-505450,Access,P4,Account-Admin,Neutral,0
TK-505451,Networking,P3,Network-Support,Neutral,0
TK-505452,Access,P3,Account-Admin,Frustrated,0
TK-505453,Billing,P3,Billing-Ops,Neutral,0
TK-505454,Hardware,P3,Server-HW,Neutral,0
TK-505455,Hardware,P3,Server-HW,Positive,0
TK-505456,Firmware,P2,Server-HW,Neutral,0
TK-505457,Hardware,P1,Server-HW,Neutral,0
TK-505458,Networking,P4,Network-Support,Neutral,0
TK-505459,Hardware,P2,Server-HW,Frustrated,0
TK-505460,Hardware,P3,Server-HW,Frustrated,0
TK-505461,Networking,P2,Network-Support,Angry,0
TK-505462,Storage,P1,Storage-Support,Frustrated,0
TK-505463,Hardware,P2,Server-HW,Frustrated,0
TK-505464,Networking,P4,Network-Support,Neutral,0
TK-505465,Firmware,P3,Network-Support,Neutral,0
TK-505466,Access,P3,Account-Admin,Frustrated,0
TK-505467,Networking,P3,Network-Support,Frustrated,0
TK-505468,Software,P4,Software-Support,Positive,0
TK-505469,Hardware,P2,Server-HW,Angry,0
TK-505470,Firmware,P3,Server-HW,Neutral,0
TK-505471,Access,P3,Account-Admin,Neutral,0
TK-505472,Storage,P3,Storage-Support,Neutral,0
TK-505473,Storage,P1,Storage-Support,Angry,0
TK-505474,Access,P2,Account-Admin,Neutral,0
TK-505475,Access,P3,Account-Admin,Angry,0
TK-505476,Software,P2,Software-Support,Frustrated,0
TK-505477,Firmware,P2,Server-HW,Frustrated,0
TK-505478,Software,P3,Software-Support,Neutral,0
TK-505479,Security,P3,Security-Ops,Positive,0
TK-505480,Access,P2,Account-Admin,Positive,0
TK-505481,,P1,,Angry,1
TK-505482,Networking,P3,Network-Support,Neutral,0
TK-505483,Hardware,P3,Server-HW,Neutral,0
TK-505484,Access,P3,Account-Admin,Neutral,0
TK-505485,Billing,P4,Billing-Ops,Neutral,0
TK-505486,Hardware,P2,Server-HW,Neutral,0
TK-505487,Security,P3,Security-Ops,Positive,0
TK-505488,Firmware,P2,Server-HW,Neutral,0
TK-505489,Access,P4,Account-Admin,Frustrated,0
TK-505490,Storage,P2,Server-HW,Neutral,0
TK-505491,Networking,P2,Network-Support,Angry,0
TK-505492,Billing,P3,Billing-Ops,Neutral,0
TK-505493,Hardware,P3,Server-HW,Neutral,0
TK-505494,Software,P3,Software-Support,Frustrated,0
TK-505495,,P4,,Neutral,1
TK-505496,Security,P4,Security-Ops,Neutral,0
TK-505497,Networking,P1,Network-Support,Positive,0
TK-505498,Access,P3,Account-Admin,Neutral,0
TK-505499,Billing,P4,Billing-Ops,Neutral,0
TK-505500,Billing,P3,Billing-Ops,Neutral,0
TK-505501,Hardware,P2,Server-HW,Neutral,0
TK-505502,Hardware,P1,Server-HW,Neutral,0
TK-505503,Access,P2,Account-Admin,Frustrated,0
TK-505504,Storage,P4,Storage-Support,Neutral,0
TK-505505,Access,P2,Account-Admin,Positive,0
TK-505506,,P4,,Neutral,1
TK-505507,Networking,P2,Network-Support,Angry,0
TK-505508,,P1,,Angry,1
TK-505509,Firmware,P2,Server-HW,Frustrated,0
TK-505510,Storage,P2,Storage-Support,Neutral,0
TK-505511,Firmware,P2,Server-HW,Frustrated,0
TK-505512,Billing,P4,Billing-Ops,Positive,0
TK-505513,Security,P4,Security-Ops,Neutral,0
TK-505514,Hardware,P4,Server-HW,Neutral,0
TK-505515,Storage,P1,Storage-Support,Frustrated,0
TK-505516,Billing,P4,Billing-Ops,Neutral,0
TK-505517,Networking,P4,Server-HW,Neutral,0
TK-505518,Networking,P2,Network-Support,Neutral,0
TK-505519,Networking,P3,Network-Support,Neutral,0
TK-505520,Networking,P3,Network-Support,Neutral,0
TK-505521,Networking,P3,Network-Support,Neutral,0
TK-505522,Storage,P2,Storage-Support,Frustrated,0
TK-505523,Access,P3,Account-Admin,Positive,0
TK-505524,,P1,,Frustrated,1
TK-505525,Hardware,P3,Server-HW,Neutral,0
TK-505526,Access,P4,Account-Admin,Positive,0
TK-505527,Firmware,P3,Server-HW,Positive,0
TK-505528,Networking,P2,Network-Support,Angry,0
TK-505529,Access,P2,Account-Admin,Frustrated,0
TK-505530,Software,P2,Software-Support,Neutral,0
TK-505531,Storage,P1,Storage-Support,Neutral,0
TK-505532,,P2,,Frustrated,1
TK-505533,Hardware,P2,Server-HW,Neutral,0
TK-505534,Hardware,P2,Server-HW,Neutral,0
TK-505535,Billing,P4,Billing-Ops,Neutral,0
TK-505536,Security,P4,Account-Admin,Positive,0
TK-505537,Access,P2,Account-Admin,Angry,0
TK-505538,Networking,P2,Network-Support,Neutral,0
TK-505539,Firmware,P2,Server-HW,Neutral,0
TK-505540,Networking,P3,Network-Support,Frustrated,0
TK-505541,Security,P2,Security-Ops,Angry,0
TK-505542,,P3,,Neutral,1
TK-505543,,P3,,Frustrated,1
TK-505544,Storage,P4,Storage-Support,Neutral,0
TK-505545,,P2,,Frustrated,1
TK-505546,Security,P4,Security-Ops,Neutral,0
TK-505547,Access,P3,Account-Admin,Frustrated,0
TK-505548,Billing,P4,Billing-Ops,Neutral,0
TK-505549,Billing,P3,Billing-Ops,Neutral,0
TK-505550,Billing,P4,Billing-Ops,Angry,0
TK-505551,Firmware,P2,Network-Support,Neutral,0
TK-505552,Firmware,P3,Server-HW,Neutral,0
TK-505553,Storage,P3,Storage-Support,Positive,0
TK-505554,Networking,P2,Network-Support,Angry,0
TK-505555,Storage,P2,Server-HW,Neutral,0
TK-505556,Access,P2,Account-Admin,Frustrated,0
TK-505557,,P2,,Neutral,1
TK-505558,Networking,P3,Network-Support,Frustrated,0
TK-505559,Networking,P2,Network-Support,Neutral,0
TK-505560,Storage,P1,Storage-Support,Neutral,0
TK-505561,Networking,P4,Network-Support,Frustrated,0
TK-505562,Billing,P3,Billing-Ops,Neutral,0
TK-505563,Storage,P3,Storage-Support,Neutral,0
TK-505564,Hardware,P4,Server-HW,Positive,0
TK-505565,Access,P3,Account-Admin,Frustrated,0
TK-505566,Firmware,P3,Server-HW,Angry,0
TK-505567,Security,P3,Security-Ops,Positive,0
TK-505568,Security,P2,Security-Ops,Neutral,0
TK-505569,Hardware,P2,Server-HW,Angry,0
TK-505570,Security,P3,Security-Ops,Frustrated,0
TK-505571,,P4,,Angry,1
TK-505572,Networking,P2,Network-Support,Angry,0
TK-505573,Software,P4,Software-Support,Positive,0
TK-505574,Access,P3,Account-Admin,Frustrated,0
TK-505575,Firmware,P2,Server-HW,Frustrated,0
TK-505576,Billing,P3,Billing-Ops,Neutral,0
TK-505577,Storage,P3,Storage-Support,Positive,0
TK-505578,Billing,P3,Billing-Ops,Neutral,0
TK-505579,Firmware,P4,Server-HW,Neutral,0
TK-505580,Access,P3,Account-Admin,Neutral,0
TK-505581,Hardware,P2,Server-HW,Frustrated,0
TK-505582,Storage,P2,Storage-Support,Angry,0
TK-505583,,P3,,Neutral,1
TK-505584,Networking,P2,Network-Support,Neutral,0
TK-505585,,P2,,Frustrated,1
TK-505586,Access,P4,Account-Admin,Neutral,0
TK-505587,Access,P4,Account-Admin,Neutral,0
TK-505588,Security,P3,Security-Ops,Neutral,0
TK-505589,Billing,P3,Billing-Ops,Neutral,0
TK-505590,Storage,P1,Server-HW,Frustrated,0
TK-505591,Software,P2,Software-Support,Neutral,0
TK-505592,Access,P3,Account-Admin,Frustrated,0
TK-505593,Hardware,P3,Server-HW,Neutral,0
TK-505594,Networking,P3,Network-Support,Positive,0
TK-505595,Access,P4,Account-Admin,Neutral,0
TK-505596,,P1,,Neutral,1
TK-505597,Storage,P2,Server-HW,Neutral,0
TK-505598,Firmware,P3,Server-HW,Frustrated,0
TK-505599,,P2,,Neutral,1
TK-505600,Networking,P2,Network-Support,Neutral,0
TK-505601,Software,P3,Software-Support,Neutral,0
TK-505602,Storage,P3,Storage-Support,Neutral,0
TK-505603,Access,P4,Account-Admin,Neutral,0
TK-505604,Access,P2,Account-Admin,Angry,0
TK-505605,Storage,P1,Storage-Support,Angry,0
TK-505606,Networking,P3,Network-Support,Frustrated,0
TK-505607,Billing,P3,Billing-Ops,Neutral,0
TK-505608,Firmware,P2,Network-Support,Neutral,0
TK-505609,Firmware,P3,Network-Support,Frustrated,0
TK-505610,Security,P3,Security-Ops,Frustrated,0
TK-505611,Networking,P2,Network-Support,Frustrated,0
TK-505612,Software,P2,Software-Support,Neutral,0
TK-505613,,P4,,Neutral,1
TK-505614,Billing,P4,Billing-Ops,Neutral,0
TK-505615,Networking,P3,Network-Support,Neutral,0
TK-505616,Hardware,P3,Server-HW,Neutral,0
TK-505617,Billing,P3,Billing-Ops,Neutral,0
TK-505618,Hardware,P2,Server-HW,Frustrated,0
TK-505619,Security,P2,Security-Ops,Neutral,0
TK-505620,Software,P3,Software-Support,Neutral,0
TK-505621,Hardware,P3,Server-HW,Neutral,0
TK-505622,,P3,,Neutral,1
TK-505623,Networking,P1,Network-Support,Angry,0
TK-505624,Access,P2,Account-Admin,Neutral,0
TK-505625,Firmware,P2,Server-HW,Neutral,0
TK-505626,,P2,,Neutral,1
TK-505627,Firmware,P2,Server-HW,Neutral,0
TK-505628,Networking,P2,Network-Support,Neutral,0
TK-505629,Security,P2,Security-Ops,Neutral,0
TK-505630,Billing,P3,Billing-Ops,Positive,0
TK-505631,Hardware,P1,Server-HW,Angry,0
TK-505632,Storage,P2,Storage-Support,Neutral,0
TK-505633,,P2,,Neutral,1
TK-505634,,P2,,Neutral,1
TK-505635,Hardware,P2,Storage-Support,Neutral,0
TK-505636,Billing,P3,Billing-Ops,Neutral,0
TK-505637,Networking,P2,Network-Support,Angry,0
TK-505638,,P3,,Neutral,1
TK-505639,Networking,P2,Network-Support,Frustrated,0
TK-505640,Software,P2,Software-Support,Neutral,0
TK-505641,Firmware,P3,Storage-Support,Neutral,0
TK-505642,Software,P3,Software-Support,Positive,0
TK-505643,Security,P3,Security-Ops,Frustrated,0
TK-505644,Hardware,P3,Server-HW,Neutral,0
TK-505645,,P2,,Positive,1
TK-505646,Storage,P2,Server-HW,Frustrated,0
TK-505647,Hardware,P2,Server-HW,Neutral,0
TK-505648,Storage,P4,Storage-Support,Neutral,0
TK-505649,Access,P3,Account-Admin,Frustrated,0
TK-505650,Hardware,P2,Server-HW,Angry,0
TK-505651,Access,P4,Account-Admin,Positive,0
TK-505652,,P2,,Neutral,1
TK-505653,Access,P2,Account-Admin,Neutral,0
TK-505654,Firmware,P1,Server-HW,Angry,0
TK-505655,Firmware,P2,Server-HW,Neutral,0
TK-505656,Hardware,P1,Server-HW,Angry,0
TK-505657,Billing,P3,Billing-Ops,Angry,0
TK-505658,Storage,P1,Server-HW,Angry,0
TK-505659,Hardware,P2,Server-HW,Frustrated,0
TK-505660,Firmware,P1,Network-Support,Frustrated,0
TK-505661,,P3,,Neutral,1
TK-505662,Hardware,P1,Server-HW,Angry,0
TK-505663,Software,P2,Software-Support,Neutral,0
TK-505664,Networking,P3,Network-Support,Neutral,0
TK-505665,Hardware,P3,Server-HW,Positive,0
TK-505666,Hardware,P2,Server-HW,Neutral,0
TK-505667,Hardware,P2,Server-HW,Angry,0
TK-505668,Networking,P2,Network-Support,Frustrated,0
TK-505669,Networking,P2,Network-Support,Angry,0
TK-505670,Hardware,P2,Server-HW,Neutral,0
TK-505671,Storage,P1,Server-HW,Frustrated,0
TK-505672,Hardware,P2,Server-HW,Neutral,0
TK-505673,,P2,,Neutral,1
TK-505674,Storage,P2,Storage-Support,Positive,0
TK-505675,Access,P4,Account-Admin,Frustrated,0
TK-505676,,P3,,Frustrated,1
TK-505677,Hardware,P3,Server-HW,Positive,0
TK-505678,Software,P3,Software-Support,Frustrated,0
TK-505679,,P2,,Angry,1
TK-505680,Billing,P4,Billing-Ops,Frustrated,0
TK-505681,Access,P4,Account-Admin,Frustrated,0
TK-505682,Networking,P2,Network-Support,Frustrated,0
TK-505683,,P3,,Positive,1
TK-505684,Hardware,P4,Storage-Support,Neutral,0
TK-505685,Billing,P3,Billing-Ops,Neutral,0
TK-505686,Storage,P1,Server-HW,Angry,0
TK-505687,Software,P2,Software-Support,Frustrated,0
TK-505688,Firmware,P4,Server-HW,Positive,0
TK-505689,Networking,P1,Network-Support,Angry,0
TK-505690,Software,P3,Software-Support,Frustrated,0
TK-505691,Security,P2,Security-Ops,Neutral,0
TK-505692,,P4,,Positive,1
TK-505693,Storage,P1,Storage-Support,Angry,0
TK-505694,Hardware,P3,Storage-Support,Positive,0
TK-505695,Networking,P2,Network-Support,Angry,0
TK-505696,Firmware,P3,Server-HW,Neutral,0
TK-505697,Software,P1,Software-Support,Neutral,0
TK-505698,Networking,P2,Network-Support,Frustrated,0
TK-505699,,P2,,Neutral,1
TK-505700,Access,P4,Account-Admin,Neutral,0
TK-505701,Hardware,P2,Server-HW,Angry,0
TK-505702,Firmware,P3,Server-HW,Neutral,0
TK-505703,Hardware,P3,Server-HW,Neutral,0
TK-505704,Billing,P3,Billing-Ops,Frustrated,0
TK-505705,Storage,P4,Storage-Support,Positive,0
TK-505706,Billing,P3,Billing-Ops,Positive,0
TK-505707,Security,P2,Security-Ops,Neutral,0
TK-505708,Billing,P3,Billing-Ops,Angry,0
TK-505709,Firmware,P4,Network-Support,Neutral,0
TK-505710,Networking,P3,Network-Support,Neutral,0
TK-505711,Software,P4,Software-Support,Neutral,0
TK-505712,,P2,,Neutral,1
TK-505713,Hardware,P2,Server-HW,Angry,0
TK-505714,Storage,P4,Storage-Support,Positive,0
TK-505715,Hardware,P3,Storage-Support,Angry,0
TK-505716,,P1,,Frustrated,1
TK-505717,,P4,,Neutral,1
TK-505718,Access,P4,Account-Admin,Neutral,0
TK-505719,Access,P3,Account-Admin,Neutral,0
TK-505720,Security,P4,Security-Ops,Neutral,0
TK-505721,Access,P4,Account-Admin,Neutral,0
TK-505722,Security,P2,Security-Ops,Frustrated,0
TK-505723,Storage,P2,Storage-Support,Neutral,0
TK-505724,Software,P3,Software-Support,Frustrated,0
TK-505725,Billing,P4,Billing-Ops,Neutral,0
TK-505726,,P2,,Neutral,1
TK-505727,Software,P2,Software-Support,Frustrated,0
TK-505728,Firmware,P2,Server-HW,Frustrated,0
TK-505729,Access,P3,Account-Admin,Neutral,0
TK-505730,Storage,P1,Storage-Support,Angry,0
TK-505731,Hardware,P2,Server-HW,Positive,0
TK-505732,Hardware,P4,Storage-Support,Neutral,0
TK-505733,Networking,P2,Network-Support,Neutral,0
TK-505734,Access,P3,Account-Admin,Frustrated,0
TK-505735,Access,P3,Account-Admin,Positive,0
TK-505736,Hardware,P1,Storage-Support,Angry,0
TK-505737,Storage,P2,Server-HW,Neutral,0
TK-505738,Software,P4,Storage-Support,Neutral,0
TK-505739,Software,P3,Software-Support,Frustrated,0
TK-505740,Hardware,P3,Server-HW,Frustrated,0
TK-505741,Software,P2,Software-Support,Neutral,0
TK-505742,Firmware,P3,Network-Support,Frustrated,0
TK-505743,Networking,P2,Network-Support,Neutral,0
TK-505744,Hardware,P3,Storage-Support,Angry,0
TK-505745,Storage,P3,Server-HW,Frustrated,0
TK-505746,Firmware,P3,Server-HW,Neutral,0
TK-505747,,P1,,Frustrated,1
TK-505748,Access,P2,Account-Admin,Neutral,0
TK-505749,Security,P1,Security-Ops,Frustrated,0
TK-505750,Access,P3,Account-Admin,Neutral,0
TK-505751,,P2,,Neutral,1
TK-505752,Firmware,P4,Server-HW,Neutral,0
TK-505753,,P3,,Neutral,1
TK-505754,,P2,,Angry,1
TK-505755,Billing,P4,Billing-Ops,Neutral,0
TK-505756,Software,P3,Software-Support,Angry,0
TK-505757,Hardware,P2,Server-HW,Frustrated,0
TK-505758,Storage,P2,Storage-Support,Neutral,0
TK-505759,Firmware,P3,Storage-Support,Positive,0
TK-505760,,P3,,Neutral,1
TK-505761,Firmware,P3,Server-HW,Neutral,0
TK-505762,,P2,,Frustrated,1
TK-505763,,P3,,Angry,1
TK-505764,Storage,P4,Server-HW,Positive,0
TK-505765,Hardware,P2,Server-HW,Frustrated,0
TK-505766,Firmware,P2,Network-Support,Neutral,0
TK-505767,Hardware,P2,Server-HW,Angry,0
TK-505768,Hardware,P2,Server-HW,Neutral,0
TK-505769,Storage,P4,Server-HW,Frustrated,0
TK-505770,,P4,,Neutral,1
TK-505771,Hardware,P1,Server-HW,Frustrated,0
TK-505772,Storage,P1,Storage-Support,Angry,0
TK-505773,Networking,P2,Network-Support,Frustrated,0
TK-505774,Hardware,P3,Storage-Support,Neutral,0
TK-505775,,P3,,Neutral,1
TK-505776,Firmware,P4,Network-Support,Neutral,0
TK-505777,Hardware,P3,Server-HW,Frustrated,0
TK-505778,Hardware,P2,Storage-Support,Neutral,0
TK-505779,Hardware,P2,Server-HW,Neutral,0
TK-505780,Networking,P4,Network-Support,Neutral,0
TK-505781,Hardware,P3,Server-HW,Neutral,0
TK-505782,Networking,P2,Network-Support,Frustrated,0
TK-505783,Hardware,P2,Server-HW,Frustrated,0
TK-505784,Hardware,P2,Storage-Support,Neutral,0
TK-505785,Hardware,P3,Server-HW,Neutral,0
TK-505786,Access,P2,Account-Admin,Neutral,0
TK-505787,Hardware,P2,Server-HW,Neutral,0
TK-505788,Software,P3,Software-Support,Neutral,0
TK-505789,Storage,P2,Storage-Support,Neutral,0
TK-505790,,P2,,Positive,1
TK-505791,Security,P4,Security-Ops,Neutral,0
TK-505792,,P1,,Angry,1
TK-505793,Access,P2,Account-Admin,Neutral,0
TK-505794,Billing,P3,Billing-Ops,Neutral,0
TK-505795,Storage,P2,Storage-Support,Neutral,0
TK-505796,Storage,P2,Server-HW,Frustrated,0
TK-505797,Software,P2,Software-Support,Neutral,0
TK-505798,Hardware,P2,Server-HW,Frustrated,0
TK-505799,Networking,P4,Network-Support,Neutral,0
TK-505800,Software,P3,Software-Support,Frustrated,0
TK-505801,Storage,P1,Storage-Support,Angry,0
TK-505802,Hardware,P2,Server-HW,Frustrated,0
TK-505803,Security,P4,Security-Ops,Positive,0
TK-505804,Firmware,P2,Storage-Support,Angry,0
TK-505805,Hardware,P3,Server-HW,Neutral,0
TK-505806,Firmware,P2,Network-Support,Neutral,0
TK-505807,Networking,P4,Network-Support,Neutral,0
TK-505808,Storage,P2,Storage-Support,Angry,0
TK-505809,Firmware,P3,Server-HW,Angry,0
TK-505810,Access,P3,Account-Admin,Neutral,0
TK-505811,Software,P2,Software-Support,Angry,0
TK-505812,,P4,,Neutral,1
TK-505813,Access,P3,Account-Admin,Neutral,0
TK-505814,Firmware,P1,Server-HW,Angry,0
TK-505815,Access,P4,Account-Admin,Neutral,0
TK-505816,Hardware,P4,Server-HW,Neutral,0
TK-505817,Hardware,P1,Server-HW,Frustrated,0
TK-505818,Access,P4,Account-Admin,Neutral,0
TK-505819,Hardware,P1,Server-HW,Neutral,0
TK-505820,Firmware,P4,Network-Support,Frustrated,0
TK-505821,Billing,P4,Billing-Ops,Neutral,0
TK-505822,Billing,P4,Billing-Ops,Neutral,0
TK-505823,Software,P3,Software-Support,Neutral,0
TK-505824,Networking,P4,Server-HW,Neutral,0
TK-505825,Networking,P2,Network-Support,Neutral,0
TK-505826,,P3,,Neutral,1
TK-505827,Security,P3,Security-Ops,Frustrated,0
TK-505828,Firmware,P3,Server-HW,Neutral,0
TK-505829,,P2,,Frustrated,1
TK-505830,Storage,P2,Storage-Support,Frustrated,0
TK-505831,,P3,,Frustrated,1
TK-505832,Hardware,P4,Server-HW,Positive,0
TK-505833,,P3,,Frustrated,1
TK-505834,Software,P4,Software-Support,Positive,0
TK-505835,Networking,P4,Network-Support,Neutral,0
TK-505836,Software,P4,Storage-Support,Positive,0
TK-505837,Networking,P3,Network-Support,Neutral,0
TK-505838,Billing,P4,Billing-Ops,Neutral,0
TK-505839,Software,P4,Software-Support,Positive,0
TK-505840,Access,P4,Account-Admin,Neutral,0
TK-505841,Access,P2,Account-Admin,Frustrated,0
TK-505842,Hardware,P4,Server-HW,Neutral,0
TK-505843,Firmware,P2,Server-HW,Frustrated,0
TK-505844,Software,P4,Software-Support,Neutral,0
TK-505845,Networking,P3,Network-Support,Neutral,0
TK-505846,Storage,P3,Storage-Support,Neutral,0
TK-505847,Billing,P4,Billing-Ops,Neutral,0
TK-505848,Hardware,P3,Server-HW,Neutral,0
TK-505849,Software,P4,Software-Support,Neutral,0
TK-505850,Firmware,P2,Network-Support,Angry,0
TK-505851,Firmware,P1,Storage-Support,Angry,0
TK-505852,Hardware,P1,Server-HW,Angry,0
TK-505853,Software,P2,Software-Support,Frustrated,0
TK-505854,Networking,P3,Network-Support,Neutral,0
TK-505855,Firmware,P3,Storage-Support,Neutral,0
TK-505856,Firmware,P3,Server-HW,Frustrated,0
TK-505857,Networking,P4,Network-Support,Positive,0
TK-505858,,P4,,Neutral,1
TK-505859,Security,P2,Security-Ops,Neutral,0
TK-505860,Networking,P2,Network-Support,Frustrated,0
TK-505861,Networking,P2,Network-Support,Neutral,0
TK-505862,Networking,P4,Network-Support,Neutral,0
TK-505863,Firmware,P2,Server-HW,Frustrated,0
TK-505864,,P4,,Positive,1
TK-505865,Firmware,P2,Network-Support,Neutral,0
TK-505866,Billing,P3,Billing-Ops,Neutral,0
TK-505867,Storage,P2,Storage-Support,Angry,0
TK-505868,Storage,P4,Storage-Support,Neutral,0
TK-505869,Security,P2,Security-Ops,Neutral,0
TK-505870,Networking,P4,Network-Support,Neutral,0
TK-505871,,P2,,Neutral,1
TK-505872,Access,P3,Account-Admin,Neutral,0
TK-505873,Security,P4,Security-Ops,Neutral,0
TK-505874,,P3,,Frustrated,1
TK-505875,,P2,,Frustrated,1
TK-505876,Firmware,P4,Server-HW,Neutral,0
TK-505877,Security,P2,Security-Ops,Neutral,0
TK-505878,Access,P1,Account-Admin,Angry,0
TK-505879,,P2,,Frustrated,1
TK-505880,Security,P4,Security-Ops,Positive,0
TK-505881,Firmware,P4,Storage-Support,Neutral,0
TK-505882,Software,P4,Software-Support,Neutral,0
TK-505883,Networking,P2,Network-Support,Neutral,0
TK-505884,Access,P3,Account-Admin,Neutral,0
TK-505885,Firmware,P2,Server-HW,Positive,0
TK-505886,Security,P4,Security-Ops,Neutral,0
TK-505887,,P1,,Angry,1
TK-505888,,P4,,Neutral,1
TK-505889,Firmware,P3,Server-HW,Neutral,0
TK-505890,Firmware,P4,Server-HW,Neutral,0
TK-505891,Billing,P4,Billing-Ops,Positive,0
TK-505892,Networking,P3,Network-Support,Neutral,0
TK-505893,,P1,,Frustrated,1
TK-505894,Storage,P1,Storage-Support,Frustrated,0
TK-505895,Hardware,P1,Server-HW,Neutral,0
TK-505896,Networking,P2,Network-Support,Frustrated,0
TK-505897,Networking,P1,Network-Support,Frustrated,0
TK-505898,Billing,P4,Billing-Ops,Neutral,0
TK-505899,Hardware,P2,Server-HW,Frustrated,0
TK-505900,Access,P2,Account-Admin,Neutral,0
TK-505901,Hardware,P3,Server-HW,Frustrated,0
TK-505902,Access,P4,Security-Ops,Neutral,0
TK-505903,Storage,P2,Storage-Support,Angry,0
TK-505904,Hardware,P2,Server-HW,Neutral,0
TK-505905,Access,P2,Account-Admin,Frustrated,0
TK-505906,Networking,P2,Network-Support,Frustrated,0
TK-505907,Firmware,P4,Server-HW,Frustrated,0
TK-505908,Networking,P2,Network-Support,Neutral,0
TK-505909,Billing,P4,Billing-Ops,Frustrated,0
TK-505910,Networking,P3,Network-Support,Neutral,0
TK-505911,Security,P4,Security-Ops,Neutral,0
TK-505912,Hardware,P2,Server-HW,Angry,0
TK-505913,Networking,P2,Network-Support,Neutral,0
TK-505914,Firmware,P3,Storage-Support,Neutral,0
TK-505915,Hardware,P1,Server-HW,Angry,0
TK-505916,Billing,P3,Billing-Ops,Neutral,0
TK-505917,Networking,P1,Network-Support,Frustrated,0
TK-505918,Security,P3,Security-Ops,Frustrated,0
TK-505919,Hardware,P3,Storage-Support,Positive,0
TK-505920,Storage,P4,Storage-Support,Frustrated,0
TK-505921,,P3,,Neutral,1
TK-505922,,P1,,Frustrated,1
TK-505923,Storage,P2,Storage-Support,Frustrated,0
TK-505924,Security,P3,Security-Ops,Frustrated,0
TK-505925,Storage,P1,Storage-Support,Frustrated,0
TK-505926,,P3,,Neutral,1
TK-505927,Storage,P2,Storage-Support,Neutral,0
TK-505928,Networking,P4,Network-Support,Positive,0
TK-505929,Software,P2,Software-Support,Frustrated,0
TK-505930,Networking,P2,Network-Support,Angry,0
TK-505931,Networking,P1,Network-Support,Neutral,0
TK-505932,Security,P3,Security-Ops,Neutral,0
TK-505933,Hardware,P2,Server-HW,Frustrated,0
TK-505934,Hardware,P2,Server-HW,Neutral,0
TK-505935,Networking,P1,Network-Support,Angry,0
TK-505936,Storage,P2,Storage-Support,Frustrated,0
TK-505937,Billing,P4,Billing-Ops,Neutral,0
TK-505938,,P2,,Frustrated,1
TK-505939,Access,P3,Account-Admin,Frustrated,0
TK-505940,Software,P2,Software-Support,Angry,0
TK-505941,,P1,,Neutral,1
TK-505942,Networking,P2,Network-Support,Angry,0
TK-505943,Billing,P4,Billing-Ops,Neutral,0
TK-505944,Hardware,P2,Server-HW,Angry,0
TK-505945,Networking,P4,Network-Support,Neutral,0
TK-505946,Software,P4,Software-Support,Neutral,0
TK-505947,Storage,P1,Server-HW,Frustrated,0
TK-505948,Networking,P4,Network-Support,Neutral,0
TK-505949,Networking,P2,Network-Support,Angry,0
TK-505950,,P3,,Neutral,1
TK-505951,,P2,,Angry,1
TK-505952,Firmware,P3,Server-HW,Positive,0
TK-505953,Hardware,P2,Storage-Support,Frustrated,0
TK-505954,Firmware,P1,Server-HW,Angry,0
TK-505955,Storage,P1,Storage-Support,Angry,0
TK-505956,Firmware,P2,Server-HW,Neutral,0
TK-505957,Software,P3,Software-Support,Neutral,0
TK-505958,Access,P3,Account-Admin,Positive,0
TK-505959,Security,P4,Security-Ops,Neutral,0
TK-505960,Firmware,P4,Network-Support,Neutral,0
TK-505961,Storage,P1,Server-HW,Angry,0
TK-505962,Storage,P2,Storage-Support,Neutral,0
TK-505963,Software,P3,Software-Support,Positive,0
TK-505964,Billing,P3,Billing-Ops,Positive,0
TK-505965,Firmware,P4,Storage-Support,Neutral,0
TK-505966,Storage,P2,Storage-Support,Frustrated,0
TK-505967,Firmware,P2,Network-Support,Neutral,0
TK-505968,Firmware,P4,Network-Support,Neutral,0
TK-505969,Access,P2,Account-Admin,Neutral,0
TK-505970,Networking,P3,Network-Support,Neutral,0
TK-505971,Billing,P4,Billing-Ops,Neutral,0
TK-505972,Billing,P4,Billing-Ops,Neutral,0
TK-505973,Hardware,P2,Server-HW,Neutral,0
TK-505974,Software,P4,Software-Support,Positive,0
TK-505975,Access,P3,Account-Admin,Neutral,0
TK-505976,Networking,P4,Network-Support,Frustrated,0
TK-505977,Billing,P4,Billing-Ops,Positive,0
TK-505978,Networking,P2,Network-Support,Frustrated,0
TK-505979,Billing,P4,Billing-Ops,Neutral,0
TK-505980,,P4,,Frustrated,1
TK-505981,,P4,,Angry,1
TK-505982,Hardware,P3,Server-HW,Neutral,0
TK-505983,Storage,P4,Server-HW,Positive,0
TK-505984,Firmware,P3,Server-HW,Neutral,0
TK-505985,Storage,P3,Storage-Support,Angry,0
TK-505986,Security,P3,Security-Ops,Neutral,0
TK-505987,Hardware,P4,Server-HW,Neutral,0
TK-505988,Storage,P4,Storage-Support,Neutral,0
TK-505989,Billing,P3,Billing-Ops,Frustrated,0
TK-505990,Billing,P4,Billing-Ops,Positive,0
TK-505991,,P3,,Frustrated,1
TK-505992,Storage,P2,Server-HW,Angry,0
TK-505993,Hardware,P4,Storage-Support,Neutral,0
TK-505994,Storage,P3,Storage-Support,Positive,0
TK-505995,,P4,,Neutral,1
TK-505996,Hardware,P2,Storage-Support,Neutral,0
TK-505997,Firmware,P2,Server-HW,Neutral,0
TK-505998,Billing,P2,Billing-Ops,Neutral,0
TK-505999,Hardware,P3,Server-HW,Neutral,0
TK-506000,Hardware,P3,Server-HW,Angry,0
