partner_id,2024-01,2024-02,2024-03,2024-04,2024-05,2024-06,2024-07,2024-08,2024-09,2024-10,2024-11,2024-12,2025-01,2025-02,2025-03,2025-04,2025-05,2025-06,2025-07,2025-08,2025-09,2025-10,2025-11,2025-12,2026-01,2026-02,2026-03,2026-04,2026-05,2026-06
PT-00001,9620,53930,9880,16910,0,73850,6720,5800,36910,0,25850,52990,44740,0,47130,72610,40140,23520,45120,21390,65240,22430,37420,59010,95370,45300,48260,19740,3610,116890
PT-00002,174320,235020,108820,327820,0,97600,146520,106050,229460,199390,86780,270800,260840,76860,316800,255740,575250,606700,275580,309810,420490,288110,182220,184450,241860,240740,256160,719530,304830,432640
PT-00003,5310,0,76520,0,2980,11880,7210,0,11940,6470,0,0,0,0,2250,3230,12690,5270,0,44320,8720,2810,3110,13090,3560,4060,10760,44940,7140,3040
PT-00004,212180,366740,797830,116760,217630,378460,150500,222910,297070,504040,197510,418000,212690,462460,941140,127380,110060,219360,340580,211550,290090,421600,300900,704570,336700,261740,1318560,144210,253250,325830
PT-00005,0,0,0,0,0,0,0,0,0,0,0,0,0,0,0,0,0,0,0,0,0,0,0,0,0,0,0,0,3480,17380
PT-00006,0,0,0,0,0,0,0,0,0,0,0,0,0,0,0,0,0,0,0,0,0,0,0,0,0,0,33470,0,0,13140
PT-00007,140650,403110,476200,331170,223380,340550,187770,205480,184320,460100,472740,638990,338700,556670,371920,627880,641150,578180,222270,131720,468610,685340,239960,1492300,499490,450360,941470,664550,379260,969960
PT-00008,0,0,0,0,0,0,0,0,0,0,0,0,0,0,0,0,0,0,0,0,0,0,0,0,20300,118570,179840,20580,30120,105070
PT-00009,401710,617860,451910,281240,73830,819150,458640,283040,758670,639540,450150,365390,233350,438060,708590,144110,280560,761560,380180,590220,948740,193320,330490,597490,491760,619980,641310,502950,691380,1010160
PT-00010,38230,18490,108650,9980,71210,75140,0,59780,38890,107310,47490,70690,70580,31390,73920,36710,16670,51310,67870,90950,41730,64480,0,45600,67230,40970,17370,24380,52710,22910
PT-00011,55420,49560,48350,111570,56860,109290,61440,107890,67790,97940,119760,78960,192360,23240,45600,36030,71280,92510,94010,62800,180070,94500,150920,167690,77850,102900,55660,141360,153630,151900
PT-00012,108510,57850,56650,119260,97700,74390,81670,96230,59690,74350,97550,139720,13880,57410,186620,46790,36850,43400,67440,110020,88920,79630,36260,293160,95080,123000,97290,153860,131260,79240
PT-00013,24750,0,22970,0,76590,59970,58110,5190,21930,0,36920,62500,57180,7840,74010,27150,69620,110540,101400,114760,22220,36780,31490,100180,64610,31980,144350,0,30630,27890
PT-00014,159690,184880,350970,170910,118310,155840,185560,208680,240490,70900,273670,124540,122750,146260,208060,68930,262440,205130,204780,150960,85380,164700,118320,215440,310940,184980,328560,208060,386380,364540
PT-00015,0,0,0,0,0,24730,58680,47560,18510,51240,112270,64730,13210,9580,110040,18660,49830,62090,28670,51100,79210,73800,100940,111590,41200,100880,146250,27630,104270,64540
PT-00016,0,0,12600,9420,12860,0,3430,3580,42630,16630,27550,3960,0,28980,0,42260,7320,32270,0,24400,4480,61950,58290,85690,6960,4200,104500,29900,1370,6430
PT-00017,0,0,0,0,0,0,0,0,0,0,10860,9170,19730,7410,62460,0,11830,65520,14460,17870,44340,25350,52280,58360,8940,39340,32280,59880,12100,120250
PT-00018,111090,144200,88910,57050,265250,184610,192950,55050,260180,143010,130030,158830,88200,256020,220050,40800,94120,181210,179150,85990,148960,128510,84300,61520,43190,80440,54810,86980,51580,84150
PT-00019,219940,450980,658850,282580,597950,854120,449720,827080,283970,490460,676730,673270,188490,657370,1005020,695710,589830,762230,439460,475890,989330,277680,421380,155040,351130,37680,160260,71700,187770,122910
PT-00020,12480,0,45520,3710,7260,4370,28380,89910,64050,95940,28580,70970,44700,17960,19360,22320,10440,0,37040,51450,71460,8500,57610,31810,16880,24680,53220,5190,30760,21870
PT-00021,45620,12920,32080,41280,31030,74090,2550,0,164880,74160,41090,41520,62380,22510,53870,19010,104110,80760,44160,0,77240,49500,47930,6480,15740,13240,44180,52780,30760,69770
PT-00022,31350,5340,31610,100780,26470,29990,113020,88220,129830,22170,72190,33250,58640,0,53870,126630,55580,15660,38500,24430,36620,89360,74840,87300,34830,105180,92180,98370,11130,62800
PT-00023,0,0,0,0,0,0,0,0,0,0,0,0,0,0,0,0,0,0,0,0,0,0,0,0,0,0,0,0,0,2790
PT-00024,14620,7990,2890,11630,2140,14630,2580,0,28180,0,14200,15760,18420,25830,11650,74330,18060,14330,27210,7280,4710,2200,0,3650,6060,2700,2400,3530,0,1880
PT-00025,161760,129550,286890,521250,103500,101820,272370,158030,610260,1326530,435860,262190,431150,121800,745230,43650,515040,791050,817120,460410,760770,841400,486080,1327700,697440,702210,1422780,864070,1084900,1505480
PT-00026,0,55590,40320,32850,0,19790,44510,37470,45790,36610,2750,31990,5790,24900,62300,22270,43250,54670,28810,7390,13930,54140,39360,30120,29580,25270,45360,57850,24560,91810
PT-00027,315180,137360,381580,0,255170,89100,362170,423820,110860,230060,166960,431940,453720,524390,540580,184760,464230,474230,452490,283980,354970,0,317550,611940,528920,290060,330500,129160,684670,617210
PT-00028,177350,255240,415730,176870,172010,275900,343340,134870,214450,182930,201360,234610,213280,189480,442150,369870,158560,108900,185220,146190,523000,125220,182500,279940,177060,163670,284030,282270,159140,306900
PT-00029,0,16870,0,7060,0,6270,0,0,0,0,9040,0,0,0,30000,0,0,0,6390,56890,10940,24830,18390,0,0,21390,7440,16090,0,78210
PT-00030,0,0,0,0,0,0,0,0,0,0,0,0,0,0,0,0,0,0,6160,0,45690,87200,5180,7720,10160,29030,50090,17710,94630,82270
PT-00031,0,0,0,0,0,0,0,0,0,0,0,0,0,0,0,0,0,0,0,0,312240,249730,564650,271220,767990,675500,540840,674570,406120,1721410
PT-00032,66820,134580,223060,18060,148370,195770,101490,14270,99520,187390,47880,52210,78410,210030,153910,138630,93070,0,97990,0,42000,6020,81240,18630,122180,103080,71130,75190,174650,86660
PT-00033,95340,63510,96570,51150,102600,138230,112180,57460,162090,208960,24570,243310,166580,194900,137750,125350,92400,107970,200590,158870,134950,30370,75390,309750,65110,89330,115630,175900,75700,215800
PT-00034,0,0,7930,5200,0,25430,0,0,26800,11570,85190,0,0,0,9180,9020,13640,3450,0,2850,0,0,42620,67560,0,0,0,22160,22550,0
PT-00035,54740,0,80840,41770,0,104210,55240,0,144000,28120,0,98440,9180,70880,20230,41460,91180,20050,120360,0,35660,38450,19860,111380,7900,24370,79880,171620,213320,65420
PT-00036,18590,0,0,41880,32820,7510,5110,102480,8450,17320,0,15100,5580,0,22640,22260,9630,16500,60540,29580,9510,57050,11280,7260,11500,2220,37150,22950,11100,0
PT-00037,3670,2680,20450,0,0,1950,57200,0,6070,2080,163610,2450,0,46530,41210,0,22960,3790,27760,0,31980,20090,6510,12330,2780,0,17140,8060,15920,40810
PT-00038,0,0,0,0,0,0,0,0,0,0,0,0,0,0,0,0,0,0,0,6410,0,28040,4340,33040,63240,85690,99180,9580,32940,40500
PT-00039,19960,56920,65960,54630,22570,48060,102580,6580,45450,59410,105310,209050,6480,57030,121440,60760,94520,154530,15980,11250,141410,50830,108030,22510,82320,32410,42710,69660,94370,96970
PT-00040,0,0,0,0,0,0,0,0,0,0,0,0,0,0,0,0,0,0,0,0,0,0,0,0,0,0,63400,21420,42180,18710
PT-00041,119340,164150,468090,273720,517570,1107030,666820,369940,498140,577910,248840,1207090,473600,638830,412100,354270,1102460,1649750,731100,305590,624420,878150,895510,1115940,867840,1076960,1501120,1574190,1434480,1570070
PT-00042,17750,3110,34710,7150,35100,69300,6940,12000,76930,64940,33650,55290,26000,16840,79040,14430,15620,11760,35000,3950,37940,90760,71640,13160,7560,37890,28800,36330,55430,35980
PT-00043,32260,33110,83010,88750,55410,134780,0,54720,136170,59220,91410,59020,127330,73530,128380,135430,90380,20550,161350,30060,53390,119210,195740,115000,20770,132680,64900,144440,143700,61520
PT-00044,156720,158600,301670,259830,212670,416680,144250,109290,396670,278220,179840,427660,151920,195360,252440,322100,209980,278120,303370,92060,199080,223280,272990,247810,106010,134350,166030,209110,168930,269540
PT-00045,27600,7860,42210,0,3550,24330,0,0,0,8350,6410,0,0,34850,0,2560,0,48860,31360,7430,42930,31940,21030,47990,23480,5700,72930,3310,0,0
PT-00046,27280,75740,144930,61970,39820,138190,122880,21600,127040,35360,17640,65400,97660,74310,26600,87180,167320,96720,134380,53640,32800,54480,77690,77040,84380,48850,108930,16920,57940,46490
PT-00047,22050,48180,54420,8160,62170,137510,34860,7200,36320,42320,22230,58320,0,60730,40260,41030,27160,45340,37580,29120,51450,0,14310,24480,47330,0,11660,15050,14480,86980
PT-00048,5900,0,0,11030,5820,2980,24340,0,46890,10170,0,17410,0,0,57810,38970,16840,11800,7240,0,50400,30280,7880,11220,3260,0,62910,9030,0,43210
PT-00049,6200,4960,0,170140,53530,17380,9670,9760,60390,11840,0,3480,5500,0,8840,19090,4560,77250,82210,0,54600,57070,91770,6580,81150,20800,33330,8090,11110,10180
PT-00050,135450,62650,326820,134870,118030,158580,36540,97030,167280,195860,234120,149270,118220,197810,226930,227400,176090,317930,104050,47870,168730,19050,79040,90350,105140,73040,89990,49180,21670,74630
PT-00051,31200,49440,17120,0,31480,63020,24370,42960,13020,10900,40490,24200,3880,16010,20160,37220,0,14710,0,38370,77850,43110,8560,6350,0,49500,26480,11800,0,37220
PT-00052,188560,115830,296100,265250,431130,172870,174900,373880,269240,261990,402150,380800,144720,305070,404200,249070,245820,291120,440260,64460,457800,142980,409910,620920,386440,342420,400450,420890,442360,514970
PT-00053,4800,0,58890,0,14930,12280,15970,0,13510,33490,7950,4240,0,4920,0,12180,21620,4700,12160,0,2940,19690,0,10770,0,73180,53500,8330,0,5580
PT-00054,72320,6090,96020,110270,76280,145710,89990,71430,190810,69860,79500,111300,128160,97700,267860,139810,93280,476790,29250,14880,197080,35660,88390,96720,95980,238750,61980,37430,252140,156260
PT-00055,145350,196120,231850,142700,133440,304980,44970,23130,121590,139510,82910,285540,137690,148970,131430,156250,232410,166230,20910,128110,148570,15030,121200,64260,58260,23790,95030,79790,32340,135440
PT-00056,17730,53410,74730,0,16950,82410,64220,0,65880,16020,113910,50890,48830,57560,31330,66080,58460,211920,130700,0,45710,182200,140580,130590,168960,153150,309300,153810,116080,145770
PT-00057,57210,13400,313320,12240,25500,61930,63920,53700,65310,71680,110650,151030,82200,83510,307450,49560,76290,68740,57360,47730,181670,94080,189430,173980,61260,176830,197470,43900,42990,119560
PT-00058,2270,8780,8530,0,9930,41260,47750,2580,28980,4360,34770,2210,2180,0,9730,24220,9260,19660,0,81220,16370,7400,4080,0,28490,84190,56900,0,7930,0
PT-00059,0,0,0,0,0,0,0,0,0,0,0,0,0,0,0,0,0,0,0,0,0,0,47380,5820,0,5670,27600,0,5080,40610
PT-00060,0,0,0,0,0,0,0,0,0,0,0,0,0,0,0,0,0,0,0,0,0,0,0,0,0,0,0,0,0,4600
PT-00061,0,0,0,0,56780,0,0,0,0,90740,0,73210,0,4620,17780,37860,20210,8920,4920,29520,0,0,8590,48430,0,3240,28620,0,13770,7480
PT-00062,0,46320,28610,87380,7360,72410,2180,15410,17670,47840,6610,57500,21120,4160,23450,28400,35140,3660,14950,15850,40370,12560,2650,96400,11950,9150,6880,6740,22890,10380
PT-00063,25810,85500,11970,8810,5300,28200,2060,0,9520,1670,0,103950,1590,8330,10290,3830,40840,32090,3410,3290,85050,4940,32630,0,4440,30680,30180,6330,12220,9830
PT-00064,0,0,0,0,0,16110,10270,43920,16880,11620,0,0,0,0,0,9780,0,6340,0,12690,0,0,7170,0,52340,0,85130,0,0,6090
PT-00065,179030,202320,299500,21220,65020,195520,345860,67440,84250,202210,191230,363790,72040,279480,332460,125130,210400,373540,109940,200580,252410,43700,74830,194640,42300,182030,167990,63110,63310,114310
PT-00066,0,5320,0,11010,0,3710,15200,0,8160,29210,32780,10000,15880,0,0,0,8450,11960,55940,0,2240,0,13270,5070,11780,0,0,0,53150,0
PT-00067,35160,34590,29200,11170,13640,28470,12430,0,16710,23420,53370,24190,47080,24790,3950,0,28800,36620,28960,9990,14040,16630,6140,37370,61800,36390,38790,10980,3160,6660
PT-00068,0,0,0,0,0,0,0,0,0,0,0,0,0,0,0,0,110700,47280,69080,22540,40800,52930,23730,80600,109130,109610,288440,54450,212070,85700
PT-00069,915210,455430,1130680,992850,713370,1402260,803740,513600,1477240,1017960,709510,1196940,938420,684590,1018570,682610,740130,1044140,895650,562740,1724680,886520,940590,1652940,639360,1246170,1413200,843540,994450,1358650
PT-00070,51470,143390,37510,41910,140200,127230,62610,66250,44970,79600,73240,71050,20140,146500,138390,40620,35160,164740,29110,44080,71210,40330,7610,24210,0,47840,49470,52000,9720,24480
PT-00071,50080,0,41780,27670,10020,2550,35670,25230,65880,4140,8600,13040,17850,0,67990,19420,96260,28610,62020,25190,13850,17500,38580,87070,58290,80000,0,51790,6180,117220
PT-00072,75310,50680,219240,90650,169900,356470,223520,193420,200680,407020,88280,126030,99120,137500,228930,213050,111340,254090,18540,201500,365800,218910,115300,225640,62180,205980,214340,136110,236620,216630
PT-00073,18950,33030,61970,54510,7600,115110,6760,46200,32260,2360,0,7590,4970,43580,61560,14810,19070,47280,45540,53770,44660,0,51050,7880,42060,0,63970,27280,4070,0
PT-00074,2820,9900,42530,35420,32100,19720,32220,0,95140,10240,45180,59870,149180,17790,6930,34420,45340,58830,2550,39770,26280,36120,30990,5190,38390,15080,63630,12290,87700,56050
PT-00075,30400,17380,239220,65490,124180,91550,45700,160660,173780,64510,68740,192440,45700,26960,168530,67050,145390,97210,87620,75710,172800,92450,140770,204230,92840,188360,59240,91390,107770,42390
PT-00076,111950,44140,126930,64210,24940,14240,78940,23150,59090,50770,11740,133130,35100,48080,43020,86180,69220,87090,59880,83100,35310,80150,88590,45720,44500,51080,68810,85150,22570,57870
PT-00077,19420,0,48160,0,17160,13530,8450,3560,38450,34730,25080,18040,14280,25870,72510,42470,1990,70950,27260,0,1890,70060,12960,111890,54810,64180,61020,0,92200,21470
PT-00078,1383040,1404760,3835900,1045740,1550500,2492350,1374730,2410040,3498210,1929200,3817430,4390000,4062520,3240170,3468060,2515830,2526580,4536450,3280860,3334460,8097790,4780960,6502150,6987260,5247780,3834160,5479700,6540080,8353290,7653920
PT-00079,0,71710,0,0,0,77740,20000,34880,13400,0,25000,170920,17220,167520,42720,0,0,25860,160800,53530,29160,127820,16400,197630,60080,122870,231850,58360,89000,136940
PT-00080,62940,0,45840,0,58420,0,0,0,29870,0,83760,46800,82200,85500,0,0,29860,22830,34280,31460,0,0,56440,55230,27310,0,103820,79000,48820,30980
PT-00081,0,0,3520,2180,0,0,0,46240,0,0,0,33540,2450,0,54140,2710,0,12390,0,5650,3250,6540,0,0,57850,7810,15460,0,0,0
PT-00082,49770,42860,147780,76560,78740,113710,89850,61540,18220,125370,53760,36200,72400,11450,87090,165080,70610,106820,185370,123530,71770,98980,192050,113940,15400,17600,115680,84980,94760,148560
PT-00083,0,0,0,0,0,0,0,0,0,0,0,0,0,0,0,0,0,0,0,0,40530,183290,81580,173570,69570,0,135330,306980,440190,214930
PT-00084,10550,0,46340,15280,110280,87780,17010,4240,32670,29770,54470,28990,28660,4340,32740,0,28270,22650,47200,3960,38170,26560,44530,6430,23510,3300,46520,111800,154560,68230
PT-00085,413530,296260,491630,478330,381520,687590,276550,380970,699270,396360,427690,561920,514170,627780,559380,398580,457570,647480,463900,192260,436440,385920,474010,575170,441580,457470,616620,400160,398700,911810
PT-00086,51760,126120,53290,14160,0,4810,28790,39680,23820,10770,49770,120090,51130,93080,196000,124640,32000,217070,25220,20100,111020,35960,72200,188880,55170,104120,277770,60710,71530,21720
PT-00087,0,0,0,55180,57190,34560,40010,0,37640,56920,124870,26820,109930,195910,166480,199070,107940,0,118850,160540,127540,167250,48540,151970,57670,188940,101210,79220,225100,175940
PT-00088,70560,80520,57610,70010,34800,38110,21800,24460,45370,15790,9450,137320,69690,0,55830,96160,38190,139520,63990,89690,108070,46050,70560,109110,10020,95590,22480,23210,32190,46090
PT-00089,0,0,0,0,0,0,0,0,0,0,0,0,18780,11070,0,11170,0,19310,0,2970,0,26180,4360,23230,0,0,3140,0,0,60700
PT-00090,0,5460,38100,5750,62540,30460,43790,0,54080,2840,16410,4600,0,7840,19170,4100,28540,32920,13510,0,31160,28230,4700,0,0,28750,22750,8830,49440,7820
PT-00091,214640,175550,197090,186360,144400,257030,236260,40070,215340,130970,224720,367870,144190,206190,250640,147410,141950,399380,209080,185570,459330,118490,149730,266360,186110,120020,226380,60200,114180,107300
PT-00092,403800,554610,342880,482890,392440,778210,648880,166960,0,467900,698680,410270,262340,351870,118110,589580,258170,391600,86580,165640,470760,171850,95680,443740,410150,196400,152850,96120,179310,212430
PT-00093,11100,26660,53270,20260,17510,26990,4360,35920,14040,38050,105100,43920,78040,27080,77830,5190,12650,23290,48090,10990,43370,59300,50210,28270,28160,51970,60890,39840,17860,69350
PT-00094,8700,0,74100,101490,10130,23190,83550,0,28270,15490,102760,54650,7890,43630,65610,13700,0,77040,34020,10130,0,26400,8410,117190,122370,34850,52250,19590,9590,51990
PT-00095,0,17460,2690,51120,42220,7150,6250,9550,15300,71360,28390,0,35400,2490,10780,0,11930,65910,115260,0,19540,23390,32520,13060,8550,0,122000,5690,3950,21790
PT-00096,0,0,0,0,0,0,0,0,0,0,0,0,0,0,0,0,0,8940,4170,0,9170,0,50550,13550,51430,72670,0,0,0,13720
PT-00097,14160,9470,84120,26270,7240,0,18490,16720,0,6400,44800,21160,16490,17860,18080,36970,35720,22640,20060,0,54010,0,26600,28290,30110,8510,110740,48820,64320,0
PT-00098,0,0,0,0,0,37430,11720,27610,111900,0,22000,7110,65930,0,7920,0,8240,3170,6530,0,1760,55030,31140,19560,0,4180,108250,10870,50580,13070
PT-00099,116400,195480,174990,179920,171480,239860,169170,342320,52170,693720,274300,763300,467610,161910,450580,743360,131560,249210,234020,255500,304430,359530,121920,19760,179100,118940,137980,221560,117000,165940
PT-00100,52270,50370,66860,17760,207040,200030,78880,21840,96130,52250,89610,150630,28980,292920,273540,42960,138120,54920,24920,44970,140600,49360,35740,53030,0,0,57720,69640,16920,32480
PT-00101,0,6130,0,35660,44700,17460,6130,33690,9870,26380,6030,0,0,2490,4170,3240,9490,54860,10430,3090,30270,0,2370,40300,13920,0,14290,0,13110,3800
PT-00102,50960,8800,15780,20730,54880,15580,5400,10240,43320,109500,14320,0,39090,52670,0,23730,2970,42970,13370,41230,64280,58460,0,19950,19740,16420,183200,55640,77850,76930
PT-00103,373570,139430,266360,318810,329720,118230,306860,230110,193040,79780,73700,285350,227810,139000,84800,35990,69250,208450,95640,54120,154650,177440,158180,253750,115420,378620,152020,179580,133440,357540
PT-00104,12000,0,4500,2780,0,23520,0,0,62010,0,0,7030,7490,3670,0,0,0,0,0,6710,14790,5250,4390,2260,0,0,15510,2680,0,4680
PT-00105,17560,0,0,0,0,0,0,0,0,41980,0,48910,72300,76610,10200,54570,104170,85460,18440,43620,58610,32910,46720,37260,55910,68570,13750,23510,69750,74730
PT-00106,55920,56780,206890,67570,13240,94800,81700,27230,61920,49330,27070,219640,56130,38930,44320,137180,51610,138980,72900,154280,193500,15920,141670,75070,68380,76570,130160,104400,70520,53940
PT-00107,0,71060,144390,39150,72540,67400,60560,59460,126130,44300,35410,51210,34270,155880,83760,27840,39170,136580,51800,25040,48370,10140,136910,32800,77820,16980,120020,48940,92350,192560
PT-00108,0,0,0,0,0,0,0,0,0,0,0,0,0,0,0,0,0,0,0,0,49310,51570,0,44790,35480,18060,32150,29620,98540,60890
PT-00109,0,0,0,0,0,0,0,0,0,0,0,0,0,0,0,0,0,0,0,0,0,0,0,0,0,0,0,1700,0,13610
PT-00110,83300,201310,167050,89990,58320,127700,63560,135310,196150,98100,55880,137180,237680,86920,186540,40400,121720,205170,172810,213740,124670,211590,120090,138250,51790,64790,63540,100580,93440,79590
PT-00111,0,116810,0,70660,72180,71760,135930,0,43220,19770,28800,83260,0,26480,55260,61940,97090,47130,54370,25620,0,143140,108420,159000,208680,61960,157390,49700,53310,24630
PT-00112,0,0,0,0,0,0,0,0,0,0,0,0,0,0,0,0,11210,40490,72720,61350,14360,0,12840,16680,0,27930,32970,7870,21030,25770
PT-00113,0,0,0,0,0,0,0,0,0,0,0,0,0,0,0,0,0,0,0,0,0,0,17100,15340,0,22990,116300,115960,42000,166960
PT-00114,0,0,0,0,46570,34160,31140,39390,19970,37370,0,28480,20550,53710,23210,0,0,0,31340,0,33500,62100,0,0,0,39140,42710,0,0,79230
PT-00115,87980,156060,283070,61800,0,80260,52870,123790,286240,325150,464400,267940,84660,213310,261580,268760,155640,202780,80440,0,206180,309100,263350,555480,545650,347350,551840,326350,374120,606240
PT-00116,0,0,0,0,0,0,0,3740,3700,0,1530,3300,7480,0,42970,48610,3390,3760,4620,0,62520,14590,0,178940,0,64350,35040,34220,57610,55600
PT-00117,314240,218280,481560,279850,325030,372180,184700,56290,177790,209220,321440,415940,180300,433330,433300,339530,476890,477760,245210,327700,290320,245780,460370,46200,215110,106940,438030,221670,155990,103740
PT-00118,6790,14450,23250,0,27920,71440,33840,64220,17580,1580,8850,51790,11540,0,0,28220,92600,1800,24400,19840,17980,15270,188850,52870,12050,49790,30190,0,40180,0
PT-00119,0,0,0,0,0,0,0,0,0,0,0,0,0,0,0,0,0,0,10000,0,17710,16460,2540,11530,96170,0,2800,5940,23270,19150
PT-00120,0,0,3800,24170,7310,0,12180,48170,53330,12540,37760,40810,0,18910,28260,53040,25600,50450,60670,29510,12280,61750,28750,61860,9460,1760,19060,2940,27910,60340
PT-00121,0,12100,8320,57810,8190,18280,12560,0,0,0,20580,12010,34780,17130,33240,0,37510,54470,29420,7560,12990,74080,20030,28180,8200,4860,47940,10320,32020,20630
PT-00122,180470,273080,348460,191810,180400,323910,203890,129490,138480,334120,412480,365900,270740,453920,232110,312990,72070,206690,170540,162780,245160,305050,143060,264560,101080,257470,250850,99480,203500,283810
PT-00123,19910,26350,57980,38120,76210,96920,28200,0,130380,0,0,0,30080,29570,0,50340,69050,26880,0,27060,49800,0,32200,0,0,61580,0,0,63840,60980
PT-00124,0,4540,5640,0,49600,32260,3510,0,0,0,57620,83260,38150,15040,25750,0,23230,24230,0,0,0,21670,0,3070,2410,6140,0,3310,6620,0
PT-00125,388680,326910,484240,479960,355250,649700,323300,241470,530900,330280,557770,563810,863050,863110,1281190,356850,831230,715750,1036460,900520,980510,620730,1404610,1128220,1013890,1159730,1136990,1033440,1247090,1679380
PT-00126,211200,135950,283120,224700,248990,266960,95070,126350,219400,219550,256320,319440,187040,138990,176850,64540,252430,325240,52180,159460,310000,194260,166060,167020,281800,197610,328750,178120,58740,361760
PT-00127,43730,28670,93960,67140,8880,12510,28560,43270,155620,33170,168460,160190,23260,56130,33360,26840,42810,52910,57170,44600,7940,12820,0,122520,14570,23320,32840,30930,47980,37890
PT-00128,0,0,0,13600,0,33120,0,18780,51240,0,37450,0,15050,45820,44970,0,85500,105150,30360,41120,85280,14400,0,50100,15200,45090,113840,34280,0,0
PT-00129,33890,0,39160,6950,0,3490,0,11610,32040,0,0,0,5900,5130,0,13230,38250,60380,25960,0,25760,6650,11540,0,14180,2470,0,0,4920,3030
PT-00130,9210,37700,0,25300,3840,13540,4260,19920,59880,28000,7320,17080,51190,10720,8510,29870,0,9330,11210,2580,18300,0,13290,74940,15250,8170,9570,0,2310,16510
PT-00131,0,0,0,0,0,0,0,0,0,0,0,0,0,0,0,0,0,0,0,0,0,91120,51660,63720,85140,120870,106560,20640,9130,51220
PT-00132,23470,75890,29060,102240,25290,48580,141730,0,53580,63090,59860,95550,15960,90130,24550,69900,28890,12120,24470,26280,121430,14760,50170,44000,40990,15520,70940,53670,72330,40600
PT-00133,72360,125900,18900,42320,21240,224990,61140,36780,25510,157850,74380,289240,122050,28610,137200,131810,161970,250050,33820,11040,119190,45690,144970,145120,45010,38050,19240,42920,25800,68470
PT-00134,15520,8760,36830,20980,18140,34590,0,10850,10670,0,0,44930,0,0,0,4560,25130,1900,0,0,3550,22310,16540,0,7210,0,0,0,8840,0
PT-00135,0,0,0,0,0,0,0,0,0,0,0,0,0,0,0,0,0,0,0,0,0,26970,73670,115820,164820,101320,0,85490,112150,0
PT-00136,277090,372490,434860,273990,250720,549420,107980,227430,400450,385380,378390,575350,201020,369270,447660,313530,449730,409100,224510,418620,368950,286510,483400,483840,387570,448170,690000,228720,320880,628060
PT-00137,0,0,0,0,236270,175980,282030,87480,369120,141910,148680,129180,29400,43290,268600,825040,206710,209980,294230,517670,494990,285230,340210,617450,551990,687740,329970,323630,994390,564200
PT-00138,5640,0,7990,38320,19850,7110,13980,38000,9640,9570,15500,24290,33410,43590,35590,10340,10850,46810,0,14770,80260,3830,0,3660,12180,61850,13610,9340,0,21980
PT-00139,4500,126810,93290,58800,20920,69110,62520,25600,151580,62260,37760,72880,34020,11790,87410,34140,51110,149270,25700,81340,91720,10490,66510,63490,99560,53090,92790,22990,78240,87040
PT-00140,51830,0,49050,49960,22340,49270,27040,39570,113480,27270,32230,170400,30500,76910,65800,80860,67920,78680,61660,33970,64060,40800,98970,140000,62660,44650,37400,9000,7590,95510
PT-00141,0,0,0,0,0,0,0,0,0,0,0,0,0,0,0,0,0,0,0,0,22560,6170,0,3940,6400,6870,5070,13630,7230,33030
PT-00142,26570,37910,84150,13840,34350,41610,32630,0,49130,33600,37220,14750,22250,30140,54870,55300,10160,53250,42030,23420,83230,10390,27560,67420,25330,13000,99300,19060,34240,28650
PT-00143,0,0,0,0,0,0,0,0,61480,23760,61340,103600,240130,83920,219700,73260,24990,132740,237900,206820,285070,285480,424050,277240,246070,175220,398290,398080,260390,668200
PT-00144,58990,79440,43040,27540,58780,26760,25140,0,31200,51230,12000,52340,55070,0,50630,86470,55930,169560,66180,14540,89580,68250,13500,81470,43140,54690,42880,94770,126740,80850
PT-00145,190510,114020,202010,152610,71300,161700,76080,14680,207260,156390,102670,126620,50520,12390,77520,152580,144440,201460,123050,61680,124900,96600,119670,130100,55620,102740,116840,125640,146780,145250
PT-00146,14000,16770,84450,112960,82190,269930,66790,57290,174630,97140,117040,146570,84740,47330,160320,118620,255710,144400,100920,49830,86700,75980,108370,120740,54980,107980,72530,32300,55740,22590
PT-00147,0,0,0,0,0,0,0,0,0,0,0,0,0,0,0,0,0,0,0,0,15620,35100,88580,115120,138160,0,38130,80370,27120,119350
PT-00148,0,0,0,0,0,0,0,32760,188280,140220,0,0,46200,181190,251820,50350,388500,171620,193620,270020,211080,256080,50300,387300,219120,85310,265910,44000,142830,149520
PT-00149,19770,77730,55480,58980,16180,89850,57690,34440,41720,17260,14620,130950,43900,92610,26680,36760,36810,111310,58520,22980,72740,62150,33070,46350,38760,89600,63050,67930,30570,137260
PT-00150,208990,606510,536580,348710,295630,382140,614180,814310,659960,525710,975380,573670,1124290,402140,873700,368810,629290,708640,480250,509420,974930,725890,1471260,1905030,948970,487120,953850,1693650,868360,1896590
PT-00151,0,0,0,0,0,0,0,0,11600,0,0,78110,27800,24340,0,0,33320,79780,11160,17580,20150,12280,0,0,0,26640,48030,46300,12210,89980
PT-00152,39120,39520,30630,32450,0,45810,5820,0,62480,45240,0,26440,23260,0,0,0,43510,9930,2700,5020,1220,84130,0,42290,47340,8190,49840,81140,23640,22770
PT-00153,29440,171170,124400,31560,46900,141900,49040,102490,75220,34680,173940,278500,16000,33800,103700,0,148590,98900,231840,181810,86520,160980,243800,208390,190540,203430,269940,121640,174670,329780
PT-00154,0,0,0,0,0,0,0,0,0,0,0,0,0,0,0,0,0,0,0,0,0,0,0,0,0,49050,22920,27410,22730,167630
PT-00155,0,81460,26600,137640,62650,71140,14300,181280,118980,20320,97050,276680,45100,163160,181430,125800,198270,119430,70700,203730,19710,53060,118220,200740,84660,110530,292070,174350,0,231170
PT-00156,33180,69320,204570,23780,0,198210,84220,60810,194240,35310,55500,114970,206230,90410,224950,76580,61280,149380,28020,94350,78900,130920,83180,136210,69390,60640,0,131920,139380,102040
PT-00157,0,8850,19430,91030,65550,67050,18820,0,45260,6580,54630,79740,67240,22890,85750,36340,36820,57710,50150,62550,38060,36390,64220,13100,138510,5560,136730,9640,5200,61480
PT-00158,88710,117480,69530,39280,181200,160440,0,24010,173650,82110,91180,113410,152980,75130,209680,66430,185800,239340,127320,156670,232920,50560,122680,140740,111980,25180,216890,99560,125250,194540
PT-00159,28170,81300,52500,0,8060,0,0,33400,0,43410,5570,4540,14320,3920,0,94990,30150,3750,0,7000,10580,11290,0,0,28620,19620,0,32660,0,81790
PT-00160,163510,0,175020,64960,38570,31110,98880,85200,141330,95740,29490,287370,148100,192840,55710,157630,76240,224770,303280,82720,71020,94990,83040,0,175490,351750,137450,94890,154470,127830
PT-00161,59090,12040,25240,62410,76950,132890,23400,74720,48350,68340,43860,67400,0,25430,82580,22730,36520,56240,33390,41200,58810,46320,65750,68760,54900,5130,60270,7330,29840,32550
PT-00162,3880,0,10280,6550,2550,73290,5460,0,39430,37530,0,22480,130910,34460,69210,40480,75950,14480,8780,50050,16490,5560,3440,24800,47380,67310,58390,0,29380,5430
PT-00163,0,0,0,0,0,0,0,0,0,0,0,0,0,0,0,0,0,0,0,0,0,0,0,0,0,3300,11160,10470,7750,18680
PT-00164,300450,156840,608690,256380,365370,480860,278830,139260,320660,305880,343760,484610,349480,244530,561230,298520,194150,527700,205470,166760,699260,316630,520840,495120,209450,343620,522360,299040,460420,492680
PT-00165,0,0,0,0,0,0,0,0,0,0,0,0,0,0,0,0,0,0,0,0,0,0,0,0,0,0,0,26370,117300,45340
PT-00166,20070,43470,0,214590,0,67740,79220,0,0,54490,62920,81030,0,98210,131840,96330,68940,183730,94140,82730,360400,88760,128540,177970,50360,0,284790,91400,138790,358990
PT-00167,413390,450290,650590,264160,609830,597300,335480,273350,443440,392910,365080,863170,548550,283430,695910,191970,399270,949630,219990,182740,384660,450040,381970,170930,284450,260920,152070,62490,100530,194950
PT-00168,84530,0,11110,19000,14800,21120,86800,0,39340,61360,74680,129340,40230,58730,74890,82730,208340,10140,30600,47700,68340,147830,131480,92450,69890,13050,108290,189430,83690,253690
PT-00169,34530,21580,8830,0,45110,62840,10140,4550,3950,5180,4540,61720,3580,49520,78470,22970,2980,34490,0,5730,23540,52600,28420,98800,31850,32830,144530,0,33910,2780
PT-00170,18970,93640,0,0,77820,103220,35620,0,68880,32870,18290,4740,0,47820,28340,63300,45550,96580,0,67800,48280,0,125500,48210,0,102580,53680,243450,106650,69970
PT-00171,0,0,0,0,0,0,0,0,0,0,0,0,0,0,0,8160,0,23070,23400,59500,9870,0,6640,16900,99410,28490,14630,60270,39980,37420
PT-00172,229890,221070,151390,184520,96410,322180,63470,204300,199770,120260,206920,196010,143780,334640,260590,168120,94860,294120,95750,80000,298440,326520,210320,206670,34830,144660,130940,90910,54090,245580
PT-00173,23530,19450,0,4950,10080,9240,73070,70550,0,3370,16620,23670,0,43230,21200,50530,0,61950,8980,19010,25570,24490,23820,0,97360,107240,15860,21960,81010,25680
PT-00174,0,0,0,0,0,0,0,0,0,0,0,0,0,0,0,36770,55400,128910,47780,55650,200680,96100,95330,250240,63910,180940,265150,155630,84740,134300
PT-00175,0,72870,122580,42240,51480,107770,0,40680,195340,0,42300,256150,114080,70980,248470,160440,85190,144080,62510,96000,96660,272820,81830,307720,76800,298140,102140,150860,278260,273120
PT-00176,472000,628500,1244470,521520,896910,1526800,464180,298300,1504130,452160,1016830,824150,499410,1029530,2565930,388410,1529860,2282130,1015630,1645130,1279660,1187490,1650590,2029710,1448970,1859770,2772530,1751170,948210,3563050
PT-00177,278490,151840,893000,710510,749850,1024930,1488700,687330,1247180,814030,1075760,990790,555940,797910,1391960,937530,1060980,1466610,1048860,1471150,3444390,759120,2657430,2917470,1902400,2102540,2879180,1324520,2132690,3384170
PT-00178,77180,40000,23460,41640,0,29600,116510,0,105480,39550,58650,0,31600,0,0,0,40650,94800,0,121110,138060,0,87310,36260,42320,318850,0,15450,0,38550
PT-00179,0,0,0,0,0,0,0,0,5520,36630,18160,0,0,29470,13550,7580,40850,16110,9580,30360,0,9270,24210,45270,53780,4180,42570,7890,26470,0
PT-00180,0,0,0,0,0,0,0,0,0,0,0,0,0,0,0,0,0,0,39280,0,26590,20860,0,68060,0,0,0,26780,0,106780
PT-00181,0,30950,8780,0,47040,53580,48880,9920,0,25370,46950,13210,14560,25150,106880,204260,85250,24680,6160,73390,162880,20600,33470,25420,60980,84310,191420,17190,24400,81330
PT-00182,0,0,0,0,0,0,0,0,0,0,0,0,0,0,0,0,0,0,0,0,0,0,99130,37580,51680,96660,266860,15540,120840,146590
PT-00183,69210,67460,222420,12430,56660,44700,30420,0,149750,80160,63930,120470,52990,20740,139860,46160,82260,113220,94400,29600,136550,219070,82020,175250,122340,24970,149660,151190,0,74780
PT-00184,249180,112860,503730,438120,361940,419810,199040,0,1160640,0,234670,538010,192100,433920,393230,326820,168320,663570,510670,202680,548950,190160,175590,415920,539120,131060,816680,172360,247820,477810
PT-00185,0,0,0,0,0,0,0,0,0,0,0,0,0,0,0,0,0,0,0,0,0,0,0,26790,0,6960,22580,0,40990,9500
PT-00186,147490,174150,367380,206700,591660,515640,165170,383130,581310,301480,317730,478460,296520,328170,362880,317200,363500,709250,249760,481040,637110,473310,509750,731650,393170,460390,626030,322380,396130,542570
PT-00187,0,0,75200,0,0,0,0,17850,21120,105280,0,56750,32400,0,37920,35840,70760,15280,0,23520,17050,17290,0,45220,0,0,29640,122040,70000,118310
PT-00188,26790,0,61460,172420,0,276680,147000,56630,247950,0,111600,410470,64260,308980,47150,133690,374970,362620,185960,269850,369920,414750,359570,332710,0,266290,289750,219880,223800,351920
PT-00189,56500,152470,199970,71740,125020,61730,102980,85230,125700,85730,202270,111730,23650,195940,86370,112720,111760,50780,187520,59450,37390,78430,100440,188700,130430,71130,143230,9720,107270,63460
PT-00190,0,66640,98020,21150,28520,33600,0,46920,39200,0,16800,87730,0,0,0,0,83270,0,141420,78830,93090,21470,91140,67050,30960,149090,151100,123750,82060,117930
PT-00191,2100,9980,6540,28700,24100,96980,27510,0,13470,8400,21800,24990,32820,4450,50350,44300,17300,45810,8430,54690,19960,57210,10060,44990,9030,22380,24740,35590,10550,7250
PT-00192,0,0,0,0,0,0,0,0,0,0,0,0,0,0,0,0,0,0,0,0,35520,8000,31020,44670,25320,54900,0,11500,0,85880
PT-00193,1720,0,20220,10710,19620,3720,0,0,1840,1820,3140,9800,24050,62490,56080,18360,8690,11200,0,10840,47680,29900,0,18020,54280,0,22040,18880,0,0
PT-00194,558730,219800,182520,459050,693170,366100,145950,158830,312070,298880,154350,601630,188840,196560,672850,157900,145010,243020,81680,136440,206700,215570,201160,626390,411240,839300,731340,282500,674520,806800
PT-00195,2310,0,0,56050,7910,37370,39490,11030,12650,8070,28000,0,0,80340,62600,3130,11620,37220,0,106090,43690,63520,3030,47350,34760,3660,19450,35500,7780,28030
PT-00196,1890,0,0,2970,14780,7180,4570,1970,24560,31240,112290,54070,25710,3880,39360,4470,52360,6880,52720,0,11120,11520,1500,0,6370,38460,76690,4960,41820,67420
PT-00197,290870,391820,1878940,261330,184550,325800,374910,607090,555910,472260,293000,454670,418850,295600,1631380,247000,268660,262060,160740,302080,836110,449410,279630,366410,176800,550550,1885820,145420,289420,396020
PT-00198,58540,47560,57510,6300,106690,26130,63500,12870,3450,9150,57630,0,0,50790,55600,64760,4560,17860,2720,39960,0,34990,2870,43340,4300,72760,22610,0,23600,0
PT-00199,45720,91930,177440,161010,213830,238010,172920,164220,135430,66510,131230,166440,78880,95380,242230,102830,159880,100540,55920,91710,255420,112330,151830,288050,197570,232660,287200,174750,169390,173940
PT-00200,0,0,22440,22350,0,40280,0,0,34800,18480,36570,87350,62040,57660,29250,55540,26400,0,114320,87760,87880,88000,41100,85260,82590,0,210160,0,13430,50930
PT-00201,0,0,2850,16630,8930,0,0,0,0,6450,51650,0,0,3830,25840,0,0,6350,25780,9880,25370,9380,6090,28450,26280,5880,45720,3960,21680,31030
PT-00202,107440,111620,107570,148970,49000,97950,158730,0,121480,331750,186460,270510,296590,49590,59760,122260,219050,171490,59900,166560,125710,184860,21420,26940,179810,143400,124090,110210,44440,54200
PT-00203,0,0,0,0,0,0,0,0,0,0,0,0,0,0,0,12230,0,0,0,0,27220,56780,6820,21120,56450,4620,39520,2110,79160,77320
PT-00204,10370,3620,0,28000,0,1570,0,0,9540,0,0,2580,5130,2690,4510,7820,43160,2950,2840,12190,25960,0,5390,3010,11590,0,0,30780,0,0
PT-00205,1506590,1406840,1777180,1172770,1128070,3695320,1877010,1955670,3278020,3045360,2614890,3229750,2219240,3288110,2957810,3060640,3689560,2857740,2011420,1461320,4247410,2424990,4018790,5886670,3297460,3794890,5723070,3671320,3630690,5776750
PT-00206,0,0,0,0,37800,0,28130,0,166310,92480,170790,160980,112240,112640,112360,148260,234410,64900,64600,20790,79810,113450,57200,62910,282940,94680,147960,41670,152660,105570
PT-00207,86700,25810,49560,51680,75810,18000,14350,0,28120,72430,117280,19240,10290,34570,7150,37480,8960,9910,6820,27100,46650,94090,52480,41130,31160,0,42460,38140,32780,152690
PT-00208,407750,0,1969540,510630,1293620,1063200,1282760,1567360,614650,948580,2050450,1093280,779340,493840,1312160,598160,913760,1637870,1178830,630580,2307260,1464100,1598000,2318950,1404540,1499530,2726890,1566930,2195750,2405920
PT-00209,0,0,0,0,0,0,0,0,0,0,0,0,0,0,0,0,0,0,0,0,26220,0,52420,0,27680,24040,49530,0,0,0
PT-00210,0,0,0,0,0,0,0,0,27030,0,39170,40750,40100,0,116980,75200,18760,18350,111720,0,108350,0,0,34380,0,45300,23730,0,0,0
PT-00211,0,0,0,0,0,0,0,0,0,0,0,0,0,0,0,0,0,0,4240,0,0,0,0,4150,0,0,0,0,7110,31300
PT-00212,4360,0,0,0,6360,37260,4680,11730,7520,27420,3570,13470,3460,16190,34370,15850,7290,6240,18560,17740,23290,60710,13350,9060,8070,31120,8420,54340,4120,2940
PT-00213,34690,123960,29240,10580,133100,57620,48630,0,12940,39170,41510,61160,67900,64830,62440,18420,93380,13850,35300,0,0,88750,87090,38530,54460,7570,56390,45480,47170,69710
PT-00214,0,0,0,0,0,0,0,0,0,0,0,0,0,0,0,0,0,0,0,0,0,0,0,0,11190,54750,38790,79380,16350,40680
PT-00215,0,0,0,0,0,0,0,0,0,0,0,0,0,0,0,0,0,30800,34000,49690,65780,38280,0,74960,20300,0,50850,0,0,154720
PT-00216,0,5870,51390,108470,33970,17890,2650,26570,7970,72570,9900,79850,68600,0,2580,34100,12520,60830,81360,115420,21590,81840,35250,72900,42110,9180,8600,170550,28170,120950
PT-00217,254260,207600,165380,133520,215660,283190,251200,53200,331970,587250,156590,394180,339510,142350,541690,242790,94610,113850,393150,74470,367150,345780,34440,376230,153250,431130,512350,550030,483400,519990
PT-00218,16870,9350,49170,0,24230,82290,0,24790,58480,16770,28420,104130,22980,15330,42640,18710,45690,48190,27560,0,0,44970,16530,67900,0,41750,97920,6240,86620,130260
PT-00219,131800,204720,86830,188950,221880,225500,49700,60700,151340,106630,325410,265590,247050,203320,250970,176760,311540,319020,143240,101380,177660,310190,144550,286330,358630,187460,269760,246840,231950,337250
PT-00220,4020,35700,51910,90160,3640,9840,8380,24950,4560,3060,0,59020,29410,27350,11040,0,31600,74070,59840,2900,61800,105750,0,0,50830,10850,39160,125130,61700,44940
PT-00221,0,52420,9850,22070,12030,70470,19680,5590,9180,69220,16670,33130,0,36930,77880,83760,0,51960,25040,5460,35520,2200,56510,48110,55940,22000,54590,18670,0,25310
PT-00222,26280,27450,60280,39060,0,42560,51420,85270,44030,54350,40380,73280,67270,0,108690,164830,44650,53240,5600,66430,23360,97160,45990,114660,200920,30600,70140,33180,34160,145650
PT-00223,0,0,0,0,0,0,0,0,0,0,0,0,0,0,0,0,0,0,0,0,0,0,0,0,0,20980,67410,37820,84350,113560
PT-00224,35680,37790,57950,0,15220,16940,7690,11090,40760,27700,90290,32280,84040,5360,28580,78980,87970,39790,35210,31220,11410,121310,58900,54740,23920,5600,73590,77470,41990,59640
PT-00225,5760,33610,67560,186460,116520,112030,15580,81270,106930,63910,49240,177620,90930,46460,129170,92440,113930,87340,74280,88300,105760,46990,53990,323400,103770,39550,163990,198090,40480,160590
PT-00226,13930,88070,253850,36700,58700,119340,72420,45590,98460,117120,65240,125270,37750,46720,161970,0,51040,96870,54320,17040,89640,60340,6780,53130,241250,43600,132750,0,32850,20550
PT-00227,814990,760720,859010,1008490,458810,861840,499680,560630,964800,520340,1011310,630650,776870,623090,817790,739280,796490,983910,773000,634320,1216410,945670,671430,1490150,814670,1051370,1539580,792380,1118480,1547360
PT-00228,0,0,0,0,0,0,0,0,0,0,0,0,0,0,0,0,0,0,0,0,0,0,0,0,0,0,0,53950,28840,38930
PT-00229,75210,24300,0,52800,13660,32220,0,0,0,16470,54210,35310,106830,29580,13580,14300,21540,42210,30020,50380,58840,24500,55360,53850,17960,64220,76780,151700,82100,135550
PT-00230,94740,101770,198740,100550,214250,131270,106040,17340,101370,226360,250160,173390,74910,121490,91580,95170,167030,63430,148290,125590,190090,26500,20580,52010,29750,95200,30870,31810,21450,19360
PT-00231,0,0,0,0,0,8860,115120,0,7160,38640,38090,31360,16060,72360,111200,29880,0,170400,42910,101460,99350,57810,24550,78880,122820,0,62000,90160,21250,182370
PT-00232,177480,61120,10970,61670,33910,48410,57320,44650,118260,158790,78450,89390,97850,98870,140090,59190,109960,94480,59030,52820,116890,8070,68900,124270,88780,124650,106430,31160,41120,93370
PT-00233,40190,2830,39350,5540,3380,34290,6210,0,41470,0,2240,31350,4080,0,10910,23700,4840,6850,0,7470,37590,5320,31670,3710,6110,37560,5980,7200,0,71140
PT-00234,26490,52490,26310,23670,26490,10830,11380,2760,33620,89090,33420,48550,30690,36710,27800,33420,56180,41060,22300,13310,9940,3920,21250,49660,54120,1990,44210,23600,35690,22690
PT-00235,129750,245630,344660,214800,269290,377920,217980,285300,410730,234430,372530,214240,421490,187610,273850,168080,187600,311390,147750,254410,372940,250920,270500,325420,282680,229600,774030,207110,359740,486520
PT-00236,9240,25740,0,37350,65140,15000,0,84370,68050,0,36160,31330,30600,30800,59130,43960,44020,25920,77560,52850,62420,42330,86890,84890,28780,76160,57500,175790,84540,51830
PT-00237,165320,182420,336180,0,11500,79600,124810,20700,122800,149360,151480,81560,80430,29600,361330,102500,105160,354860,151180,89270,266220,139940,177650,173010,60930,64440,746470,162940,112410,122150
PT-00238,0,0,0,0,0,0,0,27910,0,0,0,5880,7950,6910,3170,15200,71450,12950,0,17150,7290,14170,0,0,0,0,45770,0,0,8050
PT-00239,318770,280250,484190,445720,557730,748720,437270,200040,703360,279560,307210,599990,609440,305760,665700,268230,382460,741020,355690,283050,924640,385580,477000,795320,385200,244000,759310,573040,583060,768330
PT-00240,0,0,0,0,0,0,0,0,0,0,0,0,0,0,39250,34490,2860,9840,45900,72630,8760,14040,23370,84270,75280,6370,19340,92970,0,116660
PT-00241,108480,0,2930,81120,108980,15390,124320,96310,62840,31920,118520,46860,81600,11850,80820,152820,167960,100990,44540,67880,26250,42590,48740,49160,18590,102990,73060,6300,47550,70770
PT-00242,0,11690,13220,25830,57360,39690,28830,0,16320,44980,19120,24380,39980,48640,38210,31050,85590,0,147050,52330,67260,34790,36450,40300,13720,47950,74350,58170,55620,93000
PT-00243,0,144580,0,0,35870,29700,0,0,41880,0,0,0,40200,101150,53460,38410,184330,170880,27440,0,278020,170540,42000,160530,52740,124710,119790,0,121960,142760
PT-00244,0,0,78180,103380,161310,116620,0,25850,129350,99240,160360,172260,39400,157150,336340,127660,203960,197280,156760,375020,428400,207270,76980,464380,35880,48420,476660,112240,255050,231770
PT-00245,0,0,0,0,0,0,0,0,0,0,0,0,0,0,0,0,0,0,0,0,0,0,0,0,0,0,0,0,199520,86250
PT-00246,92460,70550,115100,35790,161360,69260,135370,62990,79630,45880,66080,57300,75670,130480,110930,17320,65620,119950,121790,130540,11200,120230,100800,81390,230470,24080,115060,75140,98450,159720
PT-00247,0,0,0,0,0,0,0,0,0,0,0,0,0,0,0,38530,0,81090,0,0,164920,0,155960,77210,14010,23920,28500,32820,91930,115560
PT-00248,0,0,0,0,0,0,0,0,0,0,0,0,24900,0,102110,66310,29220,34100,10360,56310,47310,0,22100,69780,31400,77180,59000,139820,66260,151650
PT-00249,35910,19990,36750,24930,29930,23430,0,4000,42060,24410,52500,9210,3960,40310,22450,7520,12670,13410,32980,0,90270,16340,51700,13130,9030,39970,26960,64750,31240,3350
PT-00250,3080,8450,0,14230,7340,0,0,0,4800,0,36910,41860,35740,8430,107300,14520,0,0,49630,4960,9390,82990,0,3420,19220,41050,19840,48310,61310,70840
PT-00251,31160,8250,203600,46160,59420,164900,104080,39590,23150,23320,73420,70930,54070,92060,199670,23350,63010,32340,49280,0,71400,139190,61720,26530,46540,9490,73580,31620,40680,13050
PT-00252,109840,110520,32860,0,67650,101170,40410,0,12870,24550,54350,25650,61210,0,154530,14140,36190,36190,37270,0,36120,26380,112160,96870,118230,9070,47230,0,12320,19130
PT-00253,11920,0,50810,12620,40680,0,15480,0,0,34380,0,98520,23780,0,0,22260,30620,54110,87600,0,20190,34890,0,17080,40790,42670,28620,90260,0,63610
PT-00254,0,6720,136540,11360,14910,7920,30550,11480,87220,12400,47710,22460,5850,29490,34080,34490,52510,77290,15440,9900,84310,40890,49810,0,28150,37330,40350,27340,3430,24690
PT-00255,0,54590,0,0,0,53540,87790,0,0,0,50460,0,23740,0,0,47580,0,0,0,10080,13660,0,39250,49200,11900,15400,97300,39400,47030,48990
PT-00256,14060,0,86030,3420,8910,10200,83950,6510,25570,12120,2360,11870,86380,0,8720,13950,0,9480,0,15030,59050,31810,18110,76140,8400,0,7350,50930,62010,26150
PT-00257,7300,33280,37050,3320,13520,47490,42590,3740,5580,22990,7130,7360,0,10970,31020,15480,9300,0,0,6360,6330,23770,11200,8160,10220,31270,74110,4500,44870,38300
PT-00258,27030,30720,133220,93920,162890,125690,42780,104700,169950,70010,71770,96870,51420,32260,128550,33010,67810,25330,112530,54040,80860,100360,112470,106180,141490,154820,104970,108370,81020,120990
PT-00259,6440,0,27600,56980,5560,27800,0,6510,15140,20140,24260,6170,0,34100,22060,6040,39640,6700,0,0,16110,15280,16090,79920,15520,7180,13220,10840,51430,44980
PT-00260,0,0,0,118020,0,0,119480,47510,0,93360,0,70500,158230,0,194920,91330,0,0,130250,0,27840,90330,0,192820,49770,79300,165800,161500,157210,279300
PT-00261,28160,66600,18160,14150,45510,108450,31760,9170,19700,66860,0,147870,90480,50500,148460,58270,13780,85280,83450,10780,16430,19220,12200,5840,19080,37760,130190,28690,0,174120
PT-00262,0,40090,0,0,29750,5740,8050,12820,11120,40380,30890,8190,25880,4260,4030,4410,7270,14830,3080,7200,13020,0,18200,2760,0,27310,33460,2590,23780,29890
PT-00263,44540,19250,59930,90650,47020,28340,22250,57480,90570,103440,28490,142530,56210,108090,143970,89660,45580,90840,25720,26590,112090,88990,109290,119260,74120,16300,86160,53620,164180,129280
PT-00264,0,0,0,0,0,0,0,0,0,0,0,0,0,0,0,0,0,0,0,0,0,0,0,0,0,229650,163260,365960,236920,435250
PT-00265,27880,12800,0,30740,52650,61150,52810,14740,34910,47180,11500,71880,18980,95830,57680,48900,43770,157620,0,127400,29580,25060,60010,30370,0,0,0,25040,35440,23450
PT-00266,0,0,0,0,0,0,0,0,0,0,0,0,0,0,0,0,0,0,0,0,0,0,30540,15240,0,0,0,59130,0,20910
PT-00267,62740,6570,187280,42410,49770,43910,0,19410,68030,18300,90070,214720,86160,51570,116280,15230,17420,112870,54950,62700,111340,55070,12420,129200,104420,39440,58380,211820,7300,131810
PT-00268,289390,398390,1092710,156190,298930,307150,216310,155810,411000,292480,509840,784130,307130,333290,1119590,153010,127370,381130,461120,178900,638160,616060,512900,942300,239290,801020,1802490,131680,291580,523430
PT-00269,22870,0,111520,42630,12420,38770,75680,7080,37450,55700,18830,50900,62720,30600,44430,11440,22930,68350,21960,109280,89310,111800,150020,69560,43820,86950,43890,6730,29240,76330
PT-00270,196490,373120,620390,484800,471020,671850,126250,274410,883220,471840,352260,571300,878430,666510,869340,310680,736390,1032030,209840,544700,1041580,462730,865650,904910,1153900,604370,1579590,1112760,1193630,1731650
PT-00271,155750,160750,381390,213710,173920,350850,84950,0,214420,297400,240970,110970,114600,157890,199600,115290,231640,274290,195010,132470,208200,96090,189610,333670,127120,166710,259130,326700,161360,272190
PT-00272,0,7850,12180,0,5070,0,4700,0,0,16930,21320,31770,0,27190,8220,0,0,3190,0,3000,19330,0,0,0,20840,0,18610,32460,0,9300
PT-00273,0,0,0,0,0,0,0,0,0,0,0,0,0,0,0,0,0,0,0,0,0,0,0,0,0,0,0,0,0,83020
PT-00274,0,0,0,0,0,0,29800,45210,7240,31110,0,0,10510,0,0,2580,13720,5520,0,0,4980,24470,39500,7980,0,6900,0,8500,0,0
PT-00275,0,0,0,0,0,0,0,0,0,0,0,0,0,0,0,0,0,0,0,0,0,0,0,0,0,0,0,0,45630,24360
PT-00276,0,0,0,0,0,0,0,0,0,0,0,0,0,0,0,0,0,0,0,0,0,0,0,0,0,0,0,0,0,7980
PT-00277,0,0,0,0,0,0,0,0,0,0,0,0,0,0,0,0,0,0,0,0,0,0,0,11570,14080,0,4800,2910,12900,11480
PT-00278,11620,47410,34790,11540,7870,9350,74550,10990,8440,84970,11400,32700,0,14110,54700,9210,29240,6190,104170,9700,10860,95150,63010,15570,12340,16420,65640,22750,45490,21120
PT-00279,0,17700,0,15700,15080,90280,36570,0,76310,35130,29550,38940,0,7600,13380,55340,0,12000,53960,0,58670,0,19600,76990,10530,33150,63300,71350,0,102640
PT-00280,0,0,0,0,0,0,0,0,146470,0,27560,23520,0,65290,41660,0,71660,39730,93780,45930,13220,93170,40920,128380,0,57950,140070,149060,33500,19530
PT-00281,201700,137640,412980,234640,214050,306320,245250,207020,257730,144230,404710,331660,296590,218450,336170,208250,261010,225530,141250,270680,341400,254900,165030,333000,170270,166960,530990,217730,309950,149590
PT-00282,0,0,0,0,0,0,0,0,0,0,0,0,0,0,0,0,0,0,0,0,0,0,24880,65940,29100,19710,97610,130960,70020,201330
PT-00283,45090,0,110320,0,60020,52980,68510,9150,113880,30960,30920,127150,46250,58710,131890,27280,35040,0,68220,51000,57490,21400,20750,22160,25610,48680,276220,20680,0,50900
PT-00284,0,8410,19600,0,13510,69500,13810,25770,42460,49460,22880,48770,0,10600,56370,53420,14050,6140,6570,100600,15810,22640,41170,63120,48210,69940,33370,23250,0,186510
PT-00285,64390,30700,16060,0,29050,2690,36970,11530,10700,47180,27140,43710,5530,62070,88750,9720,0,25990,4600,12850,30420,61720,2240,2810,6470,41360,118540,68710,23650,7200
PT-00286,0,0,0,0,0,0,0,0,0,0,0,0,0,0,0,0,0,0,0,0,0,0,0,0,0,0,13750,75050,26690,25500
PT-00287,162770,185060,890800,961550,553940,1161410,779520,612490,763590,608580,724310,1184740,623220,788600,1162980,793930,958530,984560,866090,640040,1418860,874040,928570,1486170,1569270,1447300,934270,1099120,1166660,1819540
PT-00288,27270,88140,65470,118090,48160,64420,70510,32180,42220,38820,50480,86610,14340,60400,47270,49270,23560,31470,99280,39520,17820,0,37190,47950,6600,59990,82330,13970,8890,33500
PT-00289,0,0,0,0,0,0,0,0,0,0,0,0,0,0,0,0,0,0,0,5660,38260,11670,4460,12220,16170,7830,0,40080,0,29610
PT-00290,0,0,0,0,0,0,0,0,0,0,0,0,0,0,0,0,0,0,0,0,0,0,0,0,0,0,0,106100,24840,41460
PT-00291,0,0,0,0,0,0,0,0,0,0,0,0,0,0,0,46590,0,18390,0,0,0,0,4150,7860,13210,0,45730,32470,0,18900
PT-00292,7530,103450,0,2240,9680,0,0,4400,44300,32000,16540,0,9270,31440,44990,59310,82550,76870,0,33250,0,0,3400,8000,0,24710,19170,6180,0,108670
PT-00293,46570,3030,30930,183670,12200,100710,106830,108050,164510,57400,77820,85600,14130,67780,96740,175180,52690,141360,88010,104070,121280,60170,160150,195580,73530,157820,39060,115300,10970,111300
PT-00294,47260,13700,0,0,18690,7480,44210,8680,31290,0,19220,38660,0,0,108490,20360,71910,11740,55060,0,56620,53600,16800,78880,15840,70520,85180,42040,12960,62830
PT-00295,0,79530,3100,2520,3070,10340,5750,0,29620,9780,0,3040,0,8780,48810,56190,4330,10850,2710,17890,4700,14260,0,2570,0,3880,13530,8320,2040,0
PT-00296,0,0,0,0,0,0,0,0,0,0,0,0,0,0,0,0,0,0,0,0,0,0,18760,26620,0,24850,128690,38520,35060,36060
PT-00297,111970,192000,297000,168980,285990,203730,81080,105550,149420,98090,254170,176920,144020,291360,184600,136540,171540,130970,60670,122930,306890,195760,212180,299710,120140,251940,257530,168200,212910,389450
PT-00298,0,0,0,0,7070,72420,68180,8640,45860,51300,12080,52190,36800,83980,125400,40580,104290,62270,57180,9560,77140,33270,66530,91760,46810,51180,83890,92750,45690,63800
PT-00299,98080,144380,195670,163320,162970,314750,188970,117700,341620,204010,148290,160220,219900,268480,346050,341360,230640,75070,106570,138250,103920,78220,136420,184490,155250,57480,173890,181840,11850,29490
PT-00300,34400,120750,54400,155790,243660,215350,38270,41650,133800,41150,87480,180180,173460,35820,95940,71720,35490,58060,27000,99330,128900,19500,182530,176310,247790,51100,255290,226620,78320,401430
PT-00301,116140,45100,138090,87400,75120,174760,56670,114890,117910,101720,214610,46320,149920,98450,132490,80490,82950,189420,146210,7900,116640,0,111980,94490,7250,67880,40700,54300,73810,91470
PT-00302,31250,13680,62910,22290,101920,90250,45890,72210,96690,56160,79720,122340,95700,74970,85250,14750,58700,108420,25840,60590,10830,81370,79060,235630,158140,141730,150130,81850,128510,106160
PT-00303,0,0,0,0,0,0,0,8720,27140,0,0,0,4560,0,7700,0,0,5100,0,0,0,0,0,0,29900,10860,0,13810,0,35780
PT-00304,8240,16650,0,16540,21210,0,32580,11400,14250,0,8950,19090,9510,0,20230,7830,10330,0,3130,0,69590,35830,0,34530,16380,25080,41560,87040,8730,44080
PT-00305,44590,0,37730,31690,0,4220,8550,0,71760,47440,54150,0,6380,2880,0,89860,41660,10080,0,0,6800,0,5520,9700,7570,9310,13170,0,0,0
PT-00306,248940,211630,295990,150570,257790,183940,175460,130640,291430,154630,285010,282880,193550,112800,317380,159040,119090,288600,257540,168250,302030,120860,313630,366110,169210,135820,351670,102490,233330,356300
PT-00307,0,8660,95110,21570,30290,99100,14850,84190,40090,26860,63680,47160,22900,5390,26160,25500,67980,63340,2760,0,37030,24360,58590,87220,11090,58730,45810,26470,33170,16150
PT-00308,0,0,26420,20260,0,0,17710,10120,8040,50970,232290,77120,17660,44410,30920,25050,38650,49080,11080,9250,8120,33980,10290,58320,0,0,22880,0,55310,20010
PT-00309,83730,66530,148320,60210,41890,43810,36180,33060,145870,31940,130880,78320,58200,168080,99870,29060,106350,155220,56330,16780,38490,33880,33240,91830,27270,10820,10560,23560,18210,0
PT-00310,20630,28650,129260,42720,149700,91900,38180,32430,191590,104630,35740,228790,69170,62770,99620,72840,95350,174860,104670,47890,222590,21090,54130,67010,128160,132450,107230,115530,65170,114200
PT-00311,17540,0,0,0,0,14970,0,39270,7760,0,30380,31740,0,14380,7980,0,0,21540,4820,3000,2230,32370,32730,22770,0,0,12240,28280,19970,0
PT-00312,0,0,0,0,0,0,0,0,0,0,0,0,0,0,0,0,0,0,0,0,0,0,0,0,0,0,9000,11640,0,0
PT-00313,52930,34700,42790,0,25200,60020,14780,83940,152440,89500,11520,97610,70020,257960,163110,49250,78050,202380,270590,213440,343830,97830,183160,223590,264990,152060,353160,194070,54700,408280
PT-00314,57500,2540,9190,23700,29720,6720,64910,48050,12320,66590,49280,52690,30150,32200,64620,44200,13110,42660,45060,3250,21250,97680,59970,37380,20230,20500,87130,17860,77250,122560
PT-00315,7400,22390,31310,71660,6500,101620,18250,12770,60910,7820,29750,2280,0,9390,149810,59220,66070,119170,52570,9530,0,1900,6900,11870,93930,27120,171310,12480,34200,130600
PT-00316,0,0,0,0,0,0,0,0,0,0,0,0,0,18150,0,0,0,0,0,0,116070,0,0,27440,0,27820,0,0,0,0
PT-00317,35150,0,0,10840,68180,0,0,33650,4000,2720,8940,3410,9300,24420,78860,29200,0,0,7570,2380,18380,19940,20690,3610,0,4270,6220,11300,68890,28560
PT-00318,23310,31400,70350,97580,87350,68480,105050,36680,124380,105130,155430,152070,41980,48300,95050,79200,60960,19080,37670,9300,89200,80180,18560,50760,27330,64950,83010,15850,40540,10000
PT-00319,0,0,0,0,0,0,0,0,0,0,0,0,0,0,2950,28850,0,15200,0,0,32220,58570,0,46810,2630,65690,2120,2830,41640,15610
PT-00320,11190,32080,4470,0,0,9880,52170,0,43680,60920,19300,35300,9290,8820,42460,8470,50470,20730,0,0,9840,13910,0,23860,61060,10990,17890,0,10780,39100
PT-00321,30090,212650,218170,116380,78770,104100,95770,176250,356690,226030,300260,367560,261580,264340,291660,224900,244410,346180,219990,130540,438230,174880,261250,356710,335930,367670,555810,182560,288830,508290
PT-00322,0,0,0,0,0,0,0,0,0,0,0,0,0,0,0,27180,25460,49840,25640,0,54820,0,27280,45600,34170,13020,104690,12500,21160,42560
PT-00323,0,0,0,0,0,0,0,0,0,0,19780,48680,0,21540,19670,4440,7950,32120,115610,0,9140,24480,58070,17370,50740,51630,57270,22490,75060,64280
PT-00324,23400,6630,73850,35760,7190,88620,29280,11480,59150,42720,84550,153840,58520,89410,31510,56690,129390,32180,35420,18220,46120,37200,67230,90280,21030,64470,24390,72880,32260,36930
PT-00325,0,0,0,0,0,0,0,0,0,0,4160,2860,0,46260,26480,1830,13130,27580,0,0,34560,0,2470,6840,0,23680,45020,3350,7420,0
PT-00326,11520,117340,47160,35140,3810,8410,19620,11460,14620,23130,0,6530,4000,39550,4880,18960,38820,105290,99940,6200,55810,24950,43790,60760,77840,46950,33690,30110,12030,50750
PT-00327,12210,26070,13480,0,41690,40310,39340,0,49290,8340,29060,0,0,2300,14460,0,0,2960,58220,30460,34150,7310,9960,0,0,8130,50490,10890,0,0
PT-00328,8510,3680,0,0,3820,3180,1910,0,83010,0,20880,51810,5610,0,6090,15480,0,0,0,0,11030,13380,0,3880,0,9090,0,8580,55470,4520
PT-00329,78310,10480,6840,59240,31620,23820,67100,21060,78620,70570,79520,108370,23530,47330,123710,104050,50440,37560,75680,95120,137560,89180,57220,93920,54510,117100,17660,22560,8090,23920
PT-00330,16520,109620,278740,167800,200650,142910,118460,169950,157440,84450,49890,343020,153290,167340,173290,136480,153660,190220,105840,68540,161660,224690,116410,225990,143710,153020,305430,260010,164350,219720
PT-00331,8160,0,7240,0,0,42280,33030,0,18970,61510,12080,0,26000,9350,25970,0,35650,0,0,0,29610,39560,74300,18430,0,38960,20730,26000,22100,38380
PT-00332,0,0,0,0,0,0,0,0,0,0,0,0,0,0,0,0,0,0,316180,74600,104820,58540,273080,272160,267750,115920,358400,225930,96850,418250
PT-00333,163270,354060,414000,0,110620,210130,270170,121460,126340,202520,140520,761060,204000,0,327830,47970,137830,642720,107680,546150,229230,105480,377710,347080,565540,329930,454330,143510,680560,659990
PT-00334,52820,0,38390,0,0,30820,8520,45530,22960,0,28320,23080,0,17260,17160,82970,0,0,0,24990,52370,0,57740,12100,25760,0,47330,6840,82420,21460
PT-00335,68310,10300,21190,45320,29890,20670,35010,4530,13630,52350,42090,122920,43550,15760,30430,28760,30780,24430,14780,10750,8460,10480,8920,28600,23110,49810,8330,8350,2840,118860
PT-00336,354350,189230,1282690,221770,272860,450430,149100,187550,657210,337530,574090,416770,201030,254540,1340700,270740,152260,381210,339900,172820,703560,505880,378590,637110,313470,362130,1756870,287900,300860,555540
PT-00337,44530,34500,39560,0,89450,2700,13330,73910,2850,0,75840,10060,15520,23260,0,13970,60430,5460,47440,20350,15720,45950,17070,77440,41500,20760,42630,34870,34830,22370
PT-00338,0,0,0,0,0,0,0,0,9160,0,0,9120,0,33980,17540,21680,0,15500,3770,21920,17790,22030,25210,32440,31810,0,21570,52140,36930,41360
PT-00339,0,0,0,0,0,0,0,0,0,5220,0,9340,4010,0,9480,5800,0,0,3840,6120,17190,6690,35180,5120,0,0,0,3940,13590,35740
PT-00340,0,0,38520,36170,64200,28320,9180,53900,80710,83890,30180,90620,48700,54250,71600,47280,51350,44020,55640,46670,48540,147810,42770,149850,32020,113140,46530,31280,20040,130410
PT-00341,7860,36520,27320,24860,17510,30990,0,17000,5600,20360,32260,31080,18400,19780,78200,74750,63380,27620,6000,0,33540,49310,56170,11060,26740,27660,25260,52900,42740,27370
PT-00342,0,0,0,0,0,0,0,0,0,0,0,0,0,0,0,0,0,0,0,0,0,0,0,0,0,0,0,29370,0,69400
PT-00343,105670,71140,0,23830,52880,40520,72180,30450,60100,27270,28240,149050,1560,25050,56840,16720,68210,73570,72480,13160,0,26480,110390,88560,3420,46030,47980,142050,37110,0
PT-00344,0,0,0,0,0,0,0,0,0,0,0,0,0,0,47310,36040,49780,17900,29900,24230,73580,47390,79140,58620,22330,22960,123330,41750,52690,96650
PT-00345,103810,92780,138200,224390,47260,129620,136220,109280,223660,173010,88750,305220,146190,119780,70780,141380,109270,210340,20990,61380,226630,115590,25800,66020,33960,132640,60240,79660,94850,65420
PT-00346,226410,182220,109160,115420,257490,445600,266230,69020,382070,66110,336690,220820,123890,214440,405280,130320,62780,208690,273370,176010,357060,376770,463160,266780,523010,139530,254350,118380,306440,286980
PT-00347,106190,28770,60540,158810,201290,89030,75900,83240,62490,113600,97810,191120,66630,39180,217870,203880,115240,72950,26760,124370,210790,65400,62370,150430,108150,118210,105110,82260,184350,65730
PT-00348,7490,61140,49130,12550,95460,0,18680,0,83680,13480,37990,85020,2780,89650,89360,14380,86220,46520,3310,16210,50880,97160,0,40110,0,25350,112950,35700,67410,101250
PT-00349,37550,0,290250,217050,0,94260,257720,121450,295240,187720,0,103500,39060,71880,171920,32040,225740,501390,32880,142070,146540,273500,113840,181470,299700,239530,264890,155050,221430,320610
PT-00350,42400,34330,13000,0,3480,2220,0,7320,12160,0,8490,3940,31970,6930,38620,0,39470,10980,0,28070,7890,28580,29850,26920,8040,0,51410,29340,22170,16430
PT-00351,0,0,0,0,0,0,0,0,0,0,0,0,0,0,0,0,0,0,0,0,67940,18720,59570,74390,39970,81480,64860,56040,7290,36640
PT-00352,0,0,136440,66800,40500,101250,84100,35930,0,243030,60060,100660,122590,79690,33270,25500,129520,172860,11960,16220,41890,23060,116190,19290,24060,16950,22670,0,0,23340
PT-00353,0,0,0,0,0,0,0,0,0,0,0,0,0,0,0,0,0,0,0,0,0,19250,2320,53040,0,35550,69610,0,0,0
PT-00354,265480,241370,334130,491030,102090,223640,332660,145680,148400,82640,291590,346080,84240,512570,187580,182640,209430,382070,304160,0,95280,405890,198290,408540,85280,36950,471340,210420,270050,769570
PT-00355,15420,46970,46930,44990,20910,93810,72690,15300,44200,27080,89300,23440,65030,72860,66690,11790,146120,37440,26320,24610,63190,20890,109130,49930,66230,41560,94690,29570,7130,81980
PT-00356,20160,0,0,32140,39600,158560,40740,0,91320,0,26960,0,140070,81810,121740,63270,48530,28920,31720,10360,92950,0,0,60320,0,40600,0,37680,94800,26460
PT-00357,0,0,0,0,0,0,0,0,0,0,0,70360,0,16460,58300,33370,64040,54520,16650,111430,137090,22360,79460,97030,90100,22680,47000,80280,6870,80540
PT-00358,0,0,0,0,0,0,0,0,0,0,0,0,0,0,25400,7710,17640,14260,8160,37980,0,12080,38030,54960,18000,31590,55630,55430,14210,56860
PT-00359,0,0,0,0,0,0,0,0,0,0,0,0,0,0,281300,109980,43760,0,0,76160,370590,327380,264390,210010,225230,186280,768530,431320,205080,570920
PT-00360,13090,29500,206080,8760,64630,18440,61830,86500,18620,7300,65530,94150,54700,40700,140020,25060,32210,166490,7080,47370,93700,111110,87380,116750,36910,19190,312390,68920,50400,25040
PT-00361,2410,0,59660,0,0,48480,49260,0,0,6910,6130,3130,46320,9440,55020,0,2330,44500,3200,0,91800,4610,5340,12920,21890,51950,41750,8640,8090,29070
PT-00362,84880,22880,187290,44080,31900,70800,0,36970,67390,148750,25610,152000,71410,79720,65520,43810,40870,109880,27240,15670,96700,81690,31380,85340,0,16100,64300,29960,57850,50650
PT-00363,0,0,12020,0,16870,0,51180,16090,50740,82460,55630,114220,6440,78910,141760,51710,7430,42730,87910,32150,52110,48140,54540,131220,102620,66880,35030,41090,10890,84820
PT-00364,46650,0,19690,53590,0,69350,63140,7980,29540,5160,6610,50980,3040,95030,47890,8080,0,26040,0,6450,0,10980,111650,10060,85970,52490,24390,66750,11470,85360
PT-00365,0,0,0,0,0,0,0,0,0,0,0,0,0,0,0,0,0,0,0,0,0,0,98780,311070,123670,140400,186050,280680,378670,213300
PT-00366,0,0,0,9300,40410,0,0,45000,13780,55410,0,4250,44910,8910,39460,0,30670,47890,0,0,4000,13020,0,8000,17470,29670,20690,4340,5530,72510
PT-00367,52260,226800,220350,96610,72270,32120,0,52080,86340,62180,91010,147660,84970,200580,66810,46450,64790,78300,55130,96000,84870,59610,196730,83550,36640,74490,49980,52180,26230,88180
PT-00368,309190,445710,192520,375740,425060,249720,243300,201060,758190,276350,475840,1201110,501260,821970,794300,494790,586360,721010,457300,329490,832800,384280,362110,646860,683910,544820,509130,501050,239440,122370
PT-00369,258250,287780,594580,24390,242060,565770,450650,141610,261730,381360,431440,474790,288940,331460,472660,316060,410190,522530,155100,196070,300910,340560,293440,290110,246200,246830,253920,140810,500830,382300
PT-00370,0,0,0,0,0,0,0,0,0,0,0,0,0,0,27200,24640,0,0,0,0,60500,44000,0,195290,58290,60130,118470,28670,115900,119840
PT-00371,0,43200,12900,26740,38280,33600,84050,20400,119080,0,28560,83410,43400,167230,180530,37500,23520,17280,20200,43040,52320,45350,0,158830,58340,152120,131220,63660,47100,0
PT-00372,68620,10480,0,6350,71540,42740,26840,4170,0,17570,16840,10730,0,64950,3460,0,83920,55450,0,0,12930,36240,12010,10300,19330,71870,0,0,0,8680
PT-00373,0,11220,39990,91450,105210,44150,40040,26550,89200,71530,96230,117300,142470,97720,180000,26150,251020,171860,103380,62710,157360,57110,11820,230910,133020,60550,238210,186280,124940,145020
PT-00374,46840,15600,71760,0,39680,55820,25140,71330,52340,61620,88290,142770,16800,93300,170770,73320,21460,33050,50380,0,37790,11180,10350,26140,12200,23020,73750,51700,21470,25650
PT-00375,72140,63520,37590,97090,83860,112470,220780,70150,119400,112700,78750,105770,35140,90150,209800,49570,49390,128650,113350,67000,134410,137970,127550,166110,72310,101690,82040,95720,161020,279650
PT-00376,49770,0,0,0,188160,83130,28320,18720,201960,49000,211530,66750,48580,159660,150350,235030,173080,131800,123020,0,76050,165370,0,220170,150740,93500,149540,206780,17790,44310
PT-00377,27070,53930,11490,60770,25720,36680,13980,78940,5740,10350,56010,87420,40680,56840,70850,17300,49370,46640,25010,0,21390,6920,0,33210,0,16680,63980,14900,44420,62130
PT-00378,0,0,21500,5160,55560,8280,0,5360,38670,0,0,11010,9890,0,15950,15660,3190,48860,52060,4920,6720,12870,81650,12890,128300,68560,190350,0,4590,44750
PT-00379,359860,300810,312640,310180,198860,329720,129490,195170,224230,232760,487780,500240,164070,302980,413320,261110,426710,475320,135270,206330,373920,293400,378670,694860,332980,271210,494050,393020,319720,324270
PT-00380,21060,0,76260,69300,61900,3420,37530,9330,6520,92770,20400,29050,7280,36320,41610,22390,34940,0,8680,12760,30840,24890,68920,17130,16900,82540,45230,37120,10330,37950
PT-00381,238600,234260,340330,141680,281440,188640,178420,72970,338540,214730,204750,447350,339420,164090,352940,343970,276800,492230,224960,188900,415960,376760,216190,478730,269370,157320,332080,157560,269440,641890
PT-00382,0,0,0,0,0,0,0,0,0,42140,0,71510,13000,29390,33940,58540,85720,66080,30580,19320,85780,42470,47850,124830,73680,30840,80090,78270,12960,86610
PT-00383,0,0,0,0,0,0,0,0,0,0,0,0,0,0,0,0,0,0,0,0,0,0,0,14800,58560,66030,39440,33540,13600,50260
PT-00384,45350,80230,137840,40730,56150,102550,113850,111330,23790,100720,60160,274770,86390,114780,125170,33770,71870,46510,63710,18220,70770,42710,26580,78430,29370,42980,60260,26750,36900,42320
PT-00385,0,0,0,0,56900,0,0,0,20040,17020,22560,15780,0,11760,52920,0,0,79740,0,0,51090,64130,0,123790,0,19080,114790,19000,90800,42210
PT-00386,0,0,0,0,0,39600,0,21140,68690,0,26850,69900,74360,58960,39420,263890,87180,85130,124440,57010,49640,74610,147580,216620,108180,118810,163020,209960,92480,162420
PT-00387,0,0,0,0,0,86740,52080,61170,75260,29660,67200,38160,158850,27910,75290,30780,23610,57460,8850,35290,37720,52920,57480,93840,55990,73710,164570,179800,56020,54820
PT-00388,3640,55190,28140,19300,20560,26650,56260,9440,44460,32840,38290,55690,40790,35560,58530,22410,39520,22760,32660,60440,36910,78820,0,8480,6180,3260,12540,30870,78360,44780
PT-00389,0,0,0,0,0,0,0,0,0,0,0,0,0,0,0,0,0,0,0,0,0,0,0,0,0,0,0,13360,9630,50080
PT-00390,114650,69660,208550,0,101940,28000,109800,48550,294190,49800,85080,504180,156990,224520,368270,92080,179290,233690,100650,226530,331220,242880,94940,319340,248760,219050,202010,318320,453530,259340
PT-00391,81200,159180,314500,133850,123130,366550,207540,0,203670,141400,216350,325390,254090,125980,319910,80840,88530,152950,123290,50320,362280,249080,239680,245210,332740,412180,236050,286560,353910,303710
PT-00392,0,0,24200,0,19500,26760,0,0,0,37030,0,43130,49500,38460,68510,0,39440,0,15990,0,0,0,30030,48980,0,0,44680,0,0,0
PT-00393,0,29640,39420,48720,16250,109010,78320,98430,244240,55940,89020,204910,135230,251810,153460,15730,66810,222740,71570,48930,155550,137580,113640,348380,144260,87940,130120,131880,168350,241850
PT-00394,93540,177430,168580,31140,155260,109510,134840,107850,160680,27030,140070,42840,78960,31640,388780,17680,125800,270980,91820,41600,15840,106800,54550,81190,130490,34280,144610,47390,37250,98860
PT-00395,566670,1400650,1096080,1200190,1051420,2700970,1489080,1417310,1626640,1191340,966820,1597870,647350,2176660,1089400,1227330,1073010,1126030,716490,874540,1534800,1564330,2720900,2642740,2521810,999610,2855810,2272960,2843750,1902430
PT-00396,14410,11060,17490,34210,26800,79990,54570,26500,28830,53000,23290,113280,27750,15680,29240,12520,80270,50590,43880,8920,82140,76920,94690,23770,90780,36920,39960,5090,16780,26700
PT-00397,3690,49980,11680,6610,6220,12000,5580,4390,89700,0,93900,60390,44560,3600,18250,78010,40180,132510,27010,0,63570,30220,84110,109080,60100,74450,30180,75600,20430,56950
PT-00398,0,0,0,0,0,0,0,0,0,0,0,0,0,0,0,0,0,0,0,0,0,0,0,0,12480,42480,67440,24360,15630,20380
PT-00399,0,0,54960,47730,34530,0,8220,0,7400,7230,6050,156960,18550,17480,13350,63720,38570,15880,28050,0,46820,27410,0,43200,0,0,6000,0,0,4260
PT-00400,0,0,0,0,0,0,0,0,0,0,0,18250,0,86990,78970,65340,8760,53370,17610,123350,6270,40240,45140,24680,11100,31970,69110,62720,132550,129800
PT-00401,43350,2140,0,55610,51820,2040,14750,15000,7590,5360,7150,8290,0,2180,5350,0,3650,24050,12770,0,42550,0,8630,2120,0,12580,0,0,0,30560
PT-00402,52230,0,220550,58700,183450,177130,18900,71160,156510,71080,133650,328990,172790,130040,165120,160860,286530,237580,149200,174700,204780,371720,68060,457710,327130,440940,311660,84310,153470,195100
PT-00403,0,0,0,0,0,0,0,0,0,0,0,0,0,0,0,0,0,0,0,0,0,0,0,0,0,0,0,0,33650,42720
PT-00404,106670,83960,196010,29780,81790,61050,32440,0,100960,91520,75820,14740,92390,79940,151160,51700,66340,112380,94960,23330,162830,90500,29540,227040,47940,92010,39560,82670,55960,125600
PT-00405,0,0,0,0,0,0,0,0,0,0,0,0,0,0,0,0,0,0,0,0,0,0,0,0,28910,140010,50650,75980,59160,110610
PT-00406,0,0,61520,4320,51750,2880,0,43870,6720,5180,4030,3150,17900,3010,30240,0,9590,1910,10480,19150,8590,0,39110,46990,31750,1980,1850,4700,0,46970
PT-00407,40120,34150,22300,17120,16770,20450,22200,8220,3390,35850,2310,31860,17140,9030,95060,3160,13460,44630,54230,0,42180,3900,15470,17560,93540,63510,20420,23440,0,18420
PT-00408,0,0,0,0,0,0,0,0,0,0,0,0,0,0,0,0,0,0,0,0,0,0,0,0,4110,17230,4560,0,45170,0
PT-00409,0,0,0,0,0,0,0,0,0,0,0,0,0,0,0,0,0,71580,0,27900,142160,0,17280,108880,53880,99390,139490,87380,44220,76640
PT-00410,0,0,44910,42540,0,46780,0,9880,0,0,0,35080,10230,51160,77700,84530,0,57860,30710,15700,47550,33700,62820,78230,0,50960,83700,30300,0,16760
PT-00411,69450,126190,201220,35350,183840,105420,101890,61350,201260,107740,47020,164630,92100,144780,179580,113100,61930,66460,87980,92530,134980,30430,71110,164370,32720,98480,135020,184040,114690,246320
PT-00412,35700,106580,160640,65610,28850,88580,109750,184340,55240,109750,22500,171480,0,105180,248670,197710,65800,71800,23790,0,92040,224400,258220,233270,113420,38470,21910,111710,273280,64240
PT-00413,10520,0,31970,0,0,5760,24470,6400,12000,22600,9780,0,0,12380,7330,6900,18900,22110,0,3140,67740,0,7340,76740,17920,0,0,4910,15880,6700
PT-00414,86840,186860,153720,112420,278400,140340,105720,128680,299250,62960,125250,217050,108230,59630,103240,60520,189420,173840,118040,283930,218880,95640,187020,248130,105720,85240,115870,106620,103530,155180
PT-00415,418920,510830,473540,431410,535740,454800,228540,297890,528350,343660,490970,728880,593130,499160,685340,241020,587280,358220,315970,283580,620530,527690,347970,549920,221980,383370,704930,515580,493910,553590
PT-00416,24230,128930,42190,117680,29940,38110,43190,124600,77160,104880,114010,360850,99380,95150,82380,111060,42880,146770,235600,37120,118140,23720,70550,32440,32340,64330,75460,32660,17500,86000
PT-00417,270090,510130,800490,449910,293440,501460,591350,290330,207430,449550,431580,467590,829470,794370,585130,594270,827430,500040,435110,48160,219220,202350,130460,568380,341570,299080,376080,364120,69300,547160
PT-00418,0,0,0,0,0,0,0,0,0,0,0,0,0,0,0,48620,71780,0,205250,217270,119110,231020,238550,152890,146000,354310,430110,332240,158820,576770
PT-00419,0,34560,44740,24000,0,25100,0,0,3630,44160,0,0,11360,0,9590,0,17750,69090,42400,30300,61750,23520,57690,61040,20890,7160,27460,0,0,11040
PT-00420,0,0,0,0,0,0,0,0,0,0,0,0,0,0,0,0,0,0,0,0,0,0,0,0,0,0,21040,15480,0,0
PT-00421,25360,263650,236360,48790,80690,114600,8010,36530,126660,209170,152400,110850,139300,60850,121100,59680,81240,192680,37540,33220,93220,45420,86510,37550,44040,59950,46560,9840,58290,57710
PT-00422,1531900,1528350,2087300,1130620,2269530,2354620,2356520,1913030,3009380,1854890,2902940,4194070,1903770,2470310,4318970,2612900,2617730,4379500,2594290,2112860,4513480,2606390,2487940,3286450,2331330,2396960,2988020,2535990,1884840,3633390
PT-00423,165530,205410,269760,140850,55510,300990,229290,156360,413620,192150,238650,359720,214960,222540,364350,311120,293970,518040,151720,381100,413020,224460,366470,494680,235530,304470,439260,441770,373460,379980
PT-00424,47510,17120,38720,12700,0,29250,15760,13860,0,52830,89250,43110,38990,10080,47710,0,10920,98290,0,17340,44510,101300,10840,35570,81070,33490,15080,82530,13920,155590
PT-00425,0,3660,15060,0,0,27360,0,24340,21070,57850,9630,16890,5340,3700,22580,33680,6680,27470,3520,3270,7110,0,11680,2740,2600,2430,27050,10600,11780,26770
PT-00426,0,0,0,0,0,0,0,0,0,0,0,0,0,0,0,0,0,0,0,0,0,0,0,0,0,117120,31300,52060,15380,120070
PT-00427,0,0,0,0,0,0,0,0,0,0,0,0,0,0,0,0,0,0,0,0,0,0,0,0,0,0,91670,0,85920,0
PT-00428,5860,46990,55040,0,4500,29830,4580,0,1770,6840,37940,7230,3960,8720,0,0,38570,57500,2490,2180,2900,15270,94850,43680,4060,3560,106700,9680,3700,6620
PT-00429,14500,94490,49340,0,70020,0,25380,0,119150,0,0,0,109920,46680,12320,23730,30480,25440,19400,0,0,20540,59680,109580,0,0,124010,24440,17920,55320
PT-00430,0,18440,46100,16500,9910,92530,13980,28000,12000,29590,49820,37690,41940,122920,9900,34880,29190,49670,7560,38960,38030,15500,23860,9350,20190,26440,42340,0,14880,56270
PT-00431,137990,0,99160,47470,33690,45770,141300,0,27140,6550,3060,115840,25520,3040,90610,0,86260,106010,3570,3190,59530,47260,37530,87110,35210,80440,6710,0,98880,8690
PT-00432,0,0,0,0,0,0,0,0,0,0,4500,63020,50350,39500,52460,32940,74610,88100,9500,0,92090,28610,63870,166820,13260,85390,131470,52890,64730,65390
PT-00433,0,0,0,5360,35210,57660,16970,14330,6990,58760,47120,32660,117810,46750,77680,41770,34880,160340,93910,48780,100210,59370,136590,34220,15820,126710,136900,43310,136280,74970
PT-00434,0,0,0,0,0,0,0,0,0,0,0,0,0,0,7720,0,2210,14610,64680,56680,0,62640,54830,50310,24880,0,32000,55820,5610,0
PT-00435,2015010,1884170,4131140,1668790,2999370,2769490,2392190,2998770,3916960,2014950,3498980,5698560,1489150,4039240,5493710,3275530,3814310,5027370,2823330,2968590,4653840,5926470,4136230,5345730,3797360,4075130,5846980,4845820,3580300,6090820
PT-00436,0,27960,50030,43160,0,41970,9740,0,1210,0,27030,0,46950,68880,34680,14360,116110,109880,0,65860,32210,18640,10670,80590,0,82460,144820,50500,122750,2290
PT-00437,269460,271070,308030,66420,400110,307030,347040,110350,372030,743280,707260,938050,74950,574410,524930,332380,767800,674800,458800,340430,259780,274350,278170,755610,81500,549740,122500,208230,0,498370
PT-00438,0,0,0,0,0,0,0,0,0,0,0,0,22490,17220,156930,0,206860,85320,0,78160,92780,68040,53040,0,89080,0,0,112720,0,73500
PT-00439,0,0,0,0,0,0,0,0,8060,45980,5600,35270,40780,9400,15590,8710,13300,25890,21220,0,30450,66800,62950,67490,8610,5080,10960,59520,53290,15580
PT-00440,0,39650,26520,12600,139910,63910,31670,0,16380,33940,12660,75470,79210,0,111610,24880,61460,12210,5850,70050,0,70330,57840,57380,0,5520,17630,10650,32290,25870
PT-00441,66150,0,48990,31650,51270,106210,65560,45810,61200,11670,64390,109140,0,93000,8200,43880,49310,43070,98310,11580,72260,0,39700,59420,20740,126010,56690,67780,151130,89570
PT-00442,116390,84040,0,0,77640,53210,58360,30780,90570,0,144300,87630,59500,20280,139740,85980,142730,172550,0,35500,38070,64880,234680,144100,81410,138040,139460,97570,152010,141160
PT-00443,329110,197890,1139160,159660,83680,451120,293370,327250,564530,148600,301000,176590,487730,400680,366160,227310,307780,670430,217520,184390,520350,451760,895110,693090,635850,275990,1182970,355860,491080,696910
PT-00444,5180,23540,35500,48460,39600,20270,0,4480,33000,20240,26770,20640,118760,5920,62370,27560,31220,37260,8190,39390,65090,14950,17040,26280,24510,6750,22640,18960,7040,36100
PT-00445,0,0,38700,11480,0,0,66030,46840,40650,23200,56680,32700,0,34990,132600,0,35420,32360,47770,0,18930,0,0,71920,0,0,0,11910,11560,22440
PT-00446,29410,7360,73970,0,44140,48040,0,1570,12020,7310,0,10470,9220,14880,76820,0,0,25130,13270,0,6930,5200,3220,4820,34240,24790,63420,19230,11690,100130
PT-00447,92440,18380,120220,83020,35480,29870,17730,22080,24980,55390,158540,61880,13830,47200,62710,84880,124600,63130,63430,10280,57670,39280,48160,29940,63320,37720,2740,25390,71790,9910
PT-00448,14720,123090,54040,25250,10870,71440,24140,8980,37640,59030,60860,0,59280,17960,29060,60730,82700,0,43900,0,4680,12750,11020,35710,14120,6400,59620,29650,19580,26860
PT-00449,13910,0,5280,24530,5340,19440,51090,0,10520,18240,69860,26360,58250,7000,92540,13870,0,16210,7440,13430,15620,34990,0,0,86520,35720,43920,11220,13220,16230
PT-00450,0,0,0,0,0,0,0,0,0,0,0,0,0,0,0,8360,9780,68990,47050,0,171740,7580,21570,144220,45020,43410,110230,82330,11100,121090
PT-00451,728360,1005240,1807400,1022290,898470,882920,621810,807300,1287860,1629940,966380,1329910,875280,822690,1456410,1097650,811530,1404360,756710,810580,1222130,1156890,1568750,1607460,957120,767620,1343080,1117850,1050250,1576550
PT-00452,0,0,0,0,0,0,0,0,0,0,0,0,8190,0,21000,0,0,36410,0,0,13390,11530,120900,16230,29970,0,2740,8880,77120,4340
PT-00453,18890,34340,13040,16520,4720,65620,16920,10840,13760,0,0,57920,3450,35070,11100,8140,7320,0,0,13380,3650,7260,4420,22350,0,0,8420,11400,10800,6160
PT-00454,104040,19560,25800,47880,21120,12660,27120,0,24480,27320,0,59470,28720,0,24440,125740,52520,72130,18360,102590,70840,105460,87740,83570,87810,0,81920,26800,24160,146910
PT-00455,33560,0,71620,101110,136990,71060,57670,0,116310,39470,59700,92740,147760,145580,55390,113800,45930,158940,52440,49760,37340,35600,66230,52960,17860,40190,71020,114610,13940,15900
PT-00456,0,0,26250,4260,0,51490,0,19570,65640,0,119940,30890,6050,47380,36790,10820,56640,19540,7580,30940,0,5930,0,17770,0,36760,17270,17910,0,6590
PT-00457,0,0,114050,106020,24480,41640,84660,18950,50510,49560,0,21040,0,39970,170850,13510,0,55350,84600,42870,91750,0,0,81340,0,0,16500,24720,0,79100
PT-00458,0,0,0,0,0,0,0,0,0,0,0,0,0,0,0,0,0,0,0,0,0,0,0,44340,0,42370,20280,58750,140290,44100
PT-00459,0,0,0,0,0,0,0,0,0,0,0,0,0,0,0,0,0,0,0,0,0,0,0,8030,36780,0,28210,0,15220,13230
PT-00460,0,0,0,0,0,0,0,0,0,0,0,0,0,0,0,0,0,0,0,0,33710,28860,0,54470,39720,74880,87540,188560,0,81460
PT-00461,28380,133980,292980,59110,13660,143830,158540,96350,380600,37300,176650,80990,123330,42440,133890,95490,182370,259830,114820,32890,228720,27110,67960,88630,192430,116690,228580,43290,97120,123230
PT-00462,26910,129980,86670,181820,126340,173350,135050,83990,68540,100300,51000,50120,88490,123530,83480,124380,20460,140090,38170,82930,60790,46920,96610,129270,0,37430,119210,32260,85090,25470
PT-00463,0,0,0,0,0,0,0,0,0,0,0,0,0,0,0,0,0,0,0,0,0,0,0,0,0,0,0,12150,4010,74870
PT-00464,30320,137750,99810,92500,37040,166260,111570,171800,125320,173590,142490,235980,88680,34800,54340,66430,0,212210,81920,137480,197010,134920,130520,290990,206020,143560,111080,138700,67620,108710
PT-00465,20650,62030,197670,126560,39740,95980,82720,17100,60110,83930,43560,66090,0,164070,107640,79370,35540,118640,0,34560,62570,62720,6800,24560,38540,39600,20920,97520,9470,24550
PT-00466,0,0,0,8100,0,16860,9000,0,10780,0,0,46420,0,0,0,66660,105700,0,0,0,61060,0,0,0,0,0,107100,35840,16830,52050
PT-00467,225180,150250,599460,354240,287560,489990,127340,243480,220710,415130,359610,455800,196080,386700,457260,345400,521090,320360,648490,130690,476950,413920,510600,569730,514600,291930,211710,174090,299310,245370
PT-00468,0,0,0,0,0,0,0,0,0,0,0,0,0,0,0,0,0,0,0,0,0,0,0,14100,0,12480,8900,66230,26610,72870
PT-00469,40770,17760,23840,27560,25540,35240,6030,42780,35150,35610,38490,48720,74430,46660,15530,9810,22560,55050,21980,17580,3380,12840,42000,17600,36260,56130,38840,22410,21470,110830
PT-00470,274000,621350,725660,186440,292730,675040,391250,294670,216940,486070,589510,635280,525580,440310,529950,288610,208150,503190,542520,301180,669470,124510,310960,919600,545540,359690,565600,563620,456360,871010
PT-00471,0,0,0,0,0,0,0,0,0,0,0,0,0,0,0,0,0,0,0,0,0,3830,0,0,2830,37170,0,5860,7650,4440
PT-00472,33650,18630,6860,0,45410,37790,3060,54270,34780,10450,133550,36870,2980,20190,23810,19170,20000,48470,48630,36440,4220,11260,2840,69630,67460,18760,55820,35950,31690,15900
PT-00473,73240,107050,195910,0,51210,236560,24000,148650,112060,217840,204120,247870,161760,109000,90440,67760,296490,227610,83540,96850,207980,133860,208450,305690,24420,149100,438380,313140,200860,212540
PT-00474,44060,147740,118810,59830,166030,33160,37490,0,82300,14360,0,54980,76120,47060,127870,70500,41260,81550,38780,75910,100160,50970,38980,75500,31090,48780,72780,48460,111970,147440
PT-00475,11410,0,102710,0,16470,2900,13210,39910,0,0,22700,13500,4270,0,5160,11240,13440,15990,39930,0,10190,7680,13580,0,11190,0,6780,0,11090,0
PT-00476,7850,2610,14840,9650,30810,3510,2810,8040,30900,11250,36360,17680,7140,8880,26240,51290,124360,102330,9880,0,57220,3210,2520,90530,6550,80140,36780,11860,20730,62460
PT-00477,59010,58730,129260,134430,94480,146440,63000,23580,125150,133320,210560,98360,187040,142810,152820,115730,102590,334080,76960,168060,160550,197990,201010,327360,145240,76120,264040,265830,146110,241760
PT-00478,51680,76810,42920,50600,61830,111830,113870,0,0,0,9520,11830,48480,68010,45820,65470,20410,34190,40330,44030,108130,29790,19750,67100,18390,3380,79730,58800,40730,74910
PT-00479,0,176590,40400,0,507980,266480,40500,0,126330,282460,75080,329930,135800,201730,179520,144930,0,0,117240,103560,100090,173000,0,27960,0,156950,31620,131600,76670,134520
PT-00480,0,0,0,0,0,0,0,0,0,0,0,0,0,0,0,0,11890,0,0,34450,40040,14910,0,13570,0,11840,6450,0,53120,17600
PT-00481,0,0,0,0,0,0,0,0,0,0,0,0,0,0,0,24300,0,33360,333530,221030,125190,316550,288240,558630,299210,259160,268750,37240,392920,730710
PT-00482,0,0,0,0,0,0,0,0,0,0,0,0,0,0,0,0,41610,0,12650,92580,0,84660,49320,62620,14910,100510,78430,88000,135410,109960
PT-00483,5100,0,0,12980,17330,23250,30720,2490,0,0,4580,24410,9590,47260,21790,9190,11590,9140,25970,42640,12730,13690,15190,9870,10620,36870,18260,13740,30990,69130
PT-00484,0,0,6000,18910,0,0,55400,0,25380,25880,10540,20850,37740,14920,0,15510,0,23560,0,8190,5120,17040,0,8990,39360,9670,14280,7740,0,41050
PT-00485,115980,172520,157820,79250,152840,135560,175660,37810,54790,87410,175510,182700,159640,201450,181290,118510,154320,149980,275120,92200,203380,201790,114030,187710,154280,295900,125330,207920,114580,200030
PT-00486,0,9360,0,25510,11640,34300,24910,26850,19260,0,23660,25010,0,42230,37240,4180,4240,16580,9620,16100,7620,0,0,13630,9340,10860,13050,50440,21910,7160
PT-00487,0,0,0,0,0,0,0,0,0,0,0,0,0,0,3080,6260,0,0,55490,10670,11930,67920,29770,0,45460,44890,74840,59730,21020,27640
PT-00488,909500,719220,1260070,1206890,759650,2589250,1020930,800620,932310,1459400,1184990,1694320,732580,1132150,1027210,1097230,1491090,2709860,624550,1353120,1711250,1808690,2010480,1058110,516640,967980,1536630,708990,1462990,1595890
PT-00489,9540,15440,15260,9050,17230,39690,20030,3150,16690,31550,3270,11560,9810,0,34720,7970,8030,83610,3650,3900,29980,0,8920,16920,12640,23340,2620,39480,2860,37770
PT-00490,0,8600,12350,54220,154360,34240,14600,32350,51380,56150,0,118330,0,19680,20950,48710,67510,49170,107950,9960,17880,114100,71400,36010,31960,17860,144600,103990,69410,116860
PT-00491,92500,53470,50730,61800,58290,142790,77880,0,65570,46080,134370,22470,84190,34370,109070,63070,64180,101090,48430,26570,128750,135050,53370,78500,45690,79420,71920,70150,94020,95170
PT-00492,0,0,133760,0,25440,79440,37960,37710,234450,0,123550,66700,0,28890,251360,90540,193550,54150,0,0,40700,43050,50430,158180,28060,33390,50820,379860,0,35180
PT-00493,113780,19140,74860,44170,49160,117690,0,35760,81090,122800,134750,146080,62320,64120,91280,21640,53840,71560,72100,71430,111500,63560,105360,201670,97620,21690,159870,94250,19420,64020
PT-00494,149300,236520,326740,135460,163890,92600,184520,191580,225090,163030,228400,335680,114700,124060,222390,79570,149120,107150,48780,39750,164680,13460,54750,157620,8260,47250,43190,65160,39920,35240
PT-00495,75490,23300,2720,36780,0,52870,37180,62190,64390,56270,0,0,33020,23260,0,77880,7580,22870,69210,57650,55230,6290,12350,87030,43880,0,7390,5790,55750,123190
PT-00496,0,0,0,0,0,0,0,0,0,0,0,0,0,0,0,0,0,85000,28030,7680,73750,0,0,41090,0,54880,157730,27260,29330,71510
PT-00497,0,0,0,0,0,0,0,0,0,0,0,0,0,0,0,0,0,0,0,0,12010,0,0,62220,54380,17070,5120,7560,34420,86870
PT-00498,80750,69960,124910,58940,165580,223170,50080,92570,103670,80450,145170,137190,88880,150120,105970,70840,82710,159740,111810,84180,105500,171170,0,44860,0,23470,77440,57030,50430,50800
PT-00499,0,0,0,0,0,0,0,0,0,0,0,0,0,0,0,0,0,0,0,0,0,0,0,0,116480,178870,384300,97740,0,33850
PT-00500,0,0,0,0,0,0,19050,18320,8410,0,0,4720,0,3220,0,4140,12130,39620,0,0,22420,6920,22030,24160,70050,26450,25060,16290,28240,41100
PT-00501,0,0,10840,89970,14800,0,0,6750,0,98780,105960,43830,124200,68410,10400,4010,4280,36050,0,0,6960,7920,104000,41610,18080,11300,36980,0,0,62560
PT-00502,0,0,0,0,0,0,0,0,0,0,0,0,0,0,0,3850,0,40230,0,11690,5600,0,2660,18790,29100,53480,15170,8430,18990,0
PT-00503,20070,5860,38750,23510,17970,2630,52880,0,14970,8640,0,4960,15830,4090,19710,6020,0,36060,9480,0,4800,8830,0,7460,21000,6700,0,6740,70790,61890
PT-00504,18470,52400,16320,37910,9450,25400,35540,26240,31360,0,27430,20510,0,8400,39780,8050,41850,18960,19760,0,23450,23050,25210,93250,16130,7660,27820,59310,10550,30340
PT-00505,122340,12510,16440,85210,28260,39970,22840,47980,17720,32830,49940,92480,39520,16170,221760,136660,0,0,30930,7770,91360,14760,34960,49660,0,29190,32650,16620,46120,26990
PT-00506,0,14890,5880,0,0,5760,2460,11120,14180,30860,0,13540,0,10480,3870,24300,49440,53590,0,0,74600,0,0,0,22850,0,3480,0,0,0
PT-00507,50780,60100,87780,14520,87230,65640,56320,60760,55900,112310,84150,97760,93330,58540,181140,21850,23990,105620,14580,53370,14820,135510,57060,122680,18270,34960,176200,56280,53510,141740
PT-00508,43680,16740,28240,11080,52440,63690,0,0,59230,31580,5250,38800,114630,47910,108080,7160,34050,14080,6150,22700,95590,77090,4140,43040,24310,28810,76270,0,0,16220
PT-00509,0,0,0,0,0,0,0,0,0,0,0,0,0,10370,11510,54770,20270,41850,0,49070,11860,31870,8740,8180,14170,0,126690,3440,41990,30440
PT-00510,0,16740,0,33450,36000,37170,52880,37660,8980,15600,56000,14700,0,0,0,19400,25520,9460,44380,0,37900,40400,27420,12080,18680,66110,0,69330,64990,38200
PT-00511,33600,0,0,0,0,20790,14080,26970,0,24180,0,0,20740,22080,0,0,0,27300,16320,0,36630,28400,20240,59560,45290,23130,15600,0,27980,15280
PT-00512,0,0,0,0,0,0,0,0,0,0,31400,49710,30620,0,0,5400,13940,100160,8820,0,30420,6510,34070,51340,12180,3450,66820,130260,0,9260
PT-00513,14890,0,0,28330,15660,115910,0,7530,4320,48350,23740,9900,6040,20750,7590,0,11580,72970,7440,0,7520,78910,0,15610,16660,7740,127140,46450,0,70780
PT-00514,28180,0,54640,7400,17200,0,9900,0,0,4200,25000,10650,17680,13030,9400,2220,75150,4410,7700,0,48290,0,8380,40510,0,0,0,37630,67010,33400
PT-00515,59090,76690,105740,144100,109680,73940,111940,31800,172230,68420,56340,72650,19360,174630,70810,75500,213190,157230,198960,31940,308640,31400,135830,138720,103560,106000,79150,182380,110410,244380
PT-00516,92860,27540,124790,135730,46580,94560,49520,66970,75560,47990,34360,135280,159260,76300,62170,51870,131340,69800,50780,60220,65990,47030,108590,162750,124690,195010,155200,20650,92160,140190
PT-00517,0,0,0,0,0,0,0,0,0,0,0,0,0,0,0,0,26730,92330,110230,217200,66540,18830,176020,167660,277840,132470,210780,23700,19440,387450
PT-00518,0,12750,25140,0,12600,0,23880,13230,0,0,22040,36450,31200,12950,5800,70120,35430,35540,0,36220,34340,84710,0,18900,26780,33920,27530,25400,27310,98600
PT-00519,87340,243270,116140,159030,120250,120030,158860,184390,198180,106620,270030,167780,197090,204690,105510,64010,110950,245280,114120,24480,153330,205170,81240,169890,45810,105530,108850,40080,42040,42040
PT-00520,0,0,0,33160,0,0,17810,0,26350,56060,25940,51770,36600,4180,2780,25050,39070,57760,95290,2140,142770,13620,5900,0,0,7840,27310,22840,0,77220
PT-00521,0,0,0,0,0,0,0,0,0,0,0,0,0,0,0,0,0,0,0,24740,37280,13320,0,0,0,10830,71790,9600,31940,11560
PT-00522,2050,0,29820,0,6280,7740,56210,0,15260,0,19390,19470,0,30250,73740,42260,3440,28860,69760,6960,38690,5260,19840,62120,10200,46220,40710,6080,72280,83990
PT-00523,98580,147000,340060,92810,119860,134170,84200,112270,80040,122800,96610,168910,134530,75020,437020,45910,184760,184880,89330,181360,163380,261260,58750,213260,111420,136620,437930,37380,65790,236790
PT-00524,66000,298660,231980,76550,177690,0,144860,119050,419520,532850,594650,412120,243270,262930,500470,682160,603470,392050,537040,270520,330580,299340,527080,508550,407830,673960,640720,742400,725290,531160
PT-00525,0,0,0,0,0,0,0,0,0,0,0,0,0,0,0,0,0,0,0,0,0,76150,117550,0,88800,46200,194190,0,500240,519380
PT-00526,0,0,0,0,0,0,0,0,0,0,0,0,0,74060,98900,92540,30180,0,30160,23800,0,26800,21060,76030,91800,0,95930,80600,223180,136790
PT-00527,0,44330,14300,0,0,0,0,62190,26600,45150,5550,7650,9140,9610,36460,34850,0,0,0,0,52560,0,34800,12000,39700,5320,1890,0,8880,0
PT-00528,0,0,0,0,0,0,0,0,0,0,0,0,0,0,0,0,0,3320,0,38130,0,4020,52630,75530,5560,0,25630,9780,17950,0
PT-00529,106320,35750,40680,0,79400,58530,116230,52570,187400,0,0,79560,159030,139390,147370,148830,118860,324100,148300,96600,114790,116440,78540,199470,96590,32700,227630,102140,45360,393930
PT-00530,58850,33200,25100,93270,42670,50100,14310,0,40370,29990,71130,124830,54330,9670,24300,53890,12170,51090,79170,28170,110530,36170,29400,81950,65650,32170,56210,61630,40810,108180
PT-00531,103490,164680,314400,123050,56850,200000,69430,54630,242810,186510,298400,93650,40340,145530,156700,155530,195830,139500,139250,140650,249230,187550,242260,268630,143610,64290,214680,99560,191180,192800
PT-00532,4170,6150,48410,26530,0,27240,7570,0,47890,0,10200,82770,0,8970,0,9190,0,24590,0,0,51940,36510,0,40010,15960,12270,0,38500,6980,18850
PT-00533,0,0,0,0,0,0,0,0,0,0,0,0,0,0,0,0,0,0,0,0,0,0,44590,143180,53910,0,36020,34900,133630,80120
PT-00534,0,0,0,0,27040,27640,0,109140,41810,9970,0,27660,19040,35070,67100,0,48720,43490,86880,0,41270,22540,49690,26540,14780,0,89070,12800,29470,27600
PT-00535,156070,215390,139720,143900,160980,259680,211300,299110,307800,166190,113070,176990,193870,275600,355480,349300,227660,230900,152150,32240,331890,156360,163660,251570,272290,157400,354040,170090,211310,431310
PT-00536,76020,5200,47420,13620,8740,69830,48700,0,99600,19710,7560,18700,55200,35110,64160,36900,8650,92270,10000,27630,249660,21300,25140,19900,68660,0,107400,15150,34930,13160
PT-00537,0,35770,39620,18990,63850,45300,22440,0,26180,85060,48180,18240,120660,60740,18300,0,103910,46500,33500,0,188740,61790,59370,79780,85920,205860,137360,50930,70960,76240
PT-00538,0,0,0,0,0,0,0,0,52240,0,0,39130,90220,28920,0,53440,82130,98150,13830,61110,79310,0,58650,0,24630,72330,0,0,133970,60880
PT-00539,117700,133090,151620,182700,80220,278140,164500,126110,182040,142720,101560,234580,157620,90770,111160,61080,61810,252630,233090,93540,118160,38960,148830,282340,50490,90420,95010,31740,105230,311680
PT-00540,0,21540,26730,0,38200,80680,16710,0,19270,0,7500,37090,14100,40190,28120,0,36550,110130,12660,0,26300,0,30100,43650,8460,10800,39180,3420,0,4480
PT-00541,125110,8940,114990,39080,77250,80930,25670,62280,139710,18860,33010,159740,96070,106080,242220,29400,6840,45860,43550,75130,56490,17030,27400,86750,17400,35860,181720,45830,30360,31550
PT-00542,0,0,0,0,0,0,0,0,0,0,0,0,0,0,0,0,0,0,0,0,0,0,0,0,0,10920,0,30240,30180,62340
PT-00543,0,56590,82720,19600,16450,168510,68160,0,17850,23340,75190,93370,147740,74230,82310,123930,89350,112090,153630,77220,159130,65620,129320,79930,184510,122730,57790,23310,118590,104430
PT-00544,0,0,36400,0,0,61540,12800,0,57140,0,0,63980,53500,0,60720,158950,30450,178820,118500,31800,0,139900,0,85160,63550,36630,89910,63980,47760,135730
PT-00545,0,33960,26640,27200,0,0,0,27650,11450,35980,90990,70480,0,21510,27520,73260,24000,108570,43380,32860,23430,0,0,57840,0,135980,6540,35070,50290,64230
PT-00546,88380,61470,100580,63780,103480,255330,251830,110420,202540,143830,383740,252890,205590,266240,174830,47400,129700,178090,78960,55170,39150,91730,173990,81170,94950,87310,100650,65180,11700,132750
PT-00547,107150,81110,238750,84440,167600,499080,127550,116930,336920,231840,130310,193320,149140,138070,200280,88170,140630,187820,141950,47820,239220,99770,95260,131060,67210,47880,121320,73720,90310,139100
PT-00548,13560,48890,86710,175820,126750,137460,59340,191650,248750,131790,158570,148010,150860,144090,180920,132080,94250,143580,102840,96860,117060,138980,105980,159600,75380,83400,57410,75290,103340,88630
PT-00549,23460,74660,24330,25090,11710,58120,16440,116230,186450,40920,67820,89980,25210,43990,70450,16450,0,92610,123800,97360,47290,33470,6130,73070,41820,72600,78660,96360,9030,16260
PT-00550,0,0,0,0,0,123270,0,243340,145800,254870,74240,390110,0,299360,197530,193560,277500,220310,122670,193360,234820,126480,504830,219190,118760,0,652000,100990,85040,214030
PT-00551,0,0,0,0,0,0,0,0,0,0,0,0,0,0,0,0,0,0,0,0,0,0,0,0,0,0,0,0,0,60680
PT-00552,862770,444740,404860,133060,506530,0,209040,49950,581700,782190,1245550,1359170,1229080,735770,1163290,917540,572840,1122620,406850,1052550,2123630,361290,900150,1907730,911710,1731230,1979580,212960,801380,1741260
PT-00553,272960,50960,360170,56420,112280,99530,446680,424030,105360,42720,82040,161860,250460,199900,309400,328630,282520,522930,349970,366860,753090,201880,200280,395040,168790,473870,897430,169030,376090,143400
PT-00554,0,0,0,0,0,0,0,0,0,0,0,11340,0,0,0,0,0,0,0,0,0,11760,0,0,0,0,0,0,0,14280
PT-00555,324640,285720,694610,293140,454640,517610,560340,149180,446050,385100,363160,321050,399160,563210,292380,305180,287640,367390,178900,239620,555300,255240,488030,492360,246650,268300,623060,406220,499390,519100
PT-00556,0,33020,45800,30770,0,0,0,0,51540,0,0,104420,72240,7790,16740,0,79580,0,29680,0,48510,65190,62080,62000,54120,147350,84050,97810,112490,99610
PT-00557,0,0,0,0,0,0,0,0,0,0,0,47330,0,20050,4400,48500,0,13180,0,5900,5760,35270,8640,0,0,8570,0,0,52500,6960
PT-00558,0,0,0,0,0,0,0,0,0,0,0,0,0,0,0,0,0,0,0,0,0,0,53580,0,38570,0,87250,125520,8960,108810
PT-00559,40820,20920,0,20310,0,104440,28530,0,50140,19920,64880,27180,66210,70880,91290,96290,68840,38680,43770,83510,31680,42840,101740,131850,0,54500,135380,109810,46760,118080
PT-00560,28590,16470,6400,5460,62530,33090,10260,23960,0,13280,0,23030,70660,28710,2340,0,84250,13690,0,0,10330,27940,10010,61510,9010,22250,5860,2430,6260,135490
PT-00561,61240,42220,50180,62350,98180,72970,30030,86040,67090,19650,69800,105480,45130,111300,33700,133470,61820,62290,56430,42640,51210,22560,82530,50620,9840,14290,0,59920,38730,4780
PT-00562,77320,131760,143370,392820,0,348340,285450,225120,234530,335920,224610,513220,460940,63630,644390,397590,338950,883520,450710,180540,228310,762810,348520,334320,719650,286600,668070,185000,607100,427110
PT-00563,0,0,0,0,0,0,0,0,0,0,0,0,0,0,0,0,0,0,0,0,0,0,0,0,13170,0,0,0,76500,35570
PT-00564,63910,75000,75500,44800,79790,97370,172990,53650,166990,62730,150000,221920,72670,142210,288010,225380,164050,199520,249830,71230,148760,69150,264240,192380,49340,109610,217840,126290,160350,118360
PT-00565,23940,48440,198150,0,65500,82710,46320,53810,23180,32480,83590,125900,50900,68470,136730,37040,61420,128110,117330,0,117050,51410,211060,200370,37090,37630,84140,123440,48050,54810
PT-00566,321070,173650,479020,485600,183680,274450,138960,0,490890,236820,232690,297500,289770,273530,100760,274150,555700,843150,407410,533290,347020,467940,643040,1325290,327410,582090,347160,110970,418080,858650
PT-00567,0,0,0,0,0,0,0,0,0,0,0,41080,48220,67390,49900,27290,46530,95390,24190,30700,34910,46530,25950,100990,51880,11910,76270,92760,75680,46620
PT-00568,0,0,0,0,0,0,0,0,0,0,0,0,0,0,0,0,0,0,0,0,0,0,0,0,0,0,62980,14680,62000,125620
PT-00569,0,0,0,0,0,0,0,0,0,0,35860,26980,68450,33300,61940,38110,49990,91890,52720,0,137590,119720,119350,250520,35760,119540,95800,180230,217280,162080
PT-00570,6310,3930,14380,4670,100390,15330,20840,2560,4250,5250,3670,31140,52120,3890,8840,0,0,11650,7010,22080,0,3060,35510,10070,15400,7540,27690,24030,7320,67630
PT-00571,5380,29050,35770,0,47530,50660,53350,3400,40540,5600,8520,3380,12340,4650,6220,0,0,8290,0,32470,51780,9160,37350,66060,3690,19830,30740,0,0,34410
PT-00572,0,0,90360,87890,135090,30840,37650,109560,59190,118440,131600,60010,49420,24200,50570,39930,47340,45420,68060,63550,29980,21940,82050,41270,87450,99400,37260,53300,61540,81980
PT-00573,23590,15430,100280,0,11420,42140,0,32310,0,20050,0,50590,13280,52460,57900,21500,0,91940,10220,5880,18330,27480,19920,52780,27280,17430,14610,6330,17160,0
PT-00574,14250,111970,112150,52340,147850,97050,134810,119850,238620,109950,142230,259480,124880,177760,376190,146080,93450,306800,129100,81900,187720,192600,208930,388590,98270,190120,199510,41390,238650,235090
PT-00575,2830,0,92970,8530,0,69880,5320,7110,22440,8480,4380,54300,0,31280,0,5680,51420,12970,7170,30250,38340,0,32160,67610,40190,15290,45950,22620,9990,7990
PT-00576,0,0,0,0,0,0,0,0,13120,54910,2690,22250,30530,0,20760,12390,6770,22810,3170,24850,9830,52850,13560,61580,0,6980,76300,64030,21980,18840
PT-00577,8630,22330,131870,0,101720,23440,7580,0,14520,34510,6240,71370,35230,90100,55870,7470,33460,6740,31690,37720,75980,43520,57890,19200,47830,27770,51450,5460,6760,95150
PT-00578,0,0,56060,12870,0,56100,42540,0,0,0,0,45430,61260,44820,117270,25650,0,43150,21950,47190,14400,0,43660,0,144330,0,126530,102700,104090,0
PT-00579,0,0,0,0,0,0,0,0,0,0,0,0,0,0,0,0,0,0,0,0,0,0,0,0,0,0,53450,38210,0,46520
PT-00580,4860,44310,30020,73490,66390,0,30340,0,8550,68370,57270,177900,40530,60450,6400,21630,83990,33040,67090,7200,0,14930,35490,3420,27050,12670,42910,36170,0,4000
PT-00581,42430,6360,32050,12330,41020,0,0,8220,58680,7210,22860,21570,28670,35340,0,20660,32990,7160,0,5120,0,16780,20220,21390,8070,0,30610,12470,20050,0
PT-00582,0,0,0,0,0,0,0,0,0,0,0,0,0,0,0,0,0,0,0,0,0,0,0,0,0,0,0,18480,153150,55830
PT-00583,28960,208550,33490,32030,43940,39410,68310,47050,91350,95180,144760,19180,24120,51960,8650,67050,57490,16990,208660,38900,102680,215340,164720,157500,169310,67000,73030,37720,177200,75310
PT-00584,0,0,0,0,0,0,0,0,0,0,0,0,0,0,0,0,0,0,0,0,0,0,0,0,0,0,0,0,16960,16800
PT-00585,0,0,0,20150,0,0,0,0,0,50060,0,31550,0,3050,0,6960,0,33650,0,2550,0,0,0,8390,0,0,0,7780,0,0
PT-00586,0,0,0,0,0,0,0,0,0,0,0,0,0,0,0,0,0,25340,23190,0,0,7950,13200,13200,53730,27800,19240,38390,34720,43860
PT-00587,223190,189370,97300,64500,73020,86120,128830,0,0,137990,93800,269590,74560,0,173580,51360,210830,83800,334200,235890,121580,264660,225730,69130,262340,136740,60960,234820,211420,298410
PT-00588,0,41570,106730,0,0,107580,0,0,61230,54710,15270,10140,9410,2080,31820,0,4020,5810,1880,0,0,3150,2100,34000,9700,45740,65240,26260,21890,33220
PT-00589,0,0,0,0,0,0,23240,42140,40830,25500,19160,38100,23760,38780,11840,27900,14080,10120,18640,49780,0,24540,0,31320,19620,10500,8430,0,82750,0
PT-00590,344750,189460,433110,307700,212580,347700,224260,228140,357820,212340,426640,314690,252010,225990,440160,479180,237090,400210,343190,212060,535150,379780,333250,602200,366780,420170,503840,502050,441210,730380
PT-00591,0,0,0,0,0,39620,0,215150,19040,382020,247080,150620,263170,136350,340110,155330,228080,281620,93840,354270,401090,593460,383630,466940,103000,284690,373950,205930,450730,583130
PT-00592,0,0,51620,0,54940,0,31950,65130,34400,20570,34860,57390,20060,36620,40860,116520,90290,75760,36240,19440,98330,75100,149940,234750,185270,239370,274440,168990,52260,384460
PT-00593,30050,76630,7580,24930,9870,4450,23410,14160,58230,23050,119070,34540,12970,34050,40210,7360,3190,14450,7010,0,0,0,45640,31970,63290,24600,12500,19740,26010,10120
PT-00594,51690,48600,49840,9280,0,120820,14020,7350,8800,12040,33570,123170,0,59230,21960,13860,17850,34270,0,0,23010,32450,22910,20690,0,9680,11520,5370,6780,54840
PT-00595,176970,95890,353910,135930,408180,345750,247240,222880,205510,301220,174670,179680,66260,98150,151310,154890,229740,175190,307770,169180,397420,263620,203250,222890,204530,84530,285470,219260,314900,352800
PT-00596,89680,93090,61060,59920,26940,103270,47830,26490,40860,45730,16990,101110,140170,61870,125990,94930,89800,149270,0,28150,0,77030,43710,72530,52000,20080,67880,62290,20790,39500
PT-00597,34070,222260,47790,51910,31260,65720,90060,147600,82270,64070,260740,118520,40660,114000,96440,102400,49670,55790,43290,16440,109520,163360,153410,156050,179750,215030,202040,161740,146410,246840
PT-00598,0,0,0,0,0,0,0,0,0,0,0,0,0,0,0,0,0,0,0,0,0,0,0,0,0,0,10540,0,0,0
PT-00599,0,0,0,0,0,0,0,0,0,0,0,0,0,0,0,0,0,0,0,0,0,0,0,0,0,0,15540,0,25500,86000
PT-00600,183540,50400,137480,285440,131840,278400,161980,0,131430,0,195900,437080,80640,82140,224770,77300,0,229830,381150,0,147570,185210,562660,870510,103040,538730,194020,205730,359600,303790
PT-00601,11070,8940,43450,81400,106870,59120,71320,0,81830,102920,18300,148120,7610,29450,51580,7560,38520,71570,39090,37370,57420,55090,54190,95070,31110,43030,52210,65480,55330,18140
PT-00602,2730,7800,67390,13450,8520,61670,10680,17470,60490,15200,127750,35060,22190,48730,64500,22930,51590,15660,15920,77530,6310,21040,49240,73780,46620,23190,111980,31980,4540,77550
PT-00603,0,16960,0,4690,50080,10960,0,3070,125260,50410,8070,13340,11660,0,52480,56760,88790,76510,10000,0,83950,36560,75620,80400,16180,36140,27200,27060,0,25330
PT-00604,0,47310,78280,155800,171150,215970,0,0,13020,0,22400,164000,75380,25760,195630,31050,121210,57090,56880,18540,94250,183380,106880,318310,48420,63950,20880,61050,202920,60940
PT-00605,44220,155040,172980,32890,156370,182970,0,191020,65940,30900,119060,148060,83260,0,246460,133790,110210,49540,166010,29030,74970,76500,157590,90800,44170,170730,232410,51300,182320,143050
PT-00606,0,0,107690,26880,21900,101100,0,90120,52820,94960,60330,49550,28650,162750,127800,48480,0,0,57960,28500,23670,125320,26250,88480,89480,115670,173230,166270,59760,132420
PT-00607,0,0,0,0,0,0,0,0,0,0,0,0,0,0,0,0,0,0,0,0,0,0,0,0,78400,305520,696530,834090,310770,829680
PT-00608,0,0,0,0,0,0,0,0,23520,34960,0,0,15060,0,18320,24650,15230,67590,27270,26790,50560,65580,0,60070,27090,6900,46340,21580,0,53120
PT-00609,0,0,0,0,0,0,0,0,0,0,0,0,0,0,0,0,0,0,0,0,0,0,0,0,0,3890,7550,34740,11130,36820
PT-00610,0,0,0,0,0,0,0,0,0,0,0,0,0,0,0,0,0,0,0,0,0,52160,0,108380,112940,85370,0,122780,89290,403200
PT-00611,0,53990,9460,0,79690,60370,41280,84300,19060,0,55550,35200,50710,84040,60680,0,23010,73920,0,53260,121990,0,19810,115060,46700,16630,15130,87550,4040,172080
PT-00612,0,40200,47520,9640,11230,104490,38890,13360,30950,93580,32070,20250,17590,27610,11520,6510,118120,21400,36200,10860,68050,35730,9110,57160,15050,0,85490,92780,32910,4640
PT-00613,127920,25870,108080,37500,78870,147370,55510,38840,108600,35000,172360,185080,50380,26900,123980,20040,86030,134240,106710,209590,130460,74140,69410,215790,6420,49590,115680,66690,129200,73550
PT-00614,136020,283680,244720,179770,244610,185150,92150,103290,286420,151670,79000,284080,94580,120790,94230,205820,87470,205190,102970,40900,119720,88920,180690,64520,181710,78130,51920,195590,116160,155770
PT-00615,0,0,0,0,0,0,0,0,0,0,0,0,0,10300,13500,3550,0,5320,0,0,34780,0,2350,5170,0,7700,0,3430,65680,0
PT-00616,191180,0,48410,112920,26840,45700,56020,28210,23540,77280,0,228460,44560,222470,111210,137420,116120,21000,18620,40600,129380,0,125610,71010,71280,24300,21270,80680,118770,225960
PT-00617,11970,27000,72060,153110,134110,89530,0,57650,110360,95960,51170,69760,66970,59740,221790,114860,172650,63710,152580,32170,227360,45990,72060,272070,78800,53010,420710,200840,129070,269060
PT-00618,0,0,0,0,0,0,0,0,0,0,0,0,0,0,0,0,20970,0,30150,31290,0,38900,19910,11300,5420,19100,13400,0,27040,26880
PT-00619,0,5260,18980,4770,2340,5390,50650,2000,9550,3490,7410,8750,0,0,2100,3450,0,8030,0,0,13900,45300,2700,10010,3800,3990,0,34360,3010,0
PT-00620,135490,324970,342670,354620,312320,374800,101900,182510,164800,508510,214570,532710,208150,328710,383470,342740,404700,378910,178040,159990,505400,66250,253610,157630,186750,177070,207350,170210,261590,235120
PT-00621,0,0,0,0,0,0,0,0,0,0,0,0,0,0,0,0,0,0,0,0,0,0,59420,44400,36000,0,0,133500,67740,24500
PT-00622,72480,93890,67770,0,93890,0,0,49480,153140,36490,0,112250,110400,144650,139230,47330,127050,145560,0,128740,90400,100390,40000,298940,36260,115140,84770,64160,32820,153340
PT-00623,166350,129850,18320,56680,159330,144060,29960,49700,34180,34780,23000,159240,100990,152590,264290,32930,15050,142110,36180,65360,203300,76510,161860,162500,128490,125420,372190,70800,54730,215860
PT-00624,0,0,14580,0,0,0,0,0,0,89900,0,0,0,0,0,41160,0,49500,25680,20230,0,20000,41220,41500,0,70520,12060,0,0,52350
PT-00625,0,0,0,0,0,0,8480,0,0,14250,0,14940,51950,22820,24860,46490,93970,47210,0,41580,57250,0,12360,74180,63160,72610,0,19960,15300,0
PT-00626,20700,70680,120560,8340,69190,47280,51690,16920,96080,28010,0,94660,58830,0,85520,0,28150,69030,36360,26090,45150,0,17860,49930,34310,19590,0,14280,8620,17810
PT-00627,25260,0,105290,18800,22880,72870,23610,25840,45200,35980,79140,113450,32760,178630,303660,148740,95480,98170,85490,26730,120110,23000,157220,129480,47360,119640,96090,0,131140,216150
PT-00628,0,0,0,0,0,0,0,0,0,0,0,0,0,0,0,0,0,18570,2430,11120,9620,13430,3690,95850,33000,32280,52010,43480,42560,21720
PT-00629,71440,29100,56320,49620,68960,22410,54960,34530,29250,60540,91380,21830,38200,68040,90840,96410,68190,0,0,61780,0,94350,20160,51200,96650,170870,113040,44300,71910,231720
PT-00630,15810,3390,6000,35650,0,10980,0,4800,0,65600,15150,4950,33990,26010,0,8300,0,29700,0,0,0,9680,23090,41610,15950,0,39040,9660,6660,10920
PT-00631,35930,127490,397840,56840,13650,26450,92930,153480,249440,180180,149800,115800,162840,165280,401130,79100,64890,100490,106200,40890,216680,132850,177180,150290,84790,192740,622710,36260,117410,190580
PT-00632,0,0,0,0,0,0,0,0,60570,3440,0,22810,9050,2780,7580,2840,77490,33540,0,12860,25370,20280,22010,66200,5050,44510,4790,49730,11900,3370
PT-00633,178460,348790,854740,444990,936060,505510,492610,464360,823840,758030,610190,813510,529250,145440,796060,164810,785850,691470,571730,625140,775830,97480,195540,734810,238630,441660,562860,516070,376980,388900
PT-00634,0,0,0,0,0,0,0,0,0,0,0,0,0,73200,53940,40800,0,30000,72590,50470,98620,0,145090,37500,228450,241360,113840,0,229610,476870
PT-00635,313960,319460,304990,326530,336800,419030,381620,309350,361740,820940,738770,585630,197360,288130,688890,604610,638870,914100,443160,318390,916070,581780,712500,1015780,384960,302500,590650,687140,683600,1084170
PT-00636,0,0,0,0,0,0,0,0,7120,10570,12810,52930,3680,33070,50340,3960,0,0,54050,0,89640,25680,0,51090,0,0,145800,11830,31960,62200
PT-00637,49090,0,0,13970,0,34800,0,0,0,50190,0,34590,10090,12320,4420,0,0,7210,16560,0,9040,14170,65870,58490,6910,51650,0,4240,0,6870
PT-00638,29850,48280,49560,158480,122660,99260,71480,204110,145220,154250,61090,56920,54620,40620,258020,131600,198550,305530,76170,49830,266800,120860,15000,100150,18720,224270,214180,223610,42250,97300
PT-00639,132410,143680,251380,217650,177910,218180,150120,247890,506020,483060,58650,114440,183320,160500,512480,349460,172340,253550,361350,122080,306670,212610,144110,309790,368270,157870,773380,483310,385940,500720
PT-00640,0,42220,0,2190,17510,8350,0,2990,4170,49400,12830,7050,3580,32480,60390,3630,7600,44130,11230,0,44990,12660,60630,0,0,0,56850,13510,11990,0
PT-00641,165370,174820,104520,0,163800,126520,0,95700,46460,0,36000,266920,59000,26060,45060,45000,56850,0,77880,256860,117120,107660,38500,69120,0,238170,257520,76820,72380,442590
PT-00642,0,2060,20770,2060,28320,14810,47640,0,31520,36530,7150,5240,0,37240,26600,4580,32890,20640,28490,4090,9590,13830,17410,22010,6530,0,20620,0,27910,56190
PT-00643,95070,68500,91740,136960,84850,289590,109980,135650,168320,156540,132560,259940,183950,117580,117040,162860,146070,223020,109640,130020,244630,181360,152850,103280,54490,97360,245950,179270,186370,150740
PT-00644,199800,230640,441240,186700,264190,187830,458780,158580,488280,181100,354190,298880,297050,253690,502160,258260,403600,454250,232960,266670,834340,456520,614430,790630,284200,509860,579990,196550,300050,294600
PT-00645,0,0,0,0,0,0,0,0,0,0,0,0,0,0,0,0,0,0,0,0,9330,32240,43250,84270,79870,25480,60830,69040,48680,75060
PT-00646,15440,13130,5110,4710,38210,2490,8410,46580,39960,0,7110,12220,7460,25790,5760,20720,8240,15400,7640,7110,6920,4200,4330,17520,13240,0,9700,8460,0,6460
PT-00647,376810,262160,433970,332880,213780,405680,179100,97490,556040,287160,386040,591930,190170,191980,375730,384520,458040,387060,315260,328820,285300,349940,436760,339810,218570,424420,446480,433370,283160,598960
PT-00648,22440,89250,268460,87080,98670,153840,86330,134300,188400,140040,122520,216350,207950,48890,262200,123860,23930,230380,131880,115420,99740,166450,162100,343920,144210,76190,247040,127970,201640,185330
PT-00649,81360,18270,3030,21670,40510,16590,36150,37230,22170,25260,67760,26310,12160,43510,91430,30900,61590,48860,16160,64910,61340,11610,17190,61900,43060,10630,58240,23890,64580,89860
PT-00650,981750,1410420,2742580,1809650,791200,1718350,910400,1750210,1383910,1244490,1837230,1623890,1341040,1937820,2749150,1926060,2329810,3513940,1290820,2898320,2724020,2299150,2731100,3116660,2441960,2861800,4081790,2477480,2239820,5003770
PT-00651,194500,78400,246350,85140,196660,186010,122080,404910,609010,414790,139850,365080,93560,785000,523510,115360,545050,328940,478700,406920,245370,761980,286690,409710,91980,746790,538000,163020,700710,1316130
PT-00652,15220,0,9980,2980,9380,15430,14260,0,9370,15000,4000,3320,77610,6110,12870,6810,15220,12680,29540,0,37690,12960,6380,9640,4260,6490,38600,0,0,5770
PT-00653,0,0,0,0,0,0,0,0,0,0,0,2840,3500,54890,21040,30150,11480,26360,0,45920,28670,38980,17670,41130,8040,8430,123140,18720,28770,71690
PT-00654,128710,220610,210250,281040,463580,462040,547390,177110,412310,412520,182980,639520,649650,588900,299630,582330,485540,96660,403540,616200,732190,383280,731990,936530,1009720,755490,717490,994900,515710,1194950
PT-00655,0,0,0,0,0,0,0,0,0,0,0,0,0,0,0,0,0,0,0,0,0,0,0,0,0,0,0,0,31980,0
PT-00656,26640,124380,35110,90650,41890,53470,76170,47200,150820,76180,71330,123720,37670,73780,113830,32940,32320,156230,146160,59360,63110,169240,52010,36350,165250,100100,143730,73020,0,123210
PT-00657,0,0,0,0,0,0,0,0,0,0,0,0,0,0,0,0,0,0,2990,0,0,0,23940,2840,10420,41900,2310,0,4060,27000
PT-00658,232860,170180,297350,279020,195860,343670,235280,428960,299070,324450,349250,827380,280910,466390,279060,405600,241700,1000120,505270,433390,298100,1075860,203870,893250,377630,687750,937470,306060,518200,664670
PT-00659,0,0,5480,3700,28840,2210,0,0,0,0,0,27920,73150,3520,39450,15840,15860,2660,0,14680,36290,0,29640,12470,6900,0,2880,17120,39280,20870
PT-00660,0,0,0,0,6650,12400,14710,0,0,19390,12210,50250,17860,81250,18260,6700,86180,33430,37820,0,3740,20500,36640,9770,0,28270,96070,21220,55890,7680
PT-00661,0,0,0,0,0,0,0,0,0,0,0,29530,0,43610,12360,13390,0,18050,53330,0,48590,3630,17040,97120,6760,10740,61230,52060,98610,20350
PT-00662,0,89330,0,13070,13770,14440,7200,12050,6870,65800,15020,18580,5520,4140,3510,12270,11690,9760,31280,2920,11510,0,11740,4900,13330,3590,7800,0,14100,6600
PT-00663,0,0,0,0,0,0,0,0,0,0,0,0,0,0,10880,45080,41430,65520,48100,66790,30920,0,53810,56110,32800,44680,110090,47630,78750,104420
PT-00664,431650,376460,650970,404040,424380,480020,425130,175210,1230810,360910,952610,821120,460450,774620,1260430,552460,773960,1035650,152040,316350,466060,242160,201530,511370,431120,595850,79030,336190,0,97110
PT-00665,0,46330,11440,32690,13650,0,0,0,47830,18740,22600,0,96270,6960,15950,7690,0,9990,0,5300,16270,25160,20200,108520,0,70480,88530,47180,0,2020
PT-00666,0,0,0,0,0,0,0,0,0,17500,7370,77060,58190,9920,51220,17860,0,0,0,0,84930,101920,59390,43830,20490,0,0,19440,0,20700
PT-00667,0,0,0,0,0,0,0,0,0,0,0,0,0,0,7920,0,31780,0,40630,0,20440,0,18870,106490,84100,60310,70070,83050,39640,51140
PT-00668,36350,58860,7890,30720,54660,73550,47960,31970,80310,15270,42930,113260,46880,48460,92330,38110,30650,63040,26740,64660,137890,50440,28580,170210,13980,129240,51110,45580,59090,116950
PT-00669,3430,0,24240,13290,0,10610,11250,0,78090,0,0,17960,104940,0,45700,20180,34950,39820,16660,0,0,49710,0,9170,0,73250,25130,55160,72620,109360
PT-00670,0,0,0,0,0,0,0,0,0,0,0,0,0,0,0,0,0,0,0,0,0,0,0,0,43000,67100,4460,34890,44400,45610
PT-00671,7060,5620,0,9890,24750,28310,4350,25500,104630,39820,7810,37450,8350,50860,8420,127890,0,82170,20420,0,13310,46490,80550,26020,6300,9880,60970,49660,50370,67500
PT-00672,0,46100,0,0,29010,41360,75990,0,90970,0,19840,44640,0,0,53640,0,0,90410,25920,43770,85360,84260,56130,118470,0,59080,0,35200,49630,27550
PT-00673,44310,146020,298530,230300,114600,57710,119870,190940,61000,86230,142310,247820,36040,103190,247860,57910,150940,128040,93360,109410,127750,179510,84500,99810,13040,88900,105850,111780,62890,207290
PT-00674,0,5310,31670,0,54140,11740,53060,0,7410,96840,2480,56280,37440,2090,3080,0,7240,25640,0,2260,0,3000,4770,18910,16730,29790,36260,37040,90880,145680
PT-00675,65120,58280,119310,13930,50000,25150,81200,56960,53160,37430,6480,14550,50490,108360,39890,45090,63730,61770,26670,15890,32830,5380,94670,40520,11000,23170,6300,16670,0,10100
PT-00676,90610,72500,87490,170860,87530,149150,27530,42450,38170,116380,117610,333640,45790,93450,68990,73070,116260,167730,165010,44340,132600,163090,45590,105880,69700,127130,154890,57860,101330,176510
PT-00677,138800,171150,430710,41440,594080,352990,305160,68220,445000,228200,477000,807020,334480,195040,306570,81280,249690,784680,629260,284720,914820,390910,76300,784860,531380,830000,908870,395000,509690,738210
PT-00678,14240,47780,0,124780,3210,30570,0,88990,0,5740,7830,45500,20970,56900,24200,0,26160,71850,21680,7870,74560,56410,30680,18580,11500,5240,64300,4640,6580,61720
PT-00679,80240,50550,56210,73500,39750,77040,0,23940,4960,8240,17700,17550,19580,13420,49940,51530,0,7180,21630,7820,5500,13070,31290,10200,11110,51440,9320,0,26150,33800
PT-00680,0,0,0,0,0,0,0,0,0,0,0,0,0,0,0,0,0,0,0,0,0,0,0,0,0,0,0,19860,12030,17180
PT-00681,58940,0,13020,0,0,22370,0,4800,46920,5010,15580,25710,70640,65060,11860,32670,14090,9900,23010,0,82310,18340,11430,10440,68870,42010,128710,46180,1580,60530
PT-00682,0,0,0,0,0,0,0,0,0,0,0,0,0,53870,6160,17110,165180,88410,137430,99510,28830,64520,54270,9820,25770,23040,205390,45810,121740,52490
PT-00683,1170900,792540,1755860,2051430,861500,1752230,1546290,1534120,2364610,2250260,1501200,2845340,1897320,1460890,2047180,1156490,2358240,2278900,1683910,2277510,3252430,1602790,2182780,2632790,1636100,1826340,3950370,2155090,3530950,4130620
PT-00684,0,0,0,0,0,0,0,0,0,0,0,0,0,0,0,0,0,0,0,0,0,0,0,0,0,0,0,25460,28140,61450
PT-00685,0,0,0,0,0,0,0,0,0,0,0,0,0,7190,112300,9320,0,65830,64990,6450,26100,19980,25340,34050,41370,5040,78230,144250,33340,5200
PT-00686,56880,90540,0,131200,0,49580,0,23180,60570,49440,102190,124620,183320,62270,66660,89010,0,100820,52440,58460,51740,28340,113540,92440,67740,80740,0,91060,0,62120
PT-00687,79380,96940,168720,49900,188620,125120,92310,80260,253880,318280,160540,308950,110790,153080,273400,192700,156130,196670,151920,24120,352670,268470,259270,176060,439180,625490,429840,389440,276480,331090
PT-00688,34150,24380,0,26790,63750,123180,15150,92300,10350,39390,38970,53770,33410,103550,72340,5620,70870,106410,43400,24440,5230,25710,100460,88330,10990,52260,109780,123540,44650,144340
PT-00689,0,0,0,0,0,0,0,0,0,0,0,0,0,0,0,0,0,0,0,0,0,32670,0,103200,0,0,37970,62790,113940,533340
PT-00690,47790,20480,67770,9980,54450,41260,41160,46990,23270,9510,0,83760,58580,50020,88290,73900,32650,17660,9790,7400,20130,66120,15020,95690,40530,38610,0,39650,50520,32790
PT-00691,38170,11580,15580,32170,3780,27580,34740,0,0,78380,25370,7610,0,32790,58620,46870,11910,13810,2730,6090,16930,27100,0,15620,12770,5160,9620,9390,9690,0
PT-00692,77120,61840,315940,232060,62980,111330,67070,33600,107000,67420,126540,250630,39230,36230,386440,73510,61070,197470,57970,117830,230890,295500,115590,257770,59310,178730,311690,126710,17580,334050
PT-00693,129930,33000,41860,68010,24360,163790,85860,54160,40400,144290,109980,45720,11840,43590,50190,0,39380,57050,126710,48560,44500,33880,47250,75510,64700,124510,102240,109750,0,135700
PT-00694,21500,0,0,34640,0,57600,0,41840,0,26800,0,32330,0,51300,40340,0,188640,164100,0,72240,44100,86740,87390,0,54460,17280,184300,27340,97370,44780
PT-00695,27940,22160,27680,27070,30540,34380,12760,39220,23280,30120,81040,34090,24800,8430,6810,23110,45060,67620,24580,9960,42960,60900,38330,71040,6960,9260,124450,113660,44150,40070
PT-00696,21240,20540,44890,25950,55000,23220,23740,10350,185440,25240,113060,95200,26100,46130,110470,65870,74100,52280,92410,56020,92280,66970,70840,90560,31610,41220,100050,166690,18610,66370
PT-00697,62860,136560,101630,64190,32170,199350,185930,108650,143230,183570,232270,326310,124150,120050,188110,148660,113640,307230,165370,113070,60120,23370,124510,138180,55990,87970,122450,178580,92030,45860
PT-00698,76760,16000,69350,13200,0,86580,0,53620,88410,43770,29030,89220,121200,25950,104540,150500,60340,39690,34680,12360,132650,114650,50900,131620,0,69170,72770,14000,36460,33000
PT-00699,67550,60020,54220,123060,135780,244840,58700,59200,42900,187110,115640,162380,78260,55610,181140,34190,26200,124900,41700,0,118350,3830,124060,43810,6950,36480,7990,29330,30430,40410
PT-00700,0,18600,88540,0,65070,47160,37730,23680,91550,166540,83310,84010,76470,41270,107260,37610,198450,133450,51880,27430,81250,52160,65620,132530,102700,30660,106790,71130,46950,21330
PT-00701,27320,18700,110760,78230,145530,199480,79750,122110,75620,98800,50940,209140,79810,52050,124400,117130,201250,293310,45890,75210,101730,153830,139600,172990,109380,99960,109710,41070,144840,100080
PT-00702,0,0,62710,0,59140,0,46800,0,0,0,53400,61220,0,0,123370,0,0,0,60050,87440,35140,32670,106060,78340,61330,0,147380,33730,0,162700
PT-00703,0,6050,0,16020,0,37090,0,0,50590,71640,0,113820,56850,0,4430,0,0,46400,2300,0,40780,61030,20610,8510,36470,6730,50140,0,0,7690
PT-00704,13950,48860,190520,25070,113830,134750,135220,43510,66220,96470,150780,120890,57020,45990,35890,72340,25080,72540,9480,52310,19490,58950,47920,49200,27020,12280,75260,52210,3680,9070
PT-00705,9750,0,14060,5150,6760,0,0,4820,51290,17070,13930,0,0,0,6300,0,5760,13650,72710,7600,37050,10380,0,100030,45590,31950,35800,9970,6600,13940
PT-00706,0,0,0,0,0,0,0,0,0,0,0,0,0,0,0,0,0,0,0,0,0,0,0,0,0,0,21660,42280,18920,52670
PT-00707,0,0,0,0,17640,55130,0,20480,47220,123150,117880,44600,141280,83410,163070,113560,264430,11520,122810,44000,64740,50510,54580,225120,199620,60380,108780,164860,75640,178840
PT-00708,0,0,0,0,0,0,8800,0,44740,24070,97760,120650,48710,69960,131170,30740,34160,51150,76910,85960,98320,99320,62310,95830,59730,22370,117960,52830,161050,92050
PT-00709,0,29050,0,59910,0,154180,77450,0,83190,64810,29420,18720,0,99460,32650,26660,68020,188480,21960,0,35830,25940,67320,69260,96030,103410,52870,91960,177000,24880
PT-00710,0,0,0,0,0,0,0,0,0,0,0,0,0,0,0,7600,12780,0,4900,45190,42900,49040,7800,8160,22730,10080,37700,0,9700,20440
PT-00711,2640,0,17430,62120,0,22250,12970,0,0,2970,73220,7600,34090,0,29300,0,0,40720,31150,51470,47870,38800,67710,0,45740,8950,22390,0,2350,48340
PT-00712,24120,13420,58810,7470,50370,18390,19370,19120,0,40630,8300,34030,49740,61090,33780,19560,27830,51900,42790,0,32080,20120,27630,13840,10890,4880,23240,0,0,29830
PT-00713,0,16770,11430,0,26900,0,0,0,6990,0,7800,7430,0,4800,4420,10450,10040,14200,0,5010,0,23400,43120,32310,0,12300,20010,4600,28240,0
PT-00714,13720,0,12200,123230,41510,0,0,0,83290,0,8880,148240,60110,15420,59380,18390,26960,0,12400,0,81680,58730,62690,37690,21960,110610,56630,0,80970,68050
PT-00715,81060,33360,364850,183040,200290,140400,245540,128990,90150,154760,131730,259470,147710,161760,171700,76030,251070,311500,91410,136300,87790,133370,124210,73410,83950,100560,130700,96470,0,227920
PT-00716,0,0,0,0,0,0,0,0,0,0,0,0,0,0,0,0,0,0,0,0,0,0,0,0,0,0,0,0,13130,63660
PT-00717,0,0,25900,0,0,29280,0,0,0,0,0,30980,7600,19320,30440,51740,8800,41770,0,0,0,34770,60310,13500,27040,38220,24360,11320,0,0
PT-00718,0,0,0,0,0,0,0,0,0,0,0,0,0,0,0,0,0,0,0,0,0,0,0,0,0,0,0,0,41640,15950
PT-00719,0,0,0,0,0,0,0,0,24010,0,36430,0,0,16760,92080,94500,11280,0,59100,52300,172060,45580,61140,0,46610,70590,178490,59770,31220,184180
PT-00720,46010,11450,130030,58810,40930,68940,64470,3100,72810,53370,186830,109970,48760,140320,60850,11840,11820,98540,173580,148240,175040,73310,77460,190410,210820,67870,150230,44930,6130,122700
PT-00721,0,0,0,0,0,7850,43250,58530,74120,16000,118170,74570,43710,7240,6890,0,26910,12680,12620,0,10430,185250,14600,56010,41870,13940,35410,7410,47050,6460
PT-00722,33390,12960,9130,0,7120,60380,0,0,8760,40510,18640,33650,8110,19150,2340,0,62120,40780,112730,6460,0,0,7080,9250,62220,4040,39280,13260,9950,14230
PT-00723,95360,407710,426360,291710,407540,508830,733120,743710,1326180,550080,970050,1400590,746570,747810,1872530,1030450,1230550,1902170,612870,1335860,1701640,1228330,1212910,1381430,1395630,1063000,2935010,1234180,1094230,1174210
PT-00724,55610,65950,80090,20800,29170,57170,24600,0,140390,90770,123840,156870,53260,82520,139400,49470,16520,86300,148310,180130,13180,33660,38280,114370,127510,125070,58810,112530,53880,70630
PT-00725,21060,3740,41230,12770,6100,26720,45070,12100,135210,22130,53410,97330,68160,10480,20360,57040,53190,183320,12170,67030,22790,46590,25670,40980,17930,24020,65680,4720,61220,53010
PT-00726,3419440,2577760,2836940,1926850,3486580,3692560,2466520,1328500,4082760,3950820,3516450,6918120,3784530,3465570,4966140,2809140,3080960,6394570,4445070,3000250,4206680,2641520,3295500,4244030,3063740,2687310,3621980,1808280,1374190,2600970
PT-00727,0,0,89040,0,35760,19800,75120,46360,32520,39310,19380,89950,58280,109170,216070,0,45600,105640,23460,21760,195120,189900,54630,172440,63600,256470,162020,58800,85410,166430
PT-00728,17160,0,36290,0,3690,45640,37710,0,25360,14460,0,0,0,0,9400,13240,43420,59790,3290,36450,17110,0,5920,30380,0,9310,15790,0,13340,22590
PT-00729,140470,26510,99550,165470,0,58000,21680,8940,0,31920,95860,44150,111670,90560,60890,36030,80160,53510,8190,9160,77850,0,20810,43740,7800,18030,10320,6300,9710,54210
PT-00730,0,0,0,0,0,0,14470,44230,0,12780,22840,65220,0,6840,74590,4190,24320,7030,32800,39410,13090,2840,9590,3350,7970,4360,13000,0,57120,0
PT-00731,95850,41060,35490,23990,0,110570,50200,7720,70360,54480,50810,149840,58950,64330,18830,90720,41340,117410,27270,68460,51250,46410,17900,84120,71810,81730,125800,35610,25500,54520
PT-00732,0,0,0,0,0,0,0,0,0,0,0,0,0,11860,37490,45460,6000,9540,59790,43370,52890,61750,45620,29100,8260,38430,55960,46490,36020,73290
PT-00733,0,0,0,0,0,0,0,0,0,0,0,0,0,0,0,0,0,0,7680,0,64350,105680,8430,22930,9240,23790,42620,17040,37460,98100
PT-00734,0,0,0,0,0,0,0,10180,0,2850,20570,0,0,28310,38990,23860,30330,38870,0,0,26360,11870,31470,2120,10680,40840,50110,28310,21180,59410
PT-00735,7520,0,8080,0,28590,57950,15580,2900,17130,13020,0,10650,3840,10530,0,8930,47820,71200,0,2540,26040,0,12850,84290,41820,2420,0,0,3730,5720
PT-00736,83100,87800,116230,95710,0,22950,16940,12370,4600,16780,145260,63500,81480,48290,86940,23000,15240,63120,27840,64050,27350,37380,24980,43880,40250,8210,51010,27090,23870,4110
PT-00737,99100,42950,136370,54620,104440,52560,27840,45820,159750,53540,108110,77990,147940,79690,29440,176170,55500,38260,83440,107670,107000,20180,94950,163170,114530,50970,77980,87260,40860,60770
PT-00738,128910,0,18390,21560,0,38980,0,0,59160,25800,0,128210,35310,93330,97560,54970,0,83480,0,0,50460,65160,0,23360,17780,37360,52450,20930,20290,84280
PT-00739,24370,19740,46210,18130,6420,92590,6520,39180,84170,0,24100,23150,3440,34240,0,96010,36250,41240,4400,14310,68680,67400,14830,14500,1880,81310,40800,7770,8320,22520
PT-00740,74240,83480,227830,97580,171740,109710,83910,66640,188610,124470,154440,296780,276930,198580,170800,131720,186990,159980,128780,83600,198760,22480,209120,94700,154750,203480,124580,198790,103870,213220
PT-00741,450890,357310,552980,232430,181650,446390,222250,429030,424310,402230,547320,267280,427140,198300,454310,425360,432840,376350,284120,390140,600930,350340,368220,491500,305950,294500,367090,374830,569290,389320
PT-00742,5260,61750,35780,0,7950,7240,4620,0,16920,12990,6450,5580,0,6510,0,42720,37120,4540,20040,58530,38290,10470,53680,8520,4900,41940,72880,8930,17670,54520
PT-00743,0,0,0,0,0,0,4710,0,11370,0,23610,30720,3980,2700,51610,17840,44280,36200,27420,10440,56240,3140,26120,44050,9670,40880,36710,51080,7960,46980
PT-00744,874840,1100140,1022740,925070,1104830,1393810,855150,593320,1407910,1094830,921700,1044890,1263700,898040,1440000,1581020,1067060,1569710,806560,2074350,2136630,1944260,2179410,2080410,1792430,1353220,2384780,1527670,2016950,1774700
PT-00745,17820,0,69440,1510,25020,3790,0,27180,44870,5020,4640,39050,8060,12680,2540,37310,0,35510,41720,28180,19840,65560,35020,0,46370,6890,0,62370,45270,0
PT-00746,330660,418430,625300,471350,238410,424680,185390,191660,743930,139830,466890,768350,202830,253420,765650,321880,407590,545340,208960,198820,386440,561630,404490,195770,354960,184560,473530,416860,550610,486850
PT-00747,33790,36280,109010,66650,39730,119860,74050,112000,96600,72540,76280,43240,34470,85270,34800,43770,140570,59410,55920,0,131900,73710,41370,115870,79140,10400,103740,48170,37680,152450
PT-00748,44220,34180,45450,0,11620,27830,6020,2580,0,8810,17870,45990,43910,0,28170,40420,24220,50770,4860,0,17770,53510,14550,29050,12780,32460,48950,18650,50630,55360
PT-00749,3140,9640,3280,6700,12830,0,0,0,30380,10060,30150,33420,7140,12380,2910,57580,6280,10050,0,75150,105050,52000,47650,20240,6840,13250,84970,3520,11330,21500
PT-00750,5280,59110,39030,157330,113160,14480,7890,125740,42420,64810,69600,11550,37760,47170,69340,129290,48320,125560,37440,30920,178000,12010,27250,98190,54620,35490,9040,17320,105060,94820
PT-00751,0,0,0,0,0,0,0,0,0,0,0,0,0,0,0,0,0,0,0,0,0,6160,0,52830,0,8250,7010,0,24880,7940
PT-00752,0,0,0,0,0,0,0,0,0,0,0,0,0,0,0,0,0,0,0,0,0,0,0,0,0,0,0,31070,8170,16030
PT-00753,0,0,0,0,0,0,0,0,0,0,0,56550,67740,5680,4170,5290,28680,0,0,38180,13500,0,17270,16290,6650,73990,62190,0,120880,54340
PT-00754,38950,41340,4240,47270,7060,6960,0,7730,104160,32810,49550,10420,2680,6960,4530,49070,5370,83240,11030,0,25270,48900,25040,16090,48260,15470,0,46980,6500,31020
PT-00755,0,0,71910,0,18400,0,73200,0,0,0,0,18760,0,0,57500,0,0,0,0,0,0,68940,0,39080,0,83950,24470,0,10080,9420
PT-00756,23920,124590,23920,76760,78330,153200,61550,51360,144330,68110,54610,57850,4700,40520,57870,130940,122370,96600,141830,16220,281260,100150,45270,215820,224590,97530,182570,112520,52210,236380
PT-00757,0,2820,0,69750,6800,69800,0,0,40970,13210,16730,31400,0,0,0,0,0,56550,10810,0,3760,38550,6600,8660,8930,2680,32090,36400,32690,0
PT-00758,54560,23520,299290,141550,0,17890,23370,24830,56660,33180,18010,94490,34440,52760,339420,68950,35530,52190,24330,26000,55060,97540,94500,115190,99430,116060,323470,89260,47190,136610
PT-00759,680280,758940,819400,511050,676240,972620,509690,437530,539190,554400,544420,744870,402730,632470,705940,612730,773090,809410,759250,436190,559450,656250,595780,821090,816120,631000,1082520,454230,418410,809590
PT-00760,28080,0,17880,23030,16060,41820,39280,0,0,0,46800,59500,0,0,55090,0,0,0,0,83440,52100,33220,22560,22320,11900,99030,13980,62140,52870,14630
PT-00761,49680,11940,36990,32080,50310,46290,59340,14180,86520,20830,98900,115590,61490,102390,146700,109910,28840,152890,84820,50480,101990,32230,63500,76420,18690,68680,115410,33530,236190,161260
PT-00762,6990,42660,72830,6080,66100,0,22940,29410,21580,47130,74490,76580,0,29850,48390,55570,83650,62390,78240,26070,10450,33910,34140,27290,84220,22460,47860,5950,11630,60590
PT-00763,1200700,1367410,1482740,2023700,1259100,1278130,745660,1083620,2834020,888240,1884370,4252630,1925580,1827660,3852430,1648730,2308480,2693390,1988650,1800170,2697850,3758990,3327080,3804670,2992550,3116560,4917140,3749710,4776420,4296670
PT-00764,0,38860,17790,11080,68480,9300,2480,12280,29050,142200,118780,78170,72100,39270,54550,11720,155250,140230,12560,21200,66380,49330,61840,114890,32830,25690,115850,31470,16870,94570
PT-00765,34640,10020,0,9510,10530,109080,10960,14840,8370,95870,42110,19000,56700,9560,121370,0,36600,114930,19980,15060,16510,16630,47300,75790,52040,7020,17600,46920,87200,33830
PT-00766,206640,192920,260000,172110,160140,272210,129600,147550,265240,245230,163650,291860,305560,244770,435730,95360,244180,461140,185950,148020,289690,142460,139630,325340,208120,323020,474380,311710,144300,401210
PT-00767,71850,201430,467200,67860,119350,285730,65760,106120,149130,231760,25680,136470,68500,92230,242300,58700,149380,219940,29640,392670,464140,161330,291330,272350,165230,197680,497630,440000,280940,310080
PT-00768,354650,301480,338860,371910,412110,639870,304650,249210,298340,322770,598680,586110,360790,206990,585940,294940,462190,557780,457700,378910,572360,469080,449580,767470,460580,365480,646460,392600,443910,640970
PT-00769,0,0,0,0,0,0,76860,6490,80340,0,46540,127690,37380,65380,62470,0,40610,8710,10830,15350,52880,50980,95790,110000,67890,46400,201340,56140,81400,63820
PT-00770,0,171820,288200,103230,208320,59050,88760,63180,185350,194530,315860,61120,59660,94140,153130,67040,105690,451580,165780,292120,452310,248650,326020,108500,345240,278960,320780,124640,283000,317310
PT-00771,85240,60580,103080,10360,84550,146520,82070,50350,41890,55560,55210,104570,15200,115610,68760,49950,0,76100,57440,0,79180,72120,91860,111040,124770,85440,26990,88070,64650,73300
PT-00772,0,0,0,0,0,0,0,0,0,19900,0,64690,8780,0,24940,5180,21160,103770,14210,41890,0,8630,23890,6510,4640,37400,13030,0,0,7530
PT-00773,18840,63950,53510,0,20300,0,0,0,17680,42060,0,14910,0,81460,93480,36250,77090,14430,0,48480,23200,29430,13110,157860,0,29370,94710,68800,137390,247660
PT-00774,0,0,0,0,0,0,0,0,0,0,0,0,0,0,0,0,0,0,0,0,0,0,3840,0,0,39600,0,56480,8240,31000
PT-00775,1416420,1657950,2190300,1186940,1881000,1752630,952290,1137710,2115690,669530,2099360,2634130,1106040,1853430,2872220,2810450,2509540,2332200,2935030,1968490,2707620,1972140,3570560,2745380,2399290,4036090,4877140,3680820,4770060,4589910
PT-00776,6520,0,0,0,3430,13560,135330,59350,29930,22680,3150,80690,68400,6670,32600,41390,90670,113680,51560,64320,118000,87310,37500,132650,20520,184360,165150,145550,65270,86990
PT-00777,0,0,0,0,0,56750,0,83200,289620,69080,59330,217220,111990,184700,335950,222470,202700,151700,106840,218760,203610,96860,65140,293370,170720,419830,271060,226100,136410,536280
PT-00778,6250,13110,10220,47020,11540,68450,23980,19650,13600,9320,46840,54240,31890,24440,21180,16030,9250,83790,30300,9590,56810,3980,57920,26590,3780,13200,0,54750,3820,17240
PT-00779,147430,222630,784100,30140,108490,313010,66450,31600,379260,211220,209340,310890,310810,342280,718390,100840,105310,140770,279900,51920,193860,252240,264220,287180,135090,343720,727610,90870,197700,148760
PT-00780,15730,92310,9520,0,3330,0,0,50510,93490,3190,59280,14320,131000,110790,9980,76040,107950,40340,0,32860,69290,16910,43660,134770,37020,57790,32800,128020,14870,106460
PT-00781,0,36610,16330,7020,5980,5600,7100,11730,0,47410,0,3150,29620,16680,9000,0,67770,7500,0,3240,11710,5360,23910,2980,6660,47620,0,6660,0,8070
PT-00782,2620,0,48860,29150,6940,61820,55340,41000,15780,4440,16250,39710,47530,0,79390,0,28580,35800,0,6150,43280,0,5100,27240,129450,0,13420,0,22380,7350
PT-00783,7300,15630,0,0,6810,0,8330,11040,0,9410,30590,0,0,0,21990,9530,11560,90720,0,0,17100,47500,7610,11450,0,3440,16920,56660,18000,2960
PT-00784,200250,45710,37960,103780,45970,89060,23150,24340,97620,53350,125560,114390,113410,50600,130330,115970,183180,155010,102350,78040,90310,54590,103840,220010,153190,81900,141360,39020,33050,89890
PT-00785,0,0,0,0,0,0,0,0,0,0,0,0,0,0,13080,25590,37880,32060,0,90280,0,29880,15940,14200,15250,36670,27500,17640,0,0
PT-00786,43910,20470,78730,12550,124800,32980,44720,72730,19820,22270,27870,128170,105570,48500,191440,22520,88280,25550,83960,21170,44710,62000,53390,63640,18610,52390,234050,155100,28800,58650
PT-00787,75330,117210,70520,125200,26430,308860,26780,103490,127400,69980,229760,111700,72130,132780,101100,128890,0,217000,61220,100290,101490,116230,35560,60510,64030,135920,91760,57820,196620,56600
PT-00788,16260,47700,75560,58510,41630,38450,65620,35500,51820,42930,57110,119280,52990,10880,145530,37340,85870,48260,93520,67640,48040,17540,42190,129900,59700,149190,66900,67650,72950,71540
PT-00789,6320,95790,0,9060,109300,23060,10160,34360,33170,16870,44210,22270,30210,13050,44100,6300,3960,17910,44080,0,16370,33620,27800,25510,31680,13480,26680,22110,2860,6580
PT-00790,0,0,0,0,0,0,0,0,30930,33710,20620,0,11970,30540,7350,31580,25950,54330,20700,5250,3020,5490,51770,6240,23010,0,11300,10900,7380,10620
PT-00791,0,0,0,0,0,0,0,0,0,0,0,0,0,0,0,0,0,0,0,0,0,0,0,0,0,3440,11400,0,0,0
PT-00792,0,3180,2520,4890,10340,0,11590,7630,44880,1940,17870,0,0,0,7680,2860,0,20380,0,20130,9360,30450,9300,53810,0,2350,37500,55610,2290,8030
PT-00793,23910,90320,89460,91450,78450,142570,68580,98370,96460,92700,95450,90200,54940,131730,160850,109260,104810,382680,156370,50970,152860,94640,140200,122850,123960,79370,165440,68460,205800,165430
PT-00794,0,0,0,0,0,0,0,0,36990,30970,0,27550,80140,83970,66840,58310,53190,27160,51430,0,0,33780,118280,154300,35760,203460,80850,0,64360,130190
PT-00795,134810,45800,133700,82140,176020,203550,174160,163720,316860,202850,170570,526500,265520,181440,191430,83700,222490,224350,68670,106340,176830,266090,140620,176490,255620,231510,130240,217420,143520,193290
PT-00796,0,88970,236070,11050,167580,155910,0,108510,100830,90260,174110,174050,26880,141060,126770,198500,143880,315810,56550,0,46950,88040,30750,53210,55160,0,19700,79640,53460,116850
PT-00797,405780,351140,597960,609070,460430,892240,443630,313310,402490,440990,367620,483760,357760,323380,449970,404080,473560,527690,414790,564470,428050,583730,473670,607950,374360,425740,566190,407750,653190,844150
PT-00798,0,0,0,0,0,0,0,0,0,0,0,0,0,0,0,0,0,0,0,148930,261400,93640,164950,426240,172280,221820,173660,0,178680,402060
PT-00799,59970,31880,14010,0,88560,22150,158120,56580,20110,59960,10520,47710,50890,95790,75000,9040,44710,36060,23000,43230,17700,11200,0,5840,23670,105500,55780,18440,77580,8930
PT-00800,0,130430,104670,27560,56820,103340,43170,51660,25610,0,22850,127000,85950,74040,29880,38280,22890,56400,8510,7350,10290,99880,0,116580,33640,33060,27530,0,31230,102890
PT-00801,0,0,0,0,0,0,0,0,0,0,0,0,0,0,0,0,0,0,0,0,0,0,0,0,0,0,8790,0,9360,36220
PT-00802,86210,12350,134860,70420,25420,36870,69520,82510,51220,20430,94910,112650,71220,3690,25670,105150,114440,110690,100650,74100,142470,103430,79420,142730,105330,85250,41540,23690,10370,89090
PT-00803,75840,27680,5530,78680,43240,42680,14080,16640,39810,0,4310,31650,68640,21440,62860,3140,7030,4320,2100,86670,0,39040,42390,0,2510,23330,145060,17600,33710,27400
PT-00804,11430,81840,271640,22890,95380,54690,0,24960,36480,120190,50310,99050,120640,68380,165330,97870,46200,146330,217050,37640,151950,82660,39800,226090,85270,98230,119980,139220,144200,259870
PT-00805,46910,5370,15930,135340,0,4620,4690,14420,30560,0,61640,5400,18110,31720,53920,6080,60550,70570,15630,54240,55090,29330,97700,42210,28350,19320,38090,19740,57900,110910
PT-00806,0,69750,58160,43450,62300,121690,42770,32890,101420,51310,134170,165650,66470,116440,104510,21850,29800,119040,101180,70840,102130,67840,17320,242300,18480,50960,238260,89710,104510,66280
PT-00807,4890,6480,59260,27630,13140,20110,58880,35680,0,29730,54290,25880,10950,3450,0,43440,6880,19630,20200,43730,10880,83290,8870,1710,5570,7230,35020,2140,47560,20490
PT-00808,0,0,0,0,0,0,0,0,0,0,0,0,0,0,0,0,33600,172920,216290,206530,107350,24320,87770,310030,134190,545350,269470,324620,280180,527650
PT-00809,11220,0,7830,73060,69340,36810,4800,12700,46260,33350,29920,21530,10630,56300,66240,30500,27020,55850,23770,8010,16600,46110,42380,52610,0,23100,6500,32860,22500,80760
PT-00810,0,0,0,0,0,0,0,0,0,0,0,0,0,0,0,0,0,0,0,0,0,0,0,0,0,0,69240,23200,15100,45340
PT-00811,272150,447300,671410,306020,410590,336620,274960,243310,709600,532410,391390,868920,528240,399670,562000,513710,317090,664670,507280,214070,488840,296570,338900,637430,226440,201500,580110,307930,424590,536220
PT-00812,411500,190820,346400,298570,155300,220530,357860,262630,304250,337570,538420,277390,178600,146420,285350,215290,580360,563940,383110,194070,247740,296660,527820,314830,328770,215440,636390,439020,381250,478040
PT-00813,0,8400,3760,44460,0,38310,11560,30290,14360,24180,8060,38020,0,28360,10610,6300,53040,64890,55240,13480,18220,42250,26190,30530,49160,17530,62980,53040,26540,88910
PT-00814,0,0,0,0,0,0,0,0,0,3200,0,8880,9280,32090,47400,4440,3660,31160,27620,0,2600,6660,3000,2270,6990,0,3120,0,0,44030
PT-00815,48520,87550,61400,63180,21840,82640,121900,94470,23160,31320,54250,65550,28760,59070,90120,119630,27000,53570,45430,93440,57320,33870,105150,113190,99810,45270,84160,46290,39010,46460
PT-00816,0,0,0,0,0,0,0,0,0,0,0,0,0,0,0,0,0,0,0,0,0,0,16330,0,0,1900,0,0,0,5280
PT-00817,14120,0,13170,2450,36650,66720,7140,6220,63330,9250,22970,27960,86340,20660,46850,21610,34240,34910,10410,59120,95550,52020,29670,88010,56670,12670,128970,22470,32900,34370
PT-00818,13920,40790,5460,41480,42020,0,33890,0,55730,6010,140040,0,44120,124180,45030,9610,48380,162550,39150,0,30990,0,6830,56440,0,55430,20090,6240,27220,58020
PT-00819,0,0,0,0,0,0,0,0,0,0,0,0,0,0,0,0,0,0,0,0,0,0,0,22200,104290,191500,167410,0,92870,263890
PT-00820,0,44160,109160,0,36630,37510,31140,124380,164010,60820,63080,90380,111290,127140,185580,53760,21870,48420,29500,87860,184360,98380,57170,136510,115320,91280,405750,15060,19400,146890
PT-00821,13120,0,14080,6200,0,0,10850,0,9280,12840,16390,0,0,26320,140140,45260,14820,75020,0,6660,56660,7860,13200,18820,32460,66790,30120,6100,21240,69080
PT-00822,25410,0,14270,33010,23560,15660,6720,0,15670,26860,2940,39100,32070,44430,5840,7780,0,55290,11460,18460,19260,14320,17470,24280,23320,0,30120,8100,10740,15210
PT-00823,36170,56170,29060,16240,25450,28210,40620,32270,40880,11440,48100,6040,45190,99460,81940,0,17430,55090,35180,14560,36300,57830,0,23490,6750,25710,7380,13440,11120,25880
PT-00824,8870,23310,58160,64030,101820,0,20270,15260,93070,100050,81620,34280,10020,171950,71890,90130,19360,82990,32460,70890,24250,54060,10720,94990,64590,76350,18730,35290,0,63630
PT-00825,0,0,0,0,0,0,0,0,0,0,0,0,0,0,0,0,0,0,0,0,0,0,0,0,0,0,0,0,58100,199740
PT-00826,384590,250250,283720,83810,196170,350130,248660,149420,259780,413990,203800,328820,301710,390240,443920,190950,167080,285750,216430,276480,255770,417880,349280,375470,175280,575750,443740,239580,390830,426980
PT-00827,0,17240,40230,40920,13680,15480,49550,51860,64900,49920,38030,99830,25570,33200,158000,36870,61830,152220,75710,49330,72030,53560,55380,142130,170260,5980,68500,44140,20290,91670
PT-00828,112980,49830,858320,265390,483340,696350,105700,575250,697180,374420,58800,702400,258190,196760,792910,496270,26160,846350,561690,175320,477530,689830,613620,697670,573520,1060000,621860,930210,969940,552650
PT-00829,60300,129960,124490,46540,165910,145470,104230,138580,204370,223280,131570,241450,70570,121010,259590,63460,43130,293820,164930,75710,194860,114180,139600,347520,118850,77610,263980,80350,78850,108170
PT-00830,1267990,480670,2316790,1495670,1055420,1384570,853880,992000,1368140,2169890,2743160,2150250,2193500,1336530,3754660,1879710,1515140,3684240,2646470,2138310,3262970,2885560,2591160,3778490,2969180,2456150,4266530,3035450,3282790,6138480
PT-00831,3580,70600,49700,41950,8440,36790,49140,0,6280,10010,35510,7000,23750,43320,50620,37300,21580,7920,18930,0,42800,80330,16550,60580,0,18370,31750,37290,57040,0
PT-00832,199360,244470,235580,72790,94070,231400,179160,50100,195640,109540,180100,311940,103770,132120,224900,306250,89720,150210,274120,76160,235430,54820,162290,165160,193120,115270,89720,259890,306270,251050
PT-00833,15110,0,16660,0,0,8260,0,0,49280,0,6350,40600,22280,0,14320,0,13600,4210,3540,5360,60690,72220,7330,8650,26370,0,15590,9040,6320,68230
PT-00834,0,0,0,0,0,0,0,0,10770,4290,0,29950,33890,13690,67530,63100,8880,10150,0,6580,8940,14320,25210,14600,40360,28090,7690,0,0,16900
PT-00835,0,0,0,0,0,0,0,0,0,0,0,0,0,0,25800,0,47790,36880,22080,0,76990,75330,13820,9850,63220,109870,54520,14940,34760,41250
PT-00836,0,0,0,22150,32670,31330,0,0,0,0,60770,38500,47290,0,64520,31390,0,15010,18820,9060,4880,14270,8280,103960,0,0,24140,79890,0,62360
PT-00837,31460,66600,37010,0,84630,159640,35180,38410,72100,36130,37090,76730,38670,57760,97010,73170,32960,29410,37190,48790,25200,30150,49330,33480,25000,25890,12360,7290,6400,8320
PT-00838,0,14490,0,3720,39500,13950,0,0,0,38190,3020,3320,5120,4380,93530,39950,0,7230,0,51280,11260,6100,0,33860,10730,15070,2660,13760,12080,28800
PT-00839,0,0,0,0,6190,0,0,13210,0,21800,43390,29530,3700,11560,83460,6200,2680,2960,0,5280,71190,54810,63630,97410,15070,142910,41900,6000,6760,94070
PT-00840,54250,0,32870,85190,2520,25330,58410,14230,15900,42440,4120,52980,0,57220,35500,23650,0,45500,11980,78180,69540,6300,24180,8560,4800,63540,78910,64100,18770,26250
PT-00841,288530,308780,265820,276530,257240,641050,235630,321480,506530,470390,432290,689860,468840,356070,411960,330080,434820,482960,297920,315730,373720,292910,209850,629850,334610,488320,443460,471740,491320,525610
PT-00842,0,2950,0,0,0,0,0,0,11110,8360,0,27430,6540,7620,11080,2650,0,15280,12170,6540,2280,3960,21160,22740,3610,8230,4180,0,11520,43150
PT-00843,0,0,0,0,0,0,0,0,0,0,30720,47110,40530,0,150780,115250,0,44350,46260,0,63640,26100,95460,55170,15600,27650,116350,61450,24750,0
PT-00844,65880,10850,39550,59480,35830,35900,20420,35200,0,10030,10740,36730,6250,19090,0,62240,0,55890,11500,2970,50520,58380,15660,41290,23930,32360,7940,38220,0,9460
PT-00845,89060,70200,105250,209100,193120,57540,106130,133050,158140,34750,77800,68520,118130,92500,79430,80640,190170,175240,110670,152550,32790,66430,143220,72820,0,114610,162980,29000,83660,162350
PT-00846,34930,0,0,0,0,34150,0,23310,0,3420,25520,0,0,0,4990,4570,11710,46430,2930,1660,0,0,3980,2670,3890,47320,2840,3530,3090,0
PT-00847,0,21360,15620,12320,0,0,25960,50870,0,87140,31670,44130,47680,9440,7620,20910,50380,74670,22950,0,38950,10400,39010,57720,121050,67590,36490,228880,87780,99820
PT-00848,227600,134550,111110,312530,278390,219440,73890,187080,387980,175180,161900,184530,64340,179080,214710,266560,56330,238220,46240,42130,283630,102800,94380,342690,157950,221260,145050,138090,48120,460840
PT-00849,84460,152740,150370,0,322310,138320,55600,47970,319090,106040,93660,160230,159260,134320,224630,216490,164230,324820,87350,34060,132120,140260,123380,290320,194710,411770,261180,315460,323120,326070
PT-00850,0,0,91060,25480,41290,154000,58310,0,196460,71330,61490,37440,0,19050,59270,91370,92250,153250,0,33830,11230,13050,3260,95600,5310,56850,0,14770,9000,0
PT-00851,2550,7940,4500,0,0,16600,7970,6360,0,8780,64880,6790,7430,50930,18660,11150,0,0,7240,0,0,0,7150,2860,0,49420,41130,3040,47000,20440
PT-00852,20400,55640,16620,26320,0,48760,0,14800,0,24840,19950,55360,37550,6810,14560,71520,92140,14960,72990,16470,108410,27850,73380,107140,45660,28590,76980,0,23720,235380
PT-00853,0,0,0,0,0,0,0,0,0,0,0,81810,84750,0,20720,166500,38160,44000,119550,319920,427260,285300,414580,336640,147850,150830,151060,83460,432450,216130
PT-00854,0,0,0,0,0,0,0,0,0,0,0,0,0,0,0,31930,26420,37460,14680,10220,21770,11850,59700,10840,30090,127180,48610,6760,62400,77590
PT-00855,111270,116270,355000,88960,129790,147670,250620,253270,132470,106200,159180,197270,141750,120170,213980,286900,114080,184480,194040,40790,187200,233760,252420,202480,185380,173980,426900,279220,166760,248130
PT-00856,3060,32700,12520,0,0,114220,100970,67480,117160,4370,0,0,88500,9520,67030,37750,0,0,9120,115500,136950,31440,3430,101140,42820,3130,4260,7490,30730,90490
PT-00857,37070,67200,62510,36850,120390,7360,60090,5040,27320,65300,79370,2910,55010,12880,69150,45630,30180,169350,0,0,38140,29510,0,3480,6900,28320,46670,12690,0,1910
PT-00858,0,88090,2140,0,18230,112630,32470,0,26980,0,43430,0,2830,0,3360,7370,37980,37520,0,73520,48450,17850,3630,31260,0,58000,59960,5930,75510,10900
PT-00859,0,0,0,0,0,0,0,0,0,0,0,0,0,0,0,0,0,0,0,0,0,0,0,0,0,0,51360,0,43760,56880
PT-00860,66470,74800,110080,51950,26740,109250,0,94220,107730,39720,68730,41760,108200,0,139330,25950,179600,107550,40140,5040,41320,62960,121620,269050,92510,24440,83680,83080,78450,88320
PT-00861,89840,116310,58960,171010,46170,193530,83940,93620,42370,79640,75980,211600,55920,203720,132840,59350,94400,54580,106780,24260,65000,73520,70560,33700,29850,67290,40310,78140,64060,164900
PT-00862,19380,10130,0,20340,1830,0,0,0,14950,13390,19280,2510,80680,3580,18020,8760,13030,5120,7350,9740,2970,63580,11110,16040,11110,8220,19910,7740,0,7890
PT-00863,0,0,0,0,0,0,0,0,0,0,0,0,0,0,0,0,0,0,0,0,0,0,0,0,0,10190,10600,55160,68710,92530
PT-00864,777580,773550,1585370,369330,1744150,1080470,1084830,567740,2530360,775410,1646800,1195650,2047650,996960,1987420,3007130,792570,1699840,1556630,757600,2835800,1789330,1537620,2204310,1626580,2905010,2378900,2035350,2052950,3870790
PT-00865,36390,62120,38080,54650,82090,181750,39280,0,0,134950,10930,131960,10570,65520,67820,50320,64930,56020,47230,23580,36480,38260,20000,135890,18510,34250,190190,51110,45600,113510
PT-00866,10700,33200,3530,0,6660,40230,9580,25250,9970,50030,39920,64850,75580,112090,17950,19800,0,38620,0,65200,17380,4560,2890,71500,105960,14000,24990,44750,8240,29240
PT-00867,56360,39550,44680,17300,49670,1320,92810,52440,6350,4740,13840,10290,0,87000,64510,4320,47450,15630,130480,6330,13620,43540,9880,80910,5900,64980,170520,71060,8240,96770
PT-00868,29320,0,7030,12610,0,0,3350,0,0,9640,72110,6410,0,24580,35080,0,0,7110,11720,0,0,10780,72470,28690,2760,18970,10580,60120,2100,54470
PT-00869,2690,0,58120,30750,50030,44250,78140,43970,29180,3320,31310,23320,25670,24140,90120,51460,129940,64460,78090,92180,7160,38020,10180,93980,66140,32270,52380,52550,125640,53800
PT-00870,73070,0,0,277180,220090,195840,0,147270,0,68880,253290,76050,298200,207760,169190,229340,162720,241140,0,282520,351600,229540,116160,172020,173600,0,385930,152670,95340,270700
PT-00871,40950,13920,60900,38490,54240,34950,8510,25210,0,0,48620,93540,49250,19150,150750,12670,51630,0,11990,77400,95770,35570,61790,68380,47170,53810,112370,0,0,19430
PT-00872,288300,399330,642660,417550,259950,501390,266440,302400,392970,421270,347720,403400,56180,229330,527750,338180,507360,520430,194680,395750,623450,242650,504460,709890,305730,507420,647280,286270,689210,693310
PT-00873,225950,191070,755630,177990,368290,212260,133150,322040,855060,487800,384040,599240,131480,904710,366580,409730,708290,644660,185880,292730,550320,417170,699920,667180,134210,176840,775350,417210,602080,442250
PT-00874,8910,0,3340,26040,0,16760,61120,0,34030,36700,44780,31490,6920,32430,6340,24170,2440,0,3070,29050,84770,2380,7440,20050,7530,3420,15260,14830,32170,0
PT-00875,5400,24350,15100,20060,9640,23400,5310,119900,0,39230,29400,118370,27570,39060,47000,29090,61980,46930,14010,12860,13300,22170,0,4700,24960,76060,16610,32090,29870,23450
PT-00876,0,0,1630,2980,35270,59090,31660,14090,29500,0,8130,98730,0,3080,0,0,48210,37480,0,0,12230,21730,9090,33100,0,21150,2870,28130,8350,13190
PT-00877,19710,90240,96270,45000,0,35120,48660,37170,18740,11700,0,56660,50600,49150,42200,24330,54720,77690,0,75920,45940,113440,49570,80730,56860,42400,150580,40140,66040,91720
PT-00878,22560,8370,76780,18540,0,63250,9250,25950,17700,0,15820,89590,0,11980,48950,13510,0,22000,17650,0,35940,7230,39250,97410,34080,15480,60430,0,7800,24060
PT-00879,0,26750,34430,0,22400,63450,22440,0,7860,11640,15280,20110,18750,8540,17570,0,0,9880,0,60960,29320,44010,39090,14720,13100,19440,0,14150,39500,14510
PT-00880,16600,32680,93790,21050,145950,153990,0,100130,146690,57610,74060,12500,43600,100060,100250,64840,74100,185760,31800,80840,54880,76550,29170,148010,136710,94490,202620,30460,91990,97560
PT-00881,30800,0,4110,47370,0,23270,0,61990,0,0,3070,8950,4780,7210,18250,22820,39020,7210,49420,7210,20660,38370,8060,41520,9180,1740,0,0,14330,2670
PT-00882,0,29800,62680,0,10000,37440,0,4690,13080,0,50210,75740,16080,0,12880,5890,1880,16200,59130,6860,55180,6490,29080,117490,30840,0,6410,37190,20880,28900
PT-00883,0,68600,165810,0,174880,133960,32040,23300,234150,164020,74700,186860,178890,70110,66280,97990,116630,81240,37700,20430,164460,54220,68510,258260,103370,295250,199230,110040,134070,356010
PT-00884,148760,441780,388520,452920,53040,440780,56100,172590,331980,239700,352400,499190,200400,472610,366520,438800,1017340,311230,274130,237790,583180,361690,649780,614130,314070,828010,478940,659360,287080,480910
PT-00885,54390,14160,7270,2420,22130,8710,6290,0,79810,3640,27680,8980,1930,20400,18300,11530,23780,38930,7880,9210,8950,11630,1420,0,16230,5520,50300,54550,2940,4300
PT-00886,26740,74730,4020,24190,114070,7750,35530,17410,0,35580,24090,33410,53050,54570,78700,0,39730,33990,138900,0,39170,56230,0,79650,0,2280,116020,60160,74770,0
PT-00887,0,0,337110,47460,0,23360,87280,21400,92800,0,59520,0,45240,0,123370,45250,163030,370140,88420,297430,48760,211350,87470,134360,70390,189320,0,47160,29200,370730
PT-00888,95580,8200,34680,34480,37770,5180,0,14490,10130,0,0,15220,0,26290,34020,15310,0,27060,19440,0,68240,46800,0,12690,6440,17570,0,0,3930,68880
PT-00889,0,0,0,0,0,0,0,0,0,0,0,0,0,0,0,0,0,0,0,0,0,0,0,0,0,66570,0,25390,6420,0
PT-00890,0,97490,109230,45000,37850,158680,0,163350,0,161330,61710,0,64900,38070,117060,131210,45760,271620,114090,120590,0,23820,182420,198750,256510,55620,264940,161360,220910,176970
PT-00891,104230,18400,66890,14520,105730,86700,65250,10460,78610,34760,83840,115360,61980,25240,47040,127950,145000,81940,42640,84010,179380,132350,112370,151750,66000,82600,110140,99140,166140,88090
PT-00892,0,0,0,0,0,0,0,0,0,0,0,0,0,0,0,0,0,0,0,0,0,0,5480,0,53600,4540,30630,9510,0,17460
PT-00893,12240,66270,111450,42580,62760,24840,44710,13040,122310,99330,68560,44350,68510,123200,282580,96880,113590,121450,81860,65470,124180,108370,84320,138300,17600,156120,59720,83480,217420,115930
PT-00894,5520,2440,29700,15000,0,32330,0,47310,5610,8400,44640,65880,25410,9790,4500,10140,7300,37950,0,20640,16520,4520,0,99500,0,9910,31250,82930,11670,28120
PT-00895,0,0,0,0,0,0,0,0,0,0,0,0,0,0,0,0,0,0,0,0,0,0,0,0,34960,0,111660,0,136140,192770
PT-00896,13260,30520,119990,152620,21440,94640,0,0,89490,128480,101600,127160,46850,27420,159450,105490,50190,106810,9890,97260,37050,81760,162460,137950,93680,70840,90670,91500,64510,63420
PT-00897,3860,44930,10570,0,11800,80040,16830,0,57400,12620,19010,46150,18190,121110,25860,15330,12040,37200,32750,31710,20680,43060,0,8320,8200,19020,50590,75500,57460,91130
PT-00898,34800,0,87190,2130,4610,77650,45800,50860,21470,6630,53970,90570,19100,78280,0,17740,28850,44800,0,2420,48990,0,119070,52150,16710,14090,95380,50370,27360,46570
PT-00899,16380,5190,34990,0,0,8920,0,11440,0,0,11710,8020,0,28950,8370,0,1740,11210,0,17600,0,0,2780,4170,0,16090,16630,15250,5230,20860
PT-00900,0,35750,37300,32440,12250,43050,69370,34210,48100,35660,34580,43480,41920,56710,24790,27540,36200,51250,74480,20140,69170,17620,91390,32600,0,56020,82970,61890,33590,25290
PT-00901,23360,0,0,0,12320,77180,3470,0,5640,15760,26370,10180,18610,46740,0,15490,14180,55270,21140,39360,13580,0,16620,14360,0,0,17350,23530,0,13640
PT-00902,82430,126780,335500,93300,55020,106270,205370,110530,444220,110770,291420,194030,92860,264640,304930,115610,217360,205220,132710,68600,86710,36140,31200,195540,103790,47270,85280,155000,29920,144470
PT-00903,180420,301220,376910,139010,224810,385990,226100,144980,325740,87870,165510,349480,321240,133930,514050,134860,334560,544950,211490,138450,243570,252120,422230,286190,209590,492780,412250,289000,198770,366260
PT-00904,7020,0,0,0,8200,12780,0,5080,15960,0,36410,26830,0,3540,7150,8450,0,4190,0,44430,2680,0,12580,4640,7400,45490,55810,5390,13140,14700
PT-00905,70560,45830,30150,3750,46400,40150,24760,48740,86060,106180,62260,76400,16500,162730,63110,4820,101290,107310,66200,0,63960,8720,42950,36510,4620,41930,53990,0,36670,27550
PT-00906,9090,20720,8210,78030,36900,23110,18940,0,20690,7180,36610,69400,53930,67530,41970,98620,39150,71960,30870,13510,101400,17810,0,55940,16010,37060,23360,40650,0,43910
PT-00907,16020,0,4680,29360,0,61680,15160,12690,9190,16860,40790,39120,9080,41250,48100,2010,10310,11700,99430,78640,32580,41570,8230,16750,58050,28390,58890,15230,8980,9280
PT-00908,121210,152980,47080,212900,51140,139490,88120,79310,173000,120100,78710,127220,63790,205900,153250,47100,121740,180540,69640,35390,237750,147530,276210,158720,271330,85600,119850,242990,189420,82830
PT-00909,76250,11650,53750,13010,16840,68320,64490,15020,124960,78340,49800,9450,22960,49820,94830,57580,32880,32040,77930,33900,61400,52020,109310,35850,38640,92190,58770,12780,6990,30690
PT-00910,0,0,0,0,0,0,0,0,0,0,0,0,0,0,0,0,57680,0,0,0,9920,0,0,26170,13560,0,106970,51930,88740,125060
PT-00911,26310,0,292940,0,40670,40560,38120,64320,111190,55300,0,164710,23900,25000,187090,82060,52780,62270,66130,70990,40420,27850,7150,74160,73450,15580,374810,8460,125390,53750
PT-00912,194620,107960,159230,355200,150210,279580,187430,23040,311340,181010,113620,396970,138610,43120,198790,168140,94230,114910,90090,186850,160870,190380,118330,162310,93260,259800,336060,291640,122320,251250
PT-00913,121660,0,405000,74110,0,78340,201550,262520,140710,145270,381860,103030,272700,144780,451770,87590,322350,77380,165320,60380,179560,245660,440090,296800,47830,279980,274610,239780,582620,291650
PT-00914,34840,36760,122130,11880,68510,49650,9630,26820,61960,76590,4100,70780,21070,34570,17050,45430,104200,34270,16420,3050,30700,54380,111910,101410,5690,29500,180170,45090,16470,9830
PT-00915,52960,26760,231820,84560,81190,160280,6420,18450,179400,91190,49000,23330,173750,57050,74760,90860,136690,52970,39880,111220,136030,28640,109320,78260,70310,95440,103740,59490,114550,92170
PT-00916,28580,39360,47610,10570,109380,46660,11510,19270,82860,84340,83640,188950,33090,7640,61710,15040,0,77750,47880,20140,136570,85870,49300,55840,30620,94520,57410,59700,136570,282450
PT-00917,73700,0,105740,14380,36310,36600,0,51660,14000,0,6900,4300,30850,3580,8980,0,10720,102300,53300,46980,24910,44120,27320,0,0,43120,3760,6100,41460,82070
PT-00918,0,0,0,0,0,3240,2730,0,0,0,0,3360,7330,0,0,0,0,14610,0,0,1710,0,0,12660,2300,5630,0,0,0,45870
PT-00919,12320,85170,8280,49010,129520,66110,106550,93290,46260,44980,48590,39710,28220,123200,142600,30370,48110,132620,63030,63760,139220,93440,159870,269280,57650,126390,45720,150750,63760,108490
PT-00920,1750,7870,0,7260,31750,29490,26790,14530,13380,0,12010,0,7300,34210,48990,4550,40830,87360,11220,6860,8240,3840,1620,5790,26340,15210,80900,10730,0,25200
PT-00921,19980,30000,48550,13920,0,56120,0,0,43170,98700,0,34500,43840,14950,74050,64410,33310,60820,56030,33640,49160,0,76850,12400,9640,16200,134990,70130,148270,58930
PT-00922,280850,151950,208640,164400,133350,259430,174720,92070,172300,248330,127100,108560,269380,75410,215490,110560,143950,270570,256080,353420,255270,111380,139720,198860,169780,136900,99720,215160,225140,305750
PT-00923,0,0,0,0,0,0,0,0,0,0,0,0,0,0,47100,68070,0,56470,80110,57700,35310,180440,17760,208460,81330,75570,80790,326350,200110,248370
PT-00924,122850,118310,96150,90490,108240,203580,89280,148370,121360,120990,179600,152160,86930,125670,197660,137520,120940,285270,125710,96430,279650,111680,39750,188750,94310,104780,23800,68430,145000,128580
PT-00925,46450,40810,222890,0,75860,63850,136690,80730,171480,96720,105620,119350,58760,72170,430070,79400,34610,89950,56630,57350,126020,86920,89800,170040,3630,170930,415520,20890,0,207790
PT-00926,38540,85190,108200,0,20760,50190,237220,55310,71760,183470,108080,179360,35530,172460,165770,86880,50160,274640,126760,147440,118810,297640,142560,180330,138010,176740,476580,246430,390700,228610
PT-00927,0,0,0,0,0,0,0,0,51860,0,0,12460,9900,0,0,9660,19400,27460,129840,18710,59540,8640,35160,38540,35760,7560,82930,13860,29330,54430
PT-00928,0,0,0,0,0,0,31870,0,0,80280,0,0,53440,0,15370,0,0,0,0,8250,42090,0,49290,18770,16410,0,38920,0,24440,21890
PT-00929,0,47880,71710,56900,84800,158110,23880,7740,7020,10520,73300,85120,87900,0,37280,26180,55540,71220,31640,12970,16050,24270,9800,36770,8600,54230,11560,34850,47130,48150
PT-00930,71380,26100,49550,150570,53590,0,91550,114320,41560,219970,37330,142020,130180,149730,148640,105450,134850,194530,41160,111620,195110,82100,139110,372620,98650,198740,178360,277410,54990,61210
PT-00931,0,0,0,0,0,0,0,0,0,0,0,0,0,0,0,0,0,0,87650,9030,50810,12020,4000,45860,0,53040,17160,10120,25190,11920
PT-00932,0,0,0,0,0,0,0,0,0,0,0,0,0,0,28200,0,0,0,0,52790,39850,0,31120,34360,86240,80300,54270,0,140110,32270
PT-00933,59790,3840,75820,10740,40930,15910,13850,26860,47370,7410,22490,56060,32220,6840,116900,33180,74090,9820,53740,9650,50080,8120,0,0,5910,20410,0,0,6470,18010
PT-00934,0,0,0,0,0,0,0,0,0,0,0,0,0,0,0,0,0,0,0,0,0,0,0,6010,3900,0,4050,121110,15200,85860
PT-00935,19520,190900,36120,0,121480,159160,0,131430,32900,46370,282970,206180,121580,99180,404570,74160,201360,258850,402300,327360,398060,167110,263860,442000,285540,37800,366160,103210,271550,138410
PT-00936,134280,83190,123700,61750,46670,117940,8900,100350,74160,75340,40230,81110,18470,5110,33620,72920,112760,183760,62900,51310,166240,83190,93060,51460,46440,2660,75400,113990,166820,139950
PT-00937,0,0,0,0,0,0,0,0,0,0,0,0,0,46740,0,38900,10440,0,22540,0,0,23310,17600,0,68890,0,28320,30580,0,80360
PT-00938,108680,8960,0,29140,25120,2020,2380,27280,0,17850,28910,5980,19340,0,17170,33720,30880,70970,22660,0,3540,0,124270,42080,2200,25870,91340,7730,61220,33900
PT-00939,0,0,0,0,0,0,0,0,0,0,0,0,0,0,0,0,0,0,0,0,0,0,0,0,0,0,0,0,0,4440
PT-00940,87330,66810,144870,38410,97280,101270,60050,12670,166880,118100,63270,127030,105750,242950,238150,143660,68390,44790,116230,80040,107750,92730,96480,135040,165640,130680,79580,81780,242500,226770
PT-00941,18380,15170,22440,6370,12520,8370,9120,23160,80570,60830,39340,0,5360,8390,13750,47970,0,11280,71240,39960,13320,40190,3560,15070,24840,10180,0,10270,32100,68900
PT-00942,28180,130650,50090,18290,12240,124060,5280,53820,63380,35190,50070,36940,25580,37430,55400,17140,19590,7720,34280,6690,28550,2540,0,8400,8730,16690,6770,16620,7560,14060
PT-00943,35510,64990,125090,9440,130600,21800,85290,0,31860,59170,45930,17210,81310,213280,30290,29430,131140,12950,85490,9210,65960,34180,105720,20360,0,56080,176680,43160,0,100520
PT-00944,0,0,0,0,0,0,0,0,0,0,0,0,0,0,0,0,0,0,0,0,0,0,0,0,0,0,0,0,60180,74600
PT-00945,0,56270,17290,0,68210,25270,0,25320,14650,46890,10340,39600,56500,2690,4080,41270,3540,48550,32550,0,2940,84320,66570,79520,39700,103580,3130,38440,81000,148570
PT-00946,0,37520,46950,38220,78400,19320,0,0,34140,0,52040,45900,22560,114720,59120,86750,30460,95440,15600,25020,27280,30810,76570,41880,27300,0,43230,31620,139940,95430
PT-00947,31200,19140,75820,22340,41290,100590,79670,42250,193160,68150,43160,84840,63940,59320,75210,40650,52840,108540,99540,70420,143900,83990,42120,174850,39050,71740,328290,84830,82940,134470
PT-00948,93240,211120,237190,106780,239510,144450,0,0,112940,185740,31210,271950,124350,188620,96580,242500,196820,275440,158790,431830,344960,161770,231650,651010,222880,363170,517120,421710,210320,599860
PT-00949,0,0,0,0,0,0,0,0,0,0,0,0,0,0,0,0,0,0,0,0,0,0,0,0,36580,0,0,15900,58610,11970
PT-00950,28690,105520,263710,9040,22960,60940,33430,13180,82740,43670,30990,193430,36040,39440,377420,29170,13480,26060,28460,140200,136790,58250,40760,60350,57540,51180,295490,68820,112000,90300
PT-00951,79730,140000,116170,110740,157720,207350,69160,28560,190060,204720,167580,104560,194620,94980,155810,268050,151330,102140,61440,139090,98050,177210,152140,191700,114720,97390,286090,176220,159090,216740
PT-00952,0,23650,24650,9560,0,51740,5100,9270,52390,86650,36570,13930,4440,0,39460,26520,54390,54060,36390,0,71180,3440,31250,65120,3430,2260,8680,25990,7520,45150
PT-00953,0,19210,0,0,0,0,32040,73500,42040,0,0,130890,0,18400,29660,0,37590,68780,9970,13780,0,0,0,0,0,21920,35870,52160,0,0
PT-00954,0,47430,0,68280,70840,49000,0,0,0,48440,0,56460,76830,84990,43100,145520,69920,59040,113380,115670,119920,413970,53970,104240,281910,112380,0,167500,196940,153750
PT-00955,0,2750,12340,4590,0,35360,26040,7790,31320,6550,0,0,0,53060,33910,6840,2490,76670,59120,15710,55620,6960,29930,0,51850,0,55110,14170,45640,64150
PT-00956,139320,182740,56660,28950,94900,45710,62440,92770,74360,14070,79020,88790,129060,39870,40500,29380,93590,68250,66310,112850,185650,101890,63920,107000,133510,14980,112000,75270,100830,123630
PT-00957,93150,112200,60800,123170,84980,74180,231420,26800,51800,87190,143100,145720,226870,102920,134100,25220,157200,208120,211250,153850,254110,54060,217920,162650,273550,19480,97350,42720,195800,212440
PT-00958,4570,10440,6620,46030,0,58650,47440,8240,93450,41250,68700,17850,0,41060,31710,50570,11550,94740,35100,11520,52110,0,15560,19870,54240,0,69850,73430,4640,53350
PT-00959,58710,27560,56540,65490,6440,36700,26880,18600,19140,30190,17890,190450,0,46470,74110,6430,75090,24080,23580,0,74490,15590,96020,38510,10980,16070,82570,21220,7560,106910
PT-00960,14360,20690,220590,0,8580,81780,7710,42360,184040,51570,72560,81660,104980,26820,425130,23460,114260,76400,96810,95400,154790,118460,103090,105120,154680,220990,489040,103390,65250,111300
PT-00961,30590,10350,6560,0,0,12320,0,5680,13410,0,4850,51450,6020,38450,16500,91480,4880,16060,18740,0,18320,10440,10060,26740,13740,17360,14110,0,4200,81910
PT-00962,31810,0,194660,47700,14980,10260,38730,17230,88970,0,52480,20490,14770,34500,143480,0,21280,15790,0,123380,72870,60860,92150,114660,45590,25800,165790,7550,0,111800
PT-00963,116540,159190,162570,164330,110220,277340,130890,98020,278230,78750,140170,180590,131040,217450,259690,106730,103330,214340,137470,53670,94870,205410,87910,161020,157780,174290,181030,124920,243240,299670
PT-00964,0,0,0,0,0,0,0,0,0,0,0,0,0,0,27480,0,0,6830,6900,0,0,16610,10800,0,87560,25100,19850,14160,15640,14980
PT-00965,33260,35830,84710,42980,2500,11950,0,0,60780,11080,28070,22450,38980,7350,3520,0,48460,31350,66050,4520,41530,5500,43940,82180,0,31370,33770,0,13440,35360
PT-00966,23600,0,24260,36830,4680,13440,0,6850,36690,68800,37430,46390,23750,62260,75600,7650,31770,31900,14640,13070,68000,35890,12000,60380,5450,60430,3160,36560,17910,55710
PT-00967,78000,249840,360640,336990,70140,422640,376060,155440,225430,191960,177450,512310,121170,942020,601100,127400,797590,510740,281660,610940,868730,248070,408090,424650,350060,200470,363920,255540,343860,951240
PT-00968,114510,0,66220,30260,72380,126860,86130,138520,88120,135990,35160,156910,130230,45220,190380,63580,95790,191210,24210,89690,167820,63750,97970,89910,9880,129510,170890,91050,252550,201760
PT-00969,72450,70050,10140,50100,26700,179300,23610,0,0,56730,9770,27290,44780,0,16310,28120,0,16840,9600,0,0,140150,36260,18180,20580,17780,23660,0,0,41760
PT-00970,17600,282930,794740,250940,180620,192590,210640,238910,215230,177170,249260,384930,140270,247810,604800,41370,228090,243500,236440,233340,399460,170740,360550,449320,157210,253140,817820,160950,279280,213910
PT-00971,0,34960,0,0,0,7870,57280,13120,0,29140,6720,12620,12040,17500,12210,10990,6870,32590,0,6540,3180,29250,5240,29640,0,12110,7960,81070,1620,2880
PT-00972,899010,762110,1305130,577180,1153200,1277510,812210,534860,712060,345890,873280,859610,863470,582500,1087360,885220,296750,806160,763200,351830,806600,642530,555310,1356570,1147640,381770,958150,437660,448930,889840
PT-00973,56390,0,7800,0,35320,95040,55130,7130,33640,55720,90230,39310,7140,7390,102500,7000,18600,0,16110,0,98300,33950,11950,44610,77520,12270,76010,65320,57130,28420
PT-00974,130650,134370,154430,208390,86320,370530,165530,72240,269700,361660,310620,222270,161510,262820,266070,150780,74040,109620,50940,128500,289060,71240,137890,120600,80200,145290,82020,100180,40150,99480
PT-00975,9100,0,47940,5190,9030,14420,11470,0,31380,18370,0,25590,9570,11670,33680,0,15080,46890,6130,8940,0,5490,55780,13330,4590,11510,12360,6900,39920,15670
PT-00976,4080,21950,150410,38770,59470,163620,76240,46770,123770,63290,133580,110870,45470,65850,58820,27840,51200,101420,78480,45230,78770,13970,24620,41620,78450,38920,81680,28310,39590,110890
PT-00977,362590,577040,564420,464430,403860,805690,223700,160010,555240,269000,351140,762570,543960,495300,475160,612960,903530,460230,482960,481530,862210,739880,395940,884370,458830,655410,1178220,608790,884880,968680
PT-00978,0,0,0,0,0,0,0,0,0,9380,17240,2390,0,0,0,4140,6350,0,28440,29280,5480,7440,20150,0,100410,3520,2400,89430,17520,18000
PT-00979,39260,231990,81260,106600,89440,208110,43860,80320,239780,91680,195440,248310,0,0,188800,281290,46080,0,114560,38220,81600,333370,120060,177070,149890,354280,434690,432610,294230,337800
PT-00980,0,0,0,0,0,0,0,0,0,0,0,0,0,0,0,5840,7880,0,0,0,0,0,0,43040,5760,11000,19260,25950,33760,6490
PT-00981,21760,79610,46420,32120,9170,26640,0,6590,55800,64050,6510,134000,85840,5940,51980,17970,44680,15080,3420,47360,122110,4760,138190,49840,15800,12080,31040,29270,3770,48480
PT-00982,27290,0,27500,0,0,61360,5280,5040,34890,13700,13100,98270,0,3090,10990,8630,0,20600,26500,5270,0,44320,5760,0,3540,20220,7160,28800,15980,11430
PT-00983,329900,473620,573440,619790,731780,589600,515140,415290,617290,213490,868100,1489940,879750,721690,670020,778470,1383210,926400,715630,962790,1721490,826120,813110,1173520,870090,532130,1762400,1220900,1006840,2050590
PT-00984,0,6030,20730,17370,6780,30430,2420,59110,6800,14550,41470,7220,2610,5510,13040,31690,113720,0,37040,0,51970,4710,2050,0,0,2370,0,0,26880,56350
PT-00985,10930,6720,0,5540,62900,46600,0,0,17600,16600,2600,3000,3920,0,9400,76150,0,64840,1710,0,72650,66870,48100,0,19210,5430,36850,50390,55720,43680
PT-00986,291090,405510,529680,335830,216560,369870,111470,96270,320580,195200,275560,439170,234030,187100,13200,95710,312210,519470,210630,131510,362320,304260,273020,373560,134590,382110,239140,186810,452250,298230
PT-00987,28150,58820,23030,0,20810,20470,27960,25520,110690,0,0,6100,0,96480,0,16920,41780,56800,4270,56680,43620,0,100240,36090,0,25440,8140,0,0,11050
PT-00988,0,12870,45070,61700,3040,34220,2520,43030,116820,4050,11080,3440,0,18390,3940,0,9620,0,3270,8400,0,17980,13780,3240,9840,6600,146560,39010,12120,80680
PT-00989,1370,0,4810,10580,82990,14230,7070,9290,25700,11260,0,1670,22860,28250,70500,0,9420,10720,56160,19970,15440,15840,17200,35100,9900,39320,2280,30790,74290,28150
PT-00990,86240,37980,145820,39010,162040,55310,194320,0,90080,128320,129020,91580,116180,80650,161140,170360,240200,250510,153950,23140,112230,298160,93170,183500,60390,0,125330,206210,145510,302350
PT-00991,20600,37700,57510,0,23340,19380,0,12800,48060,40880,38800,115380,37800,0,0,0,22240,0,60140,0,0,13680,109660,117210,21970,69760,87280,64680,17100,108040
PT-00992,39000,29760,101840,0,22320,72730,0,0,0,0,0,0,28080,103540,66310,0,0,57430,0,11050,0,18900,67720,39840,53730,70540,37780,78500,102660,11660
PT-00993,15380,42790,130120,64660,3160,63660,26920,22520,64570,10680,8310,66970,24340,31580,28020,19010,90590,73760,33820,26980,38930,46490,129100,90140,65190,63010,53390,100150,64870,45460
PT-00994,0,0,0,0,0,0,0,0,0,0,0,0,9520,0,18740,6460,23730,0,0,0,19580,0,0,17250,22740,14040,14920,18110,11040,4520
PT-00995,0,0,0,0,0,0,0,0,0,0,0,0,0,0,0,0,0,0,0,0,0,0,0,0,0,74930,51200,44390,78760,68380
PT-00996,55410,21750,23780,6250,41390,95260,51590,18200,53550,53490,18090,134190,31340,96680,163790,0,32470,64500,79890,8810,68020,0,110240,219100,77190,37460,99060,164020,132010,134200
PT-00997,33850,82950,45020,33530,30800,85570,41390,0,82140,47640,52140,63990,15240,5280,83480,36020,24270,104460,16520,0,83850,81810,46890,61100,93700,113370,77250,99430,43120,80940
PT-00998,521400,280710,359040,291750,586060,947230,690020,215950,799740,374000,406860,636970,466150,713940,890390,762690,668070,892310,513810,561820,658560,541720,772490,877770,635090,457950,781250,552060,698490,1253480
PT-00999,2230,7450,48140,17230,2850,4300,24820,7930,67300,5470,36080,11320,0,16110,42440,35070,27990,111470,25470,65800,96730,39770,73700,45350,17400,15410,10970,6520,10740,21280
PT-01000,110680,18870,154780,8040,22630,0,9700,74490,86800,21680,78490,58260,62280,0,15470,34930,0,55850,46510,0,18440,9250,135920,28360,15360,21150,21490,0,102620,77610
PT-01001,9450,57230,233000,79820,111920,79710,0,69200,76120,64950,16160,115540,18250,9190,161800,64230,3840,26480,74770,37460,31680,103570,57020,114400,48350,65030,470420,58990,42580,18520
PT-01002,0,0,0,43990,25110,4280,4720,19700,8090,103500,9350,40870,0,37650,62360,3310,33650,91570,42350,5720,50310,121060,59250,67260,54530,9460,8720,87360,143410,160970
PT-01003,103790,97640,119130,57300,41450,32490,8080,77580,49680,10820,23660,46770,45790,43350,61770,0,49180,93250,66620,0,0,42260,11750,98540,13010,0,22050,16370,5010,14520
PT-01004,0,0,0,0,0,0,0,0,0,0,0,0,0,70180,49840,0,3690,8450,0,100270,3010,4560,5280,23910,46920,35590,12080,22440,0,58950
PT-01005,67940,0,38150,58730,50380,57240,21970,117250,19060,20580,57430,47930,44830,43340,72930,82370,23270,47600,18280,83850,0,0,137340,0,20900,35580,136430,0,87650,38220
PT-01006,0,0,0,0,0,0,0,0,0,0,0,0,0,0,0,0,0,0,15980,19800,35670,40580,39920,53170,43200,123610,61350,29050,55510,285980
PT-01007,0,0,0,0,0,0,0,0,0,0,0,0,0,0,0,0,0,0,0,0,5080,61020,0,20150,50010,0,8970,33510,4000,19270
PT-01008,0,0,0,0,0,0,0,0,0,0,0,0,0,0,0,0,0,0,0,0,0,0,0,0,0,0,0,0,31470,0
PT-01009,0,0,0,0,0,0,0,0,0,0,0,0,0,0,0,0,0,2920,0,990,2560,0,11300,5310,17970,2140,18290,1510,4080,11170
PT-01010,0,0,0,0,0,0,0,0,0,0,0,0,0,0,0,0,0,0,0,16330,76910,0,0,120860,0,28840,82250,116010,49280,62080
PT-01011,33120,0,0,0,0,0,73030,36340,112800,30720,76760,132280,115080,0,78400,165690,109390,155130,44920,39050,98270,118870,109480,133770,0,33000,103430,23760,39390,0
PT-01012,65310,32960,37290,75880,66860,100380,33760,155500,163840,112920,43900,168710,125450,26120,125160,47250,182380,78580,32300,0,141540,159210,111260,29190,111220,89350,183430,27440,110070,87930
PT-01013,50410,99960,57410,235640,287810,212440,198840,0,123410,229270,157000,274490,229260,139460,181530,217560,225140,156860,387580,20600,201860,16840,247290,264260,151580,207790,286390,123290,312150,176290
PT-01014,28840,27780,0,0,97460,10380,13500,85200,59460,5100,67860,56840,39440,43850,30030,85860,77380,108030,91360,41040,0,90850,37220,61450,21860,7060,118070,19360,45700,75490
PT-01015,146760,0,116710,179690,92700,71200,129930,42000,292680,82940,60210,261180,100100,50550,247930,145010,104910,254860,101270,285480,116470,159100,52380,210290,118740,179950,117540,427610,245530,252020
PT-01016,0,8790,20550,6030,0,19350,53960,26370,0,6600,0,43120,21260,5750,8620,6950,7110,0,26540,0,0,2900,4290,2450,0,25070,20380,2670,0,42170
PT-01017,0,76640,0,28400,42700,41990,57600,69220,71120,21220,177340,0,0,135650,56400,68320,45100,103200,57560,42000,41450,0,68330,169300,40800,137360,316120,54800,87430,86980
PT-01018,0,0,0,0,0,0,0,0,0,0,0,0,0,0,0,0,0,0,0,0,0,0,0,0,0,0,0,71190,86440,135760
PT-01019,0,306460,327880,592510,0,231720,167610,103870,410890,117510,399390,369470,369780,701520,510600,569630,231090,747800,469180,717280,1333360,758580,550640,725730,108820,740680,193810,485800,770230,931240
PT-01020,5470,0,0,0,0,19740,27400,20880,32340,28360,45680,55480,12620,0,40720,18540,17460,22140,0,0,0,96500,97310,50120,31320,44140,79950,46290,10440,30280
PT-01021,73100,3160,77580,73290,66310,23670,124040,42880,76570,0,6100,219690,37290,18730,68260,171180,38360,191170,4600,61200,18450,0,47940,119710,29600,46630,74510,22250,38210,116810
PT-01022,0,0,0,0,0,0,0,0,0,0,0,0,0,0,0,0,0,0,0,0,0,0,0,0,0,0,53620,0,0,49310
PT-01023,23470,43880,4360,10710,26130,91220,89040,42910,0,6480,0,53890,0,0,6080,4230,27430,63770,81380,0,26660,4650,12840,0,69860,66020,20140,11700,0,55530
PT-01024,0,17360,0,0,0,4270,7700,29860,18490,5350,0,0,30420,108610,25360,33720,21470,30100,40580,0,11210,7410,19600,39830,39520,5200,4240,0,0,0
PT-01025,111980,460250,816550,265200,535650,545570,1086340,592520,256360,304860,585700,756260,565730,392270,1564600,917030,55020,1051310,238880,154840,809010,506300,1307570,336890,181680,476570,593390,1333260,916830,1308850
PT-01026,30330,0,14360,0,0,23160,0,0,26960,0,20960,14000,46810,0,41560,13720,36200,73810,78690,24650,22250,0,28710,12000,0,92900,0,0,22540,0
PT-01027,45150,38870,47800,0,8260,73950,72720,52710,121800,9250,39870,0,73240,6580,273370,4120,28310,83520,90120,41690,79860,145370,147090,56420,10450,18270,118030,13020,95900,27460
PT-01028,191090,0,77760,230230,85410,145780,160000,55080,68910,78520,181540,156150,80460,221330,189800,27900,36750,36640,110980,27940,34340,41470,87330,226500,0,63240,232480,54360,215850,202490
PT-01029,161360,63230,151400,123440,145060,198160,86600,149970,276800,218760,145090,221630,200730,287230,304340,207120,184050,318660,130890,146170,330040,244750,191200,306980,180880,209400,540390,235790,350430,415430
PT-01030,0,0,0,0,0,0,0,0,0,0,0,0,0,0,0,0,0,0,0,0,0,0,0,0,0,0,10860,2970,6670,0
PT-01031,0,0,0,0,0,0,0,0,0,0,0,0,0,120090,52380,82740,396220,375110,131700,147980,425280,228780,277130,179620,82880,148620,331350,34200,158360,387210
PT-01032,17840,0,125760,35780,107250,134520,81160,62400,195200,76400,178550,273480,55830,182850,265950,22540,153470,207730,259350,151750,208490,131460,100600,141110,211010,226090,190380,122000,243020,276210
PT-01033,130180,240660,469640,54600,89930,156120,99060,105360,104290,72490,243600,316340,176460,133710,620140,92190,17460,339770,149110,97240,177490,109920,71370,178710,276320,152250,523250,81520,248120,230600
PT-01034,109800,95110,64260,51330,78440,114270,12240,49650,130080,123340,39690,113810,68510,141690,97180,40760,86530,157410,61300,97180,96590,69700,108790,190720,109190,150850,59620,62190,199110,27930
PT-01035,39960,55620,105720,57600,36460,64030,79010,42680,39200,76380,80080,163130,13130,59210,22990,42090,30590,108730,0,40410,139550,121810,117220,174500,44480,42620,166810,60400,32680,80690
PT-01036,0,0,0,0,0,0,0,0,0,0,0,0,0,0,4740,10350,0,17980,8720,14690,69210,23520,52040,2420,0,1470,24550,12360,37600,0
PT-01037,8410,30890,15020,0,10210,124900,0,0,16590,6160,39880,17440,17890,28160,31760,2490,0,60230,2940,26290,44240,0,7800,15240,49650,0,51520,12480,40880,36760
PT-01038,0,0,0,0,0,0,0,0,0,0,0,0,0,0,0,0,0,0,220120,268930,0,200080,425850,300100,405100,303890,524620,366590,537600,742460
PT-01039,83290,64100,85980,60300,79900,204510,42540,119590,137350,35480,132490,111660,41550,148360,144960,54100,40620,55020,112310,166690,86100,139250,74550,130120,24460,264310,153800,111950,115030,195820
PT-01040,204960,83020,99480,0,65520,74820,79080,0,0,115880,104460,46500,223240,110800,157970,42580,77380,34570,57120,59700,48150,76460,10850,0,34640,105460,86130,39600,62670,14700
PT-01041,0,0,0,0,0,0,0,0,0,0,0,0,0,0,0,0,0,0,0,0,0,0,0,0,0,0,0,0,0,91570
PT-01042,0,0,0,0,0,0,0,0,0,0,0,0,0,0,0,0,0,0,0,0,0,0,2260,4370,5530,0,5320,41920,1380,13660
PT-01043,0,17300,78340,74680,4000,20600,9720,12410,36700,28480,3800,54110,44110,41870,82960,8290,10800,81480,80210,43740,32280,20710,77010,9240,14050,40770,191350,16340,8440,30820
PT-01044,0,0,0,0,0,0,0,0,0,0,0,0,0,0,29400,0,0,22080,0,0,0,21880,12950,47500,0,111300,8060,39240,17780,54530
PT-01045,1162690,1210500,1412250,796070,650560,1411000,888410,786190,1446390,1261150,1606210,1772680,1320230,2233550,2285440,1054320,961380,2294550,750390,1173210,1899340,1829370,1087440,1863050,1521670,707830,1930450,1165110,1775450,1775420
PT-01046,14400,73580,196970,52610,36670,55540,37770,25470,0,33060,32310,62100,135940,99550,219210,0,39670,64640,45170,0,22870,89370,122120,177650,44850,40600,127210,13950,48980,62620
PT-01047,0,44370,19440,34440,0,30360,0,0,106790,64200,72120,41670,0,34220,100050,107930,64610,63230,50380,36840,20160,219980,83600,107880,16890,36760,185020,51860,73980,89040
PT-01048,90410,105830,12700,70500,68660,63410,10220,84100,31590,64560,75920,54900,108450,24420,43870,0,128740,132130,141750,145170,131390,111160,36510,64710,101970,105670,113430,154350,137970,77680
PT-01049,0,0,0,4860,8970,14900,64540,0,49840,36570,99780,91660,43610,48720,34040,55030,13520,72940,9630,13960,9560,25170,37380,73670,15450,58430,110580,18630,56920,32380
PT-01050,22780,0,18480,128420,0,28590,21160,0,0,0,0,80380,0,0,20900,29720,57340,32220,0,0,33400,72700,0,16160,40540,33800,11280,16800,22740,7520
PT-01051,0,47060,58340,53600,20750,83830,0,90470,19240,14430,17260,21140,21410,32470,17360,42770,0,77480,11240,16610,183470,4940,154430,242520,40390,36270,93610,26960,158560,23080
PT-01052,0,0,0,0,0,0,0,0,0,0,0,0,0,0,0,0,0,0,0,0,0,0,0,0,0,50760,0,28330,23750,1340
PT-01053,0,21660,6370,16180,28890,35570,0,3860,19850,51870,4560,50980,8380,42650,6850,46980,24120,25820,7220,5740,6990,15770,7520,4440,15240,19480,21190,17750,4160,72030
PT-01054,0,0,0,0,0,0,0,0,0,0,0,0,0,0,0,0,0,6450,0,0,10360,0,64650,145300,16520,15700,126330,34130,0,78250
PT-01055,177960,172090,301960,172230,29990,209830,78250,98730,328930,337630,174700,274900,101860,217260,159310,53710,124080,186340,180960,151680,194870,132220,146270,65490,64060,152420,73210,117640,67590,205060
PT-01056,0,0,0,0,0,0,0,0,0,0,0,0,0,0,0,0,0,0,0,0,0,52080,79110,194080,45240,227910,594430,860500,607980,639480
PT-01057,0,0,0,0,0,0,0,0,0,0,0,0,0,0,0,0,0,0,0,0,0,0,0,31900,0,21140,28660,0,0,0
PT-01058,230430,49290,185390,66570,252190,180380,150130,0,193370,178460,326810,506950,100360,375950,347150,209650,288250,457190,30660,156570,61300,165580,475870,380370,179410,184660,326210,121750,190180,573030
PT-01059,0,21330,0,0,0,56200,0,40090,0,11660,0,0,42140,34490,75960,0,18050,0,112020,30710,31830,90510,11980,12850,77510,11820,0,18330,0,12720
PT-01060,0,0,0,0,0,0,0,0,0,0,11880,9360,39310,36490,0,77770,29060,113870,21380,15040,28620,53480,50870,42050,17840,0,64740,0,9490,62840
PT-01061,0,0,0,0,0,0,0,0,0,0,0,0,0,0,0,0,0,0,0,0,0,0,0,0,172150,89570,175930,248960,75440,537070
PT-01062,7720,29750,60200,13800,29330,4980,9710,8660,55960,9500,76210,74060,0,15990,9490,58050,0,128980,2900,66740,9300,46190,3330,24640,31910,25730,39490,62600,24340,3400
PT-01063,67960,77600,214560,15440,23700,114860,0,39180,127240,71830,174070,80680,113290,143500,232700,44000,94980,162070,40170,67340,268760,23520,70260,191340,185010,32890,255820,227680,488980,275930
PT-01064,0,72020,57350,40340,75580,76620,11040,40220,54120,69100,59300,85470,15660,88910,97500,15220,14640,109240,37970,24610,119810,79900,113240,62360,51460,89390,30410,84500,51300,66040
PT-01065,0,0,0,0,0,0,0,0,0,0,0,0,0,0,0,0,0,0,0,0,36540,11780,51620,29300,38070,11560,10420,123270,0,8850
PT-01066,7160,52060,50140,52890,63540,46640,59370,25820,85070,35620,62600,86680,80620,42890,74700,36970,27000,103800,37330,36150,85830,8130,21450,43110,0,42880,9930,0,34310,43740
PT-01067,0,0,0,0,0,0,0,0,0,0,0,0,0,0,0,0,0,0,0,0,0,0,4640,0,0,0,0,0,0,16750
PT-01068,0,0,0,0,0,0,0,0,0,0,0,0,0,0,0,0,0,0,0,0,0,0,0,0,0,0,0,22110,84440,83700
PT-01069,282000,427810,450470,258870,225380,243740,237080,148730,334160,276440,368950,392900,253970,400850,408910,365920,250220,475870,206580,158710,398030,318430,614440,587290,155690,534120,318490,486030,302080,435100
PT-01070,11160,78200,47170,11820,54350,93170,0,84820,133400,47700,53300,73930,48220,11480,134770,17220,56040,86960,47230,42090,41120,32410,12920,16320,43150,101950,50750,9520,33690,42240
PT-01071,0,0,43160,53160,7560,69240,5640,3660,10300,9670,20330,0,6910,59680,0,82330,42570,41700,15840,0,9120,77920,16800,0,33770,3610,0,2880,12060,0
PT-01072,21510,0,31080,29580,0,0,0,91100,25050,16600,0,80050,0,0,0,54120,33750,39990,0,22100,22390,42340,0,61860,57320,0,27570,59410,26070,0
PT-01073,146660,140410,647510,66200,95910,123370,255560,147350,349690,168230,190960,221780,235900,81260,653700,114370,116640,310320,140970,125080,243380,221390,312860,221020,204210,181330,680450,51580,55050,250310
PT-01074,87460,30870,37650,49180,127590,86890,0,0,70860,45040,0,96390,26940,131360,65100,50660,121300,25990,60820,15400,23520,0,43440,117810,106300,160140,163300,117100,92890,139740
PT-01075,0,55970,8160,34390,28160,16160,9730,7610,10340,0,0,45010,9920,41170,20350,26480,67650,31000,20890,9640,28330,13590,5040,44270,8770,23980,31530,54890,25660,56950
PT-01076,12890,0,0,29380,44490,0,0,1490,17120,25250,0,10710,11110,0,0,4830,11400,19490,2560,9650,18480,87310,3640,80020,0,14480,3390,113780,0,0
PT-01077,33620,43640,20340,0,0,72690,0,39970,0,0,0,45590,68580,0,36980,0,0,88460,26340,0,34900,0,0,117420,14730,0,28960,0,28880,16740
PT-01078,150990,60370,75300,14890,44500,122370,60340,7800,56380,0,42190,92520,37010,140230,160580,48140,22300,167160,96180,45040,63180,157350,0,134670,153850,79810,127600,22980,49260,11500
PT-01079,0,0,0,0,0,0,0,0,0,209040,141950,290160,87120,242870,81720,114640,136450,121440,42480,407090,88920,224160,630920,569580,371860,232710,299040,0,171230,433730
PT-01080,0,0,0,0,0,0,0,0,0,0,40590,0,48170,7480,0,10390,0,24790,3560,0,4520,3240,0,8920,0,0,8030,161560,19690,0
PT-01081,15080,0,61730,0,54610,71340,108910,15980,0,17170,97370,52880,16990,108480,12810,16640,48010,137390,9200,36650,146110,33790,83200,52810,169810,61010,133060,18870,85120,135620
PT-01082,0,0,0,0,0,0,0,0,0,0,0,0,0,0,0,0,0,0,0,0,0,0,0,0,0,0,4460,59210,36390,5080
PT-01083,0,0,0,15360,5740,0,7620,11420,39960,78920,41690,10620,71730,15040,106660,18540,79730,74090,187950,95920,75560,111680,0,84220,135810,0,49160,43540,158500,33310
PT-01084,45140,2770,43200,0,4770,1910,53930,60750,123580,5950,0,5120,2530,0,46100,4740,61570,26540,52340,58810,2970,25820,0,43710,0,5460,35580,0,4120,4710
PT-01085,0,0,0,0,0,0,0,0,0,0,0,0,0,0,0,0,0,0,0,0,0,0,0,0,0,0,0,0,0,16200
PT-01086,0,0,0,0,0,0,0,0,0,0,0,0,0,0,0,0,0,0,0,0,0,0,0,0,0,79020,0,0,0,20200
PT-01087,0,2370,0,0,9170,3020,0,0,5510,8010,25350,33480,31540,0,11960,5690,20330,24630,0,3180,2940,11800,0,24060,4500,1680,2740,0,40910,10420
PT-01088,25290,11300,66990,72730,43440,109890,75810,12800,100150,29790,54630,88890,57370,235330,70740,90530,34130,13560,100980,37620,92470,71220,90470,13590,59930,0,46690,12400,80440,65450
PT-01089,280960,0,136350,209620,0,279460,0,175940,75110,0,54850,83700,119330,299730,202360,58160,50160,120930,0,142080,362400,0,252260,295960,193320,470020,318810,0,460450,577430
PT-01090,0,3450,8550,3700,71350,68880,9820,18620,34210,6740,0,14680,7590,37460,13300,31570,46150,6040,2580,0,17710,27890,67940,10020,0,10350,21540,53210,14420,54560
PT-01091,0,0,0,0,0,0,0,0,0,0,0,0,0,0,0,0,0,0,0,0,54250,32070,0,25560,40800,61110,66350,0,75890,81440
PT-01092,90220,0,35920,12320,22020,36740,0,0,13860,0,21170,52060,0,51990,12610,5440,15440,5800,59010,0,61540,82490,32700,16650,54100,24900,0,61340,25810,22560
PT-01093,0,0,0,0,0,0,0,0,0,0,0,0,0,0,0,0,0,0,0,0,0,0,0,0,0,0,0,0,0,23560
PT-01094,77300,76900,152200,102560,65080,30830,76720,70440,103910,57470,51270,81520,30590,49200,165000,57640,46740,123990,19960,99990,79340,116730,36090,92430,54230,90090,79070,18290,48530,181090
PT-01095,0,52340,8220,13780,28910,0,0,35810,30420,0,14250,11980,22080,27580,34320,0,0,15150,0,0,0,50000,0,5070,19620,8360,34860,0,64920,29360
PT-01096,54010,139640,79930,38040,99320,74730,90750,50430,125860,61960,51550,104900,23810,62940,107040,26130,13410,0,33650,76450,143750,30160,48700,30340,117550,82900,29630,27450,113670,40260
PT-01097,115130,110770,200600,96750,155320,96490,44000,72970,295040,63980,72130,200880,31940,170130,227580,141740,114220,117050,52420,133360,66990,52550,23300,106780,36670,20800,117990,43850,38570,96500
PT-01098,0,0,0,0,0,0,0,0,0,0,0,0,164360,71170,0,140980,0,674520,274900,0,275500,256230,379490,350450,57100,378880,324800,523360,792720,884780
PT-01099,0,0,0,0,0,0,0,0,0,0,0,8150,3400,28580,18100,2290,0,2790,21430,0,0,32650,3040,90160,4870,36240,2670,3560,28720,8710
PT-01100,42870,5760,11460,64560,111060,20520,6820,15130,10130,3470,26810,65610,8570,9310,57740,7790,39570,14780,5680,49530,98070,0,21070,90000,11640,57800,4020,0,18220,18000
PT-01101,220420,325940,366810,301550,390330,289570,99610,232080,308440,107810,284700,304680,281760,271950,471690,262050,363700,379340,198590,202710,352140,454910,249020,539450,259220,372400,363120,318980,283910,560660
PT-01102,0,0,0,0,51690,44190,61360,0,60270,42300,148150,57630,66890,93280,230420,142920,222440,232170,65030,39190,141680,122910,215640,126680,132790,143100,82320,34670,76610,245930
PT-01103,121380,706210,116640,77250,303260,817250,0,160920,321910,37720,356600,439710,250050,344390,990950,311780,242080,954050,200540,375570,674200,576670,452310,521540,492830,522650,518340,842220,420670,1188740
PT-01104,10110,27560,0,0,0,0,0,8260,99920,0,2970,2650,0,0,0,0,30680,0,0,69080,18270,5560,0,0,16810,32430,5760,0,0,0
PT-01105,0,0,0,0,0,0,0,0,0,0,0,0,0,0,0,0,0,0,0,0,0,0,0,0,0,0,0,30880,77150,147210
PT-01106,0,0,0,0,0,0,0,0,0,0,0,0,0,0,0,0,0,0,12500,0,8370,8250,8740,31920,26400,12360,40500,20930,42560,41890
PT-01107,31820,53890,82670,17000,0,93130,39430,59870,92670,49420,54030,11720,33190,48090,49870,68700,5520,69430,0,75920,17550,25300,38080,40330,79190,32650,14450,15090,81550,180520
PT-01108,0,170960,0,0,0,40800,158290,108680,0,307820,302720,168620,150620,174280,332660,69320,282570,152880,63230,128720,171230,48160,64800,144870,148340,35700,126880,110900,0,182460
PT-01109,0,0,79950,27740,69360,38330,79290,38240,18920,27260,38280,114910,60760,20830,9080,28200,125980,31100,38210,54200,10810,5320,148190,76560,64290,26760,31240,0,7290,8030
PT-01110,58430,42410,62540,63140,79180,87640,47990,27620,210020,14460,99790,193570,81050,167720,94520,8800,72190,100500,59700,141330,60490,116560,178160,109580,57090,141000,142630,21280,28010,191720
PT-01111,94070,104470,158510,37800,54940,157350,75070,75820,55150,92940,28570,67730,88400,105960,106280,79800,114700,172120,101350,93710,127370,161710,117300,121840,176460,69500,139660,14410,53670,52220
PT-01112,41650,6300,58240,78330,34280,57450,68650,8680,60020,5040,56780,21440,10200,29000,41420,9020,39460,77400,25280,5760,36130,32760,56990,49600,0,6800,24380,31680,7600,37780
PT-01113,51200,25100,135980,18550,53010,79770,69010,0,111960,80070,69100,25810,135910,35550,154740,33310,81150,54490,102460,72460,74780,118940,54090,144700,50510,89150,20380,92050,65550,192280
PT-01114,3540,46860,70800,91220,123530,105460,6270,10560,65530,113970,33080,71770,129060,5320,64230,21930,38900,48140,13400,0,44250,29890,43900,29240,78370,20930,54230,78550,0,125180
PT-01115,122990,358130,254580,203770,142680,224790,200270,110790,333930,189110,293590,339080,130970,201720,240350,163110,359120,197860,231080,96030,112500,150380,108120,66820,55000,107580,37220,12110,73670,45850
PT-01116,55510,114330,75650,119310,137760,55710,137860,37500,92830,195140,104080,153100,19370,79750,119930,69590,33800,92560,31440,44980,195500,47110,58950,50940,76480,176780,83270,96820,86080,190120
PT-01117,100480,85110,115200,175900,256290,183140,136710,53960,122490,47800,0,172640,39040,104870,153640,121220,105990,162150,113780,204190,161040,295400,39320,158400,169320,120800,215230,206430,236860,500520
PT-01118,81860,26610,128460,0,29960,6360,5360,102860,148230,58510,78990,33740,46980,107660,110650,12490,5850,61760,14380,22120,31770,77170,9510,61720,46110,17030,78200,14570,102900,72540
PT-01119,0,42930,42650,0,0,0,62320,0,58730,7700,0,0,0,0,48300,0,25170,19350,71940,29390,20960,0,30600,30090,72350,0,126380,97890,24600,121650
PT-01120,81730,32660,71200,11340,10860,59480,0,42850,12390,27150,84650,75970,31670,62430,127440,71240,56530,147150,20270,7560,87890,40950,14360,75060,89400,34310,75550,31150,55360,138740
PT-01121,141840,148340,822040,47040,88720,248590,157500,193740,241740,271830,305360,275990,169530,90580,407390,93580,159810,34620,119970,117990,194130,0,250340,453820,48560,106020,727670,141860,51290,122590
PT-01122,13140,13220,0,12790,23910,0,7840,7830,19150,0,22960,0,0,11050,5280,10410,7610,0,11880,0,47960,14110,0,5350,0,0,19810,26220,15440,41210
PT-01123,4860,120490,86930,39730,51500,80970,43700,40840,100090,18710,85830,71620,32950,39500,36120,22290,35560,69000,13980,30390,51790,29230,53880,84970,79040,49030,157970,4980,81480,46530
PT-01124,29890,89050,105470,48220,58720,127440,66690,85150,163570,77190,99080,55440,79060,132190,107770,15720,195550,187910,65200,40530,201100,64300,194410,188620,101370,0,13880,263680,48360,189630
PT-01125,9760,10920,85490,0,0,60940,3600,0,10330,0,7450,35690,12200,72240,0,14910,0,80560,85670,24710,3470,47310,40090,15870,16110,9630,6690,37100,47360,194960
PT-01126,66340,122950,268420,52380,73890,137870,65640,32810,132540,84770,72300,155980,18490,167590,238000,121480,170040,30380,91750,124660,155670,96920,191750,72400,102070,170790,178740,102070,50470,151070
PT-01127,33540,8670,27280,0,11630,88000,0,25560,30070,51380,0,37060,0,65740,12200,3630,7970,15420,7980,7570,0,3060,65130,51720,35230,5260,0,8410,47240,15450
PT-01128,0,0,0,0,0,0,0,0,0,0,0,0,0,0,0,0,0,78850,5400,0,0,23740,52070,55990,51510,11360,28520,51110,2320,80010
PT-01129,10960,16380,13480,75390,5720,71300,51320,0,5120,47500,58370,3620,63710,9830,31260,8610,24670,88620,36570,12550,43430,2580,8070,6700,10380,25180,42770,16740,20400,92570
PT-01130,4070,0,34030,20970,11450,15490,19160,30430,43040,13640,23250,2570,13020,25870,20310,22530,18400,11680,50970,3330,44180,22840,19620,13470,31540,26230,11840,2100,15520,78710
PT-01131,58010,175890,202830,171710,140440,68280,127040,66290,126220,144110,59480,84140,142510,180590,260130,87350,68410,209280,51450,52710,91180,173440,48270,279210,0,25590,114240,80670,0,0
PT-01132,39620,33780,0,28370,34500,32020,5700,0,139980,7980,66170,34840,5460,7530,11220,25060,24350,31670,0,148820,0,30860,27220,49550,7280,39760,32820,18060,3810,61530
PT-01133,0,0,4460,20400,0,15620,8560,0,32530,3790,0,45980,0,15370,1320,0,9770,0,3350,19520,13980,13580,15900,5580,43130,0,110320,0,4240,17560
PT-01134,110580,0,225210,113240,108350,42840,170410,125940,208990,126280,79180,245930,73600,189090,0,151090,0,163580,101850,58800,209190,31280,30360,243780,62720,0,34530,151500,0,42360
PT-01135,0,0,0,0,0,0,0,74220,0,16020,20960,32420,40940,27760,24080,24260,29490,20100,87190,17360,15720,0,72710,81680,0,71600,17500,0,47530,21950
PT-01136,0,9680,0,17010,41340,0,10980,0,69720,26280,0,0,0,16680,56450,0,0,0,0,44250,22700,73260,201400,77930,0,0,0,83370,0,21420
PT-01137,0,0,0,0,0,0,0,0,0,0,6120,15100,0,26700,0,7240,0,6600,0,0,15470,48640,5600,0,0,0,0,0,0,5320
PT-01138,0,0,14360,0,4230,7780,5150,20710,48550,10710,16520,0,0,0,0,0,23440,82940,13730,0,7290,5660,17360,0,0,7320,0,7290,5480,0
PT-01139,10460,32900,24050,17720,28940,22500,12340,10430,17290,6870,54100,43490,8460,0,0,20040,7340,0,57560,15730,12420,31990,33510,42900,27070,24170,24500,6270,14240,28620
PT-01140,45720,160120,0,171460,16900,114900,0,0,146400,48870,22000,77090,106200,25300,144610,76130,36100,82640,18720,30070,0,20810,26840,0,17710,53520,0,15180,91900,0
PT-01141,0,0,0,23170,56700,0,41240,0,0,0,0,48860,0,106830,95860,166410,0,104980,32010,31920,61570,0,53880,0,14880,9520,21120,0,0,21450
PT-01142,0,0,0,0,0,0,0,0,0,0,0,0,0,0,0,0,0,112680,37650,249430,0,0,0,211500,90240,0,0,142920,232500,339890
PT-01143,0,0,35220,36420,0,25440,42540,0,10250,15220,23780,98160,68250,39370,0,3830,0,4420,13020,6060,74260,31170,2500,105970,47350,77480,98870,0,0,57230
PT-01144,145940,54690,120920,55750,25480,120310,69240,28470,215290,262210,107710,131360,74220,193800,191050,136100,130060,213480,69620,113560,272850,230350,125500,173190,105190,247450,104590,134300,237050,120950
PT-01145,0,0,0,0,0,0,0,0,0,0,0,0,0,0,0,0,0,0,0,10080,0,0,0,0,10410,0,0,0,0,0
PT-01146,32500,31290,77940,31270,55270,49620,19030,0,25770,38880,0,52720,8420,63640,42440,24590,70160,35470,16410,63800,41570,4040,41890,31340,37860,19110,24480,21940,4680,58320
PT-01147,0,0,0,0,0,0,0,0,0,0,0,0,0,0,0,0,77100,77160,64710,63390,210810,223330,56640,122700,252790,197230,213180,242770,175350,500970
PT-01148,9550,4300,3580,51850,19150,22580,18520,5720,16230,33090,0,17610,40840,0,46710,0,33280,55840,0,17160,47400,12660,38910,55680,54650,15620,10270,36140,41820,2880
PT-01149,32590,10640,0,33800,0,0,9600,0,0,6280,0,105570,7280,6400,3870,4320,8980,0,12690,0,0,0,3540,0,7280,23900,0,0,0,0
PT-01150,0,0,0,0,0,0,0,0,0,0,0,0,63510,0,0,47190,0,0,0,39510,27000,0,18070,44960,0,127090,86900,23520,0,41580
PT-01151,0,0,0,0,0,0,0,0,0,0,0,0,0,0,0,53760,63120,0,115710,119260,107520,0,0,561840,56880,102580,104610,142620,493950,201880
PT-01152,21030,37250,268760,24650,21130,29500,35560,123630,44840,31650,31900,56020,38560,57580,135860,9080,26250,38580,10050,15590,61910,50740,76850,103080,58820,51240,242210,0,63520,58850
PT-01153,104780,31440,155560,120790,57690,47450,98860,125230,4440,145320,158520,101010,103500,3290,97030,38740,53470,24980,9910,127790,109880,66240,38040,48440,51570,104800,39500,0,81270,9280
PT-01154,25160,13950,47850,37860,0,118570,40300,123860,211040,65600,76480,59010,39850,0,86930,125850,63600,0,31860,58020,126700,55040,14920,98040,62970,27860,56340,106360,82860,187650
PT-01155,0,62850,62840,59190,113780,134040,83110,22480,189270,82430,79070,157010,87240,91200,79490,134930,183880,115430,41710,147440,41800,129980,83890,143490,34780,155610,205240,65670,53800,86240
PT-01156,98340,53810,13360,4920,47730,24770,10670,21140,94630,39810,17880,93430,25490,58670,58400,34020,102130,42340,43490,27900,47490,46780,52700,93490,69420,42990,47850,92010,77350,32790
PT-01157,0,0,0,0,0,0,0,0,0,0,0,0,0,0,0,0,0,0,0,0,0,0,0,0,0,0,0,0,0,10250
PT-01158,211720,56010,354670,308490,200360,437520,295490,28240,214250,205190,217630,257890,218950,200010,248060,194970,296810,365880,260450,183880,374280,380020,363290,329020,360150,406060,353030,165890,458020,451750
PT-01159,52310,111860,52270,45620,67650,51700,8160,36130,65300,87380,15080,29250,98290,32070,44420,43780,54040,15420,14690,25440,114480,21770,36770,0,37060,19560,20410,20410,0,27960
PT-01160,0,0,0,0,0,0,0,0,0,0,0,0,0,0,0,0,0,0,0,0,0,0,0,0,0,0,3630,9000,0,15770
PT-01161,139940,129350,229890,84000,55020,131220,132710,113860,200970,153570,129050,158520,171340,217570,268070,107300,215610,90250,108130,75340,173700,143770,223800,58350,141260,214200,161530,84260,46700,175270
PT-01162,1580,4020,0,3080,11790,2080,7880,0,17640,9810,0,6910,51390,0,51030,1960,2360,11970,9500,11100,1540,970,2660,65260,20920,12380,10630,2920,18010,71080
PT-01163,0,0,0,0,0,0,0,0,0,0,0,0,0,0,0,0,0,0,0,0,0,0,5460,6410,0,11230,29140,48770,96560,15660
PT-01164,0,0,0,0,0,0,0,0,0,0,0,0,0,0,0,0,0,0,0,0,6530,2760,4200,3710,4410,19400,81720,75430,21420,29680
PT-01165,0,0,0,0,0,0,0,0,0,0,0,0,0,0,0,0,0,0,0,0,0,149800,84940,141320,0,72790,359830,286880,318170,251580
PT-01166,0,56440,14440,25660,87820,158770,38170,0,56200,5800,4400,11870,0,10670,10700,4760,7440,27360,64560,12660,38520,38140,0,17920,2670,9550,69820,0,5560,24120
PT-01167,42390,38640,72320,87610,17820,52560,102420,17360,85190,66060,29240,81280,34880,152720,310370,60990,47910,113190,14510,0,93280,137070,36490,96070,13140,112510,38080,11080,95570,133980
PT-01168,0,27390,11660,3100,50990,40250,10680,2480,0,1640,14000,2970,37540,9270,3660,10470,0,6680,0,15630,7890,6170,5700,26730,0,2310,85710,0,10540,14470
PT-01169,47670,100530,16030,53110,0,95160,130690,122140,132680,0,0,65960,0,206650,79070,45040,285120,166710,47790,133760,162880,129740,292080,282310,63690,167740,419280,101060,186270,187020
PT-01170,108380,26220,160020,31360,38620,19600,151510,58880,42280,99160,180240,142740,80840,144980,29970,172330,186020,121930,99590,0,265970,20370,19920,100320,130930,106210,140050,72720,134640,84480
PT-01171,0,0,0,48710,0,0,0,32940,0,8300,0,47470,43340,0,61320,42880,23170,0,12420,7980,0,49860,11460,31530,0,42000,61350,0,15990,0
PT-01172,17640,7500,99690,17400,34310,10450,55810,26310,46900,19820,33140,23260,22980,27860,19350,35700,19290,19400,4260,4800,8740,56620,53040,11570,39230,67380,40660,36790,31340,51440
PT-01173,102610,0,34500,0,52060,16440,38130,128400,57420,77270,69570,11720,42000,43900,143370,164360,0,64470,86730,49870,52150,143820,16770,35490,28530,40080,51360,64650,17160,253330
PT-01174,74350,76570,104760,212440,111260,116530,182870,30660,130390,95130,110500,136800,71990,176770,153060,122000,25020,207780,78200,65680,189960,146420,143710,237730,102110,131660,85950,29510,70720,122070
PT-01175,38210,25090,17920,61540,15140,57040,18450,15920,67940,67220,54260,103430,18790,25640,85270,45960,22610,42100,8530,4170,59230,5190,20390,85690,11260,96620,70340,0,41290,44200
PT-01176,0,6370,0,7830,0,7540,10950,0,44730,0,0,12530,0,0,82780,16890,68710,7850,0,0,0,0,0,51530,38680,36280,0,30910,18080,19620
PT-01177,17450,4730,2940,10120,20040,6900,7490,12650,6660,4280,0,3990,7700,0,15400,7680,22110,37420,41730,0,42910,53930,7030,31650,54140,14340,2730,7150,14950,15530
PT-01178,0,0,0,0,0,0,0,0,0,0,0,0,0,0,0,0,0,0,0,0,0,0,0,19610,0,0,0,15460,0,35160
PT-01179,18600,40240,161210,15900,105300,30330,111240,58320,58560,57400,0,136790,0,0,107800,43700,43910,30160,56810,0,84700,33540,55100,19440,119970,60590,113600,59840,44170,51270
PT-01180,168640,181000,438450,285640,275550,587880,208400,193300,262630,172520,399360,353250,253770,322340,307290,272300,214510,323200,224800,196760,507680,228950,428160,537730,184620,231760,557640,237210,377540,482370
PT-01181,0,0,0,0,0,0,0,0,0,0,0,0,0,0,0,0,0,0,0,0,0,0,0,0,0,0,0,0,25880,22760
PT-01182,12730,0,2810,7040,0,4250,0,11960,3810,2360,0,5200,8840,8930,3960,5280,0,17620,2340,6410,2320,18960,6940,0,0,33960,0,11690,0,34340
PT-01183,287780,148070,286390,56640,462390,464600,182760,315530,294980,175400,266130,299520,285630,442750,458230,267400,102290,196440,129160,31650,152100,117190,137300,268480,50120,47830,174510,107160,156810,158580
PT-01184,0,0,0,0,0,0,0,0,0,0,0,0,0,0,0,0,0,0,0,0,0,0,174220,0,326730,178770,152380,220670,156210,402700
PT-01185,60480,283660,120110,52760,57580,83340,21720,9960,25790,23760,0,110900,44130,60140,38880,51560,31040,53880,0,21840,18070,27750,10390,70750,0,0,40760,15500,37130,66140
PT-01186,76850,0,85100,54910,30320,59660,30770,17540,22120,46960,54490,159240,0,45090,61090,90460,38270,92810,113250,43550,91260,42000,0,34950,28870,34230,13940,0,45240,43550
PT-01187,14830,7300,26010,17090,30470,1920,17960,43250,69480,16230,18800,22810,1930,26740,22450,7120,26920,55310,31950,94530,10280,12000,31550,2710,41930,57990,9640,39380,24800,39590
PT-01188,0,0,0,0,0,5560,0,83150,33470,25170,16300,70520,22840,13890,62910,85720,52870,116390,42640,22880,28550,13440,80240,83360,14310,130790,169660,47900,48660,120740
PT-01189,0,80590,61620,68680,92190,49970,87280,32710,15170,0,11590,11450,43580,0,0,25660,55670,3310,57860,7350,7700,98790,67060,27060,12310,7340,7880,0,18370,81050
PT-01190,60180,6610,57430,9000,53590,18330,112970,0,143330,65720,96500,112580,40910,20630,133390,77040,20210,70730,77230,16630,34210,67490,29920,125520,32670,27550,62100,23800,38140,89710
PT-01191,0,0,0,0,0,0,0,0,0,0,0,0,0,0,0,25680,0,36850,26420,27820,50290,30680,93400,183130,203620,47020,133600,68790,136290,231260
PT-01192,91430,26590,6160,30930,69190,101960,28450,86520,15470,0,66710,33120,34840,81290,3760,29780,44370,37430,6300,43520,90040,145040,27260,25230,57440,38330,4170,14310,144190,98920
PT-01193,0,0,0,0,0,0,0,0,0,0,0,0,0,0,0,0,0,0,0,0,0,0,0,0,0,15390,0,2610,3940,11880
PT-01194,0,0,0,3290,0,0,4580,0,2100,0,0,0,0,19980,0,2450,54460,3090,0,3760,39520,77740,0,83740,0,0,8510,3970,0,2800
PT-01195,20400,0,44470,5790,0,13980,10010,6540,5900,29390,42930,4590,39210,0,3500,0,3450,0,58240,0,0,38890,0,26220,15870,44140,5600,34940,4850,10000
PT-01196,119820,41800,51400,30480,44400,63190,64350,28120,32550,23760,97190,0,30900,15900,49060,0,52620,21690,0,90320,101590,49200,38650,23760,0,28560,30020,0,0,47840
PT-01197,24150,0,104260,100090,93280,141200,107200,145110,146780,120710,56060,505670,185000,62640,201560,184880,95010,0,128510,104670,109840,149240,19380,240530,87060,91880,370580,238440,57700,312010
PT-01198,52700,126610,89030,46340,12180,105630,40060,89920,134770,37820,159880,58240,129700,73650,134680,31530,65180,169020,41890,43980,123080,66510,156390,92150,23160,108880,244260,9830,69500,143710
PT-01199,34040,264490,192010,95520,25960,437660,167020,66860,117800,237570,137040,164060,0,151080,160370,211310,224550,360160,96140,113550,148410,381050,336210,110790,176560,224450,541360,190180,707040,901300
PT-01200,0,0,15190,0,0,29550,34140,0,48600,108370,0,0,0,78410,28510,149650,54280,145300,0,0,113430,100140,37020,0,36270,0,60800,94690,97470,91240
PT-01201,0,0,0,0,0,0,0,0,0,0,0,0,0,0,0,0,3400,0,0,0,2300,0,0,2110,5860,7930,7750,4480,3120,0
PT-01202,0,0,0,0,0,0,0,0,0,0,0,0,0,0,0,0,0,5920,0,0,0,35370,22620,0,0,0,0,5500,28420,0
PT-01203,22490,155810,159790,107680,69220,178410,39450,65460,138760,34900,211900,37920,87480,114550,155840,74280,160870,153640,43880,24420,122600,76170,99850,166540,11610,60820,132020,15300,73110,79950
PT-01204,0,0,0,0,0,0,0,0,0,0,0,0,0,0,0,0,0,19240,0,0,0,11030,57900,17960,10330,9460,65880,66490,0,70360
PT-01205,362440,550290,488760,100690,339480,463900,261850,399330,282940,326460,458970,543020,411950,301430,480580,342820,321630,576240,251930,336960,545330,333470,381140,451320,330570,222020,504540,273270,256080,288740
PT-01206,323970,338580,332940,182330,432420,580810,321100,326500,454060,519790,435760,399410,362460,414510,380430,330710,396930,706020,311110,142740,576210,226070,499000,592080,314890,568150,257830,430820,195800,491610
PT-01207,13370,17910,39200,6980,3970,10840,39880,0,8300,13330,0,121040,114070,42150,13410,76200,31440,4770,0,61500,13010,41180,21110,68830,39410,2350,59670,22170,41100,13470
PT-01208,338410,662190,914700,265840,286010,488940,376610,92080,668220,573420,538530,582420,610560,342270,700430,388450,445630,526610,345560,210440,873960,364360,589070,397480,146750,905360,856910,460390,701090,455700
PT-01209,0,34690,0,24550,34370,63030,38750,0,0,16010,24810,0,0,8520,13410,0,75030,0,35840,0,97490,95420,6190,8540,68430,7280,17100,59310,9710,50870
PT-01210,3500,72800,140050,0,0,117300,0,31910,22170,40890,100750,71380,42990,89350,275070,0,0,28730,30590,8130,67650,35190,91630,28540,63810,76660,241840,56770,48860,156230
PT-01211,37620,24810,49070,38840,32670,93100,41420,0,119620,24040,32080,61270,7270,16380,40680,35020,22510,57440,31630,31650,77370,28330,28080,54560,69120,10200,28920,26590,43480,49960
PT-01212,0,0,0,22660,13450,33150,13150,0,0,0,0,0,35360,12900,0,0,39050,33000,0,0,11600,43990,12060,0,0,49350,41700,0,13680,30660
PT-01213,0,0,12360,0,0,13980,0,7290,10710,37270,0,63630,0,67860,0,50230,25360,0,34680,29170,15320,29650,44190,11880,53340,0,86070,0,0,0
PT-01214,0,0,0,0,0,0,0,0,0,0,0,0,0,0,0,232480,172820,164330,25440,0,175840,192900,262120,796910,167900,83280,628670,0,682070,411430
PT-01215,46970,82030,32760,25690,38360,5950,106500,35520,82970,26280,97530,101920,26500,106930,16440,42730,0,34320,33450,81740,100050,93600,42430,70160,92960,146630,36480,73360,111260,106760
PT-01216,0,0,6950,0,0,8810,0,24520,13530,7990,0,21340,0,22140,0,85110,0,0,0,31120,95180,13160,0,0,0,0,7090,0,5000,0
PT-01217,23610,0,31200,44050,0,0,7690,7120,4640,4360,0,56480,2840,23100,23160,3240,4180,15580,0,2670,12060,3690,0,69630,0,0,4320,30030,0,3660
PT-01218,0,0,0,0,0,0,0,0,0,0,0,0,0,7790,5820,32160,0,0,0,0,4660,0,6150,0,0,8140,10290,0,2010,0
PT-01219,28730,11790,15280,28240,6360,94570,0,0,13550,58830,33570,14770,3060,26200,165160,57330,65220,126950,5080,23150,47850,1900,78400,58160,59420,23270,36910,38590,17420,18220
PT-01220,31520,0,0,0,53970,137660,83020,0,56610,0,107460,136250,56530,76570,0,70200,22680,179280,58340,49390,189950,282180,34020,61480,46880,23240,187490,63020,110080,13880
PT-01221,54850,153230,179050,93200,54980,186910,40460,83170,78660,102600,60380,102890,40950,248290,222720,110360,90310,96740,153180,77500,56860,19400,42360,50650,72170,48450,131630,104740,91730,13520
PT-01222,0,31170,0,0,21360,83100,47880,0,36750,78340,24060,96900,69980,18940,36210,84450,34470,55020,77290,0,160940,127530,68500,0,97520,79010,76980,25750,0,19460
PT-01223,22140,25320,11370,50450,0,137300,63960,0,0,8760,38620,0,17820,48990,25640,0,32280,61510,81430,126320,71380,0,0,64220,25920,0,78930,117780,66280,46800
PT-01224,0,0,0,0,0,0,0,0,0,0,0,0,0,0,0,0,0,0,0,0,0,0,0,0,0,0,96320,25240,0,42960
PT-01225,216940,226730,612370,703820,414420,327840,431690,261680,522380,581900,330950,689260,433060,346250,679520,465930,508860,392230,158910,169400,458200,459200,304460,712910,172700,281810,518100,183540,313380,645590
PT-01226,0,148940,73670,9130,48400,62410,44260,46570,21750,71520,88000,0,0,192380,107100,89100,84920,127810,106440,47250,140310,60240,33700,108400,51290,137930,165810,167880,151190,121030
PT-01227,0,0,0,0,0,14020,0,58520,0,26440,54840,7770,32910,36120,33000,42000,39490,21720,0,32100,82920,0,102540,80150,71460,19470,34800,53830,0,15540
PT-01228,426260,925750,776190,441830,713570,242440,535890,1060990,536220,521540,584570,865440,506680,819830,245960,574170,525590,1068870,926540,635460,1519130,794140,1140620,2370710,750420,1899700,1311720,1208720,844060,1768450
PT-01229,0,2930,11850,8270,38210,50830,5560,0,5830,46780,40740,11290,11400,20590,72520,28320,22780,6710,2380,0,6480,0,0,99600,20330,0,93550,0,40910,0
PT-01230,21130,3820,7100,0,0,53920,5450,0,15480,38320,0,12680,0,20780,40660,6160,26930,7820,0,0,0,0,0,38070,7030,0,7550,10010,0,0
PT-01231,26550,36740,26680,69390,129890,19200,61590,52230,42410,28050,67270,43980,14280,5640,86090,16210,5500,58360,50510,37800,122940,50850,39890,37670,0,54710,22900,29840,5480,10770
PT-01232,0,17010,23920,56700,0,23580,44540,30360,16500,58350,0,159900,0,57140,68560,18800,63160,56320,31550,110320,0,99200,17740,72580,71330,0,25200,0,34020,0
PT-01233,50880,25460,165970,147590,185750,105330,21300,42530,68760,37730,59280,118140,14810,38850,8630,32050,98630,111690,135150,0,94140,39600,221880,105980,17750,34730,61440,13150,84980,25780
PT-01234,0,23080,20980,27280,0,26120,0,0,18160,52350,0,65130,0,0,11600,26800,32820,0,0,0,0,0,34380,48940,9440,17380,17680,33150,15220,32210
PT-01235,0,27490,84860,0,5000,19060,37710,25130,1980,0,23560,37680,24030,0,58360,24760,19220,43240,33440,31590,49840,58060,9810,113430,67240,12720,51730,3630,6600,53280
PT-01236,35910,28750,0,0,75340,56830,15360,76820,43890,34140,54090,22060,0,0,116350,61780,28430,80830,52830,59220,92810,40870,73440,208860,57610,74420,139440,73920,19570,147280
PT-01237,33600,0,38480,240740,136880,249600,112700,106660,323990,58180,168190,298240,46330,12600,162870,38440,141350,423110,61320,0,170650,0,50250,157740,55580,0,87610,155050,85250,0
PT-01238,0,0,0,0,0,0,0,0,0,0,0,0,0,5530,17260,3780,6960,4600,8430,0,0,7150,0,24760,5320,0,25440,20100,6000,8940
PT-01239,5750,69450,79160,43020,13610,71320,28900,8460,49930,14630,52200,72430,23070,55190,55330,25210,67170,69470,7410,94510,43350,53300,74000,106460,4440,110930,91960,47750,17190,6960
PT-01240,0,17330,30150,45220,1870,11420,105210,2530,16450,14920,0,8210,45510,82440,58920,4840,56390,46380,32390,0,90840,40860,2260,82280,9660,43270,33140,63020,67080,41280
PT-01241,31710,61890,23830,25630,94810,37950,33070,0,44090,19560,11670,102180,39350,43660,13740,15460,35120,37100,28870,13960,0,53380,17280,90330,19550,52000,37850,21570,8330,46130
PT-01242,0,29280,6960,0,10450,14130,0,31850,45740,0,122630,6210,30630,41440,4840,0,25120,15640,90280,25860,0,8970,13700,16540,0,35830,25830,0,76390,8810
PT-01243,81850,30450,54680,84300,29230,36510,5660,38110,79710,52230,42380,58780,34390,41350,14320,30900,64340,60170,11010,26170,54190,53570,17230,83690,22490,7440,21350,40890,36840,37740
PT-01244,0,0,13200,30150,31910,0,84330,19640,25890,20210,21810,62970,0,0,14000,12380,0,0,17310,12260,5300,24670,22060,24830,12130,0,24800,18080,7040,14960
PT-01245,4770,22090,2480,0,7150,14260,2630,0,3750,6200,17780,46990,4240,31070,7920,24400,0,9960,10430,29560,29590,0,0,40660,0,9650,55230,0,70620,0
PT-01246,39180,73310,178170,8860,12670,84250,98650,45240,53300,69720,78520,140760,149290,63380,364300,20060,64760,86260,165680,46500,37090,195920,133050,80370,101210,99910,413940,78980,51790,70250
PT-01247,53910,58800,41170,45550,147260,77520,82680,44030,91830,64200,62170,26950,7900,94380,105790,33340,28070,35120,52250,38910,20800,10680,5510,43460,30960,72770,23300,86580,54430,66600
PT-01248,303670,319780,198760,87800,71560,397720,154330,46530,235640,103930,88420,359970,309410,158450,422490,96920,178890,289410,161630,217470,411770,206320,42330,164620,190770,232590,375400,334800,148690,391450
PT-01249,0,0,0,0,0,0,0,0,0,0,0,0,0,0,0,0,0,0,0,0,0,72850,43200,168330,235840,250200,368610,268190,253860,562950
PT-01250,0,29980,113640,103240,45330,39560,20080,48130,18920,37620,12000,121690,189090,70060,164250,0,21400,67820,0,0,104040,7300,55730,7060,58630,23420,41250,33330,66730,9880
PT-01251,3460,5190,9070,0,17750,6120,0,0,0,18320,2200,35640,8750,0,31550,28300,4010,8070,9180,8540,0,0,8090,32740,44770,13380,13430,0,39880,9810
PT-01252,0,0,0,0,0,0,0,0,0,0,0,0,0,0,0,0,39300,20800,34870,9680,35620,11080,5720,57750,33610,21000,36490,32070,13010,52620
PT-01253,82320,474680,1014760,627890,416330,1775950,867190,194940,739150,1057060,904170,729800,587420,825910,969330,581320,568150,1129170,230560,424080,1330740,243830,1086340,729730,771080,748530,996750,1016210,1263500,493230
PT-01254,0,44170,43700,0,34150,154920,209130,43220,26330,0,88530,38350,37570,48700,44220,0,62080,109010,20880,61530,145450,54230,86900,179950,78820,84140,101680,105980,55440,82980
PT-01255,24550,13440,53190,44760,15240,0,0,63190,0,13850,15000,6880,0,14850,0,47460,11800,20230,9810,0,52330,15380,64080,37940,25680,0,61060,0,5940,41040
PT-01256,0,0,0,0,0,0,0,0,0,0,0,0,0,0,0,0,0,0,0,0,0,0,0,0,0,0,0,38960,15720,23080
PT-01257,32880,41400,44940,44140,65460,37830,19330,53660,102740,22090,27920,68460,67300,26920,0,30580,8120,12180,123660,37980,21860,86860,6060,118310,28190,88470,32930,20890,73910,28380
PT-01258,0,36520,0,37270,51090,0,17970,18120,76360,39680,20160,0,24120,0,90560,32340,7940,45600,42940,13840,48370,35850,22210,9680,185860,38900,8770,0,0,42220
PT-01259,298470,246810,357690,262050,126810,374500,364090,143140,322960,310630,360750,249830,212160,301180,123250,86040,232320,420130,121180,106690,330000,136680,254810,246120,166660,67680,307330,202240,134110,223670
PT-01260,0,0,0,46460,0,75580,0,0,0,88890,15950,0,0,0,100980,131040,116710,99410,0,0,122770,159030,76010,170670,100160,0,108080,93430,83170,164390
PT-01261,54600,238440,190350,184200,315910,261960,76630,180080,180670,273570,392870,404740,180560,357730,328710,398440,124240,521830,440240,401130,444120,392020,904450,576260,342730,587520,762900,246950,800800,797790
PT-01262,0,0,0,0,0,0,0,0,0,0,0,0,0,0,0,0,0,0,0,0,0,0,16840,0,96710,0,14800,0,38160,32850
PT-01263,91000,126420,209320,55860,152020,354410,28040,109300,210000,116960,227450,323120,169860,182090,105280,236070,216770,102760,90800,199760,534410,92130,235500,65310,106780,84400,111320,81460,182910,91380
PT-01264,245390,241880,250750,214890,650840,331310,119000,214810,292180,263430,766450,301980,406840,243650,870080,519340,214430,284080,0,67200,324280,358020,392990,906090,369910,173650,690550,459460,393850,543280
PT-01265,0,63700,14540,43080,0,118640,0,35260,8210,21560,28780,26630,32780,0,33190,0,66630,34450,21990,46800,35840,12310,25630,42270,37450,34880,26860,2000,7210,61670
PT-01266,7860,10850,22940,16700,15720,96220,74150,10900,97600,115400,0,90790,32550,43310,35890,138380,63950,148230,0,41540,47030,38110,180060,94330,84930,68160,207990,151610,188830,71570
PT-01267,64280,53840,45660,82130,43420,60310,8060,21650,31040,39690,0,92010,9040,42200,38340,69190,50720,5970,3740,12850,14010,29030,2840,138630,12250,52750,25580,9720,30490,24300
PT-01268,0,0,0,0,0,0,0,0,38680,69770,15840,31400,0,0,0,0,0,38880,28070,45730,152150,86790,0,30740,194900,67610,30660,19900,19400,20100
PT-01269,146010,395850,325350,321500,202980,736130,164300,214460,380530,352470,328360,277060,124530,246030,173010,222880,170870,324380,101560,262660,269430,279560,256970,553000,193720,347560,468610,318200,271020,348150
PT-01270,4020,9910,5550,16750,14570,7470,0,0,4260,0,2950,5680,67730,29930,35100,0,2900,128980,10220,0,11380,4370,18190,0,26640,2790,9070,33460,47500,24360
PT-01271,6450,18780,9440,0,0,0,38800,0,6690,17190,5020,2790,4900,5530,7090,5080,0,3610,4160,0,0,3540,3150,23660,89540,17660,4230,35740,26700,4160
PT-01272,0,0,0,0,0,0,0,0,0,0,0,0,0,0,0,0,0,0,0,0,0,0,0,9370,0,0,57500,4140,0,98130
PT-01273,0,0,0,0,0,0,0,0,26000,77270,0,0,0,0,64690,34960,76090,33030,0,17520,129440,41580,115040,80880,40250,0,41680,12150,49260,137600
PT-01274,0,0,0,0,0,0,0,0,0,0,0,0,0,0,11580,6430,5430,2480,0,11250,6580,42340,7680,0,0,1400,0,8820,39290,13520
PT-01275,3720,0,38140,0,0,54980,92830,0,13430,71160,14360,105540,59320,22150,32750,16880,10810,65070,41010,0,22970,5920,91190,82780,4830,25550,3770,152000,19050,4440
PT-01276,177330,141510,176450,183480,168870,443590,129520,203330,455130,177020,281360,461730,129290,76500,335470,72340,333660,284530,195530,125630,420700,307690,213000,302340,288960,135590,248880,226500,162030,135900
PT-01277,0,0,0,0,0,0,19120,0,0,0,10340,64780,68830,83490,18120,43650,15470,101880,0,45170,53960,70870,102470,37620,17000,70410,56520,124350,80930,46150
PT-01278,230640,515050,376180,511180,153070,570000,261850,196560,535670,66810,441050,391130,179050,497250,422140,407930,362390,334930,294940,190230,438460,177420,156200,237100,220010,149800,339720,342390,139340,247090
PT-01279,0,0,0,0,0,0,0,0,0,0,0,0,32470,0,0,5970,0,4840,31040,0,2520,25420,113070,44450,3130,3910,1220,66540,0,0
PT-01280,0,16240,8160,22750,17460,44490,8020,37810,53110,43430,21340,28080,32690,40180,49850,12640,43360,51300,28230,21420,44420,11390,16100,57400,15440,13110,28130,59410,29880,44990
PT-01281,156360,0,179180,137100,49980,165380,44700,68760,92610,60470,308650,105320,52500,217150,95580,45420,0,251890,81270,87080,75440,60340,44840,53560,60660,0,77420,31200,49880,228350
PT-01282,202480,247070,423980,231990,137590,229230,148140,136820,383520,228720,362190,278280,296700,441870,492800,179580,214340,410290,215600,88780,427360,346720,443660,338440,219370,256280,374100,427530,352480,660900
PT-01283,86380,51050,24400,12930,42840,125860,37300,130830,96260,4800,0,67560,30680,45670,50450,7440,60000,159750,90640,99830,102350,147640,59690,41200,4140,57460,36620,31280,21620,55770
PT-01284,43310,64370,296740,0,47880,111970,97050,59770,166500,44480,13660,192090,13930,110220,219940,71120,103390,76460,60360,52720,8020,47590,226490,175280,86820,61450,268940,90200,157450,164530
PT-01285,35800,33450,96290,53060,36150,14310,27760,18960,117030,113540,7560,54000,43930,17970,73300,21340,6120,85790,25490,94750,10950,6380,5540,5570,3420,2300,8130,12090,0,12250
PT-01286,0,34860,0,77680,86010,189380,0,117360,0,149610,0,0,0,0,141920,0,149850,0,109200,95560,179800,0,0,30800,35760,108260,0,102330,74490,54000
PT-01287,16950,43320,39470,8980,4190,73120,15710,9340,5390,15830,51200,49350,12430,62820,51300,6550,26610,10780,11010,40580,34320,17630,59600,36970,21140,49480,0,36320,37120,35840
PT-01288,95080,0,0,0,32240,35640,128380,107350,12420,21220,75720,178850,0,30200,115490,71410,58800,97520,131880,0,121700,167050,16330,258670,65820,96420,113220,32100,166100,48550
PT-01289,135200,155280,156630,118570,43570,181900,115580,88790,377620,168880,104200,106820,233550,168890,402850,185990,127370,212370,227880,129720,168610,94630,41630,227680,264200,215690,333350,82490,218000,399030
PT-01290,0,0,0,0,0,0,0,0,0,0,0,0,0,0,0,0,0,0,0,0,35910,0,0,127110,53070,240530,20070,316230,296040,157560
PT-01291,0,0,0,0,0,2420,0,0,58690,9110,8940,33630,0,10910,7270,45620,34420,113550,80620,0,37320,13080,7340,49440,25650,7040,10900,16490,0,28230
PT-01292,51790,30290,35420,57660,53000,69670,16090,6800,22360,43880,13210,80550,33530,41260,49790,48920,101410,94620,22720,0,32580,33690,27660,62950,10910,37240,51030,23060,29510,23060
PT-01293,61200,37060,89050,54740,30080,14970,3080,6510,120870,12620,101300,98000,42030,41630,75800,100500,63020,46860,76570,44470,53800,67090,87750,73840,105330,65340,85560,38150,73570,107430
PT-01294,0,81270,119420,51860,50630,38550,73290,50440,131370,93020,157150,124470,24290,142050,148670,93920,149870,135770,142300,92640,154630,131070,38580,109360,105300,120730,113000,132650,29520,258370
PT-01295,164130,240730,149800,92490,141610,22860,121730,198150,233670,127600,146840,225890,217460,249590,180490,94140,113990,120040,193890,146410,148280,288990,225140,233360,277160,353690,219860,138490,166670,204820
PT-01296,13710,15950,0,7920,0,10990,28050,43690,125190,0,40220,0,18800,0,5150,0,6380,0,3440,32890,36100,32040,9060,7210,0,42400,43290,0,26050,50040
PT-01297,13160,58260,0,0,6840,0,0,39120,10520,9900,17110,38090,0,4660,0,16680,24500,2480,0,0,0,0,0,23970,8120,2170,5010,42380,0,0
PT-01298,0,12370,94640,22010,15480,29500,0,31350,31360,0,5960,0,0,10100,2880,2880,7290,36930,0,0,22690,7320,31600,18730,0,0,28280,11770,5040,45400
PT-01299,0,0,0,0,0,0,0,0,0,0,0,0,0,0,0,0,0,10230,10000,44010,9480,99410,45380,63370,23540,81180,62920,63210,61320,136700
PT-01300,0,0,0,0,0,0,0,0,0,0,0,0,0,0,0,0,0,0,0,23170,10020,0,52340,8770,0,5630,0,2320,31040,31670
PT-01301,0,0,0,0,0,0,0,0,0,0,0,0,0,0,0,0,0,0,0,0,25580,56340,47080,17860,18260,18000,50900,117820,132850,41870
PT-01302,167670,383160,353790,399970,176840,440170,328700,179480,406340,251690,289220,228300,191000,265960,513430,286680,202850,330970,198440,523650,328120,546910,665190,391160,220210,121990,349290,362090,548170,642380
PT-01303,152860,45150,165000,78550,114190,146380,131760,41390,90930,106880,87900,109490,107460,97140,99850,172540,205590,133120,126230,89770,157040,314270,213910,215270,115330,59860,72480,255650,98880,120060
PT-01304,0,3260,0,7970,0,46060,3360,5980,19380,0,34270,27270,4260,15340,3800,5610,5200,11010,12690,3050,6300,41520,4370,11310,22580,54210,42250,0,20120,3020
PT-01305,46410,41610,68250,38470,20890,178130,9900,29340,102190,115560,7680,49990,44970,61730,163580,24280,34840,38200,62050,9360,78920,140130,85740,97170,77890,90220,87920,23810,50800,113920
PT-01306,131620,129960,80410,127810,191820,149820,88500,52160,142110,190790,213510,188970,98250,72570,179970,169070,99460,162200,193190,121110,268520,189850,155720,329400,105940,153000,172050,249120,196840,170200
PT-01307,36720,30260,102130,62950,6510,135320,36080,80150,51250,40240,41120,10110,145400,23010,16920,80420,37720,9880,11210,68340,167870,74490,114010,33520,36890,51240,37910,15010,14780,23150
PT-01308,8400,0,27590,61750,9670,43510,32920,7760,2550,12220,21170,3320,32250,6280,42170,22160,3680,129940,10350,20700,0,11700,3030,0,0,4710,0,0,35300,37370
PT-01309,0,109190,158840,110060,0,149000,91490,96980,250320,111060,145060,60700,146030,185910,146280,151780,0,127320,130960,68970,103950,52430,316740,615740,252480,139140,110540,163470,78120,370200
PT-01310,0,0,5600,5180,0,65000,8060,27300,24710,2080,5010,3400,0,10660,16580,37230,0,49960,3870,5040,69590,5900,13590,12420,119650,0,3010,8940,9460,12690
PT-01311,62540,151550,245170,42670,96720,97290,88640,50600,18840,62480,0,90740,29400,162330,95640,121400,0,134990,120780,39550,217800,132600,97030,0,44850,275420,210190,124390,133720,230510
PT-01312,9900,87030,176460,6510,197620,39200,23600,7530,6020,69960,48510,93240,29470,72240,132950,44150,27980,144540,56890,5640,44340,3780,104730,197720,63420,5200,83510,31690,14500,65310
PT-01313,0,64400,37580,16800,20530,88660,0,22650,17540,39720,47030,98250,0,87700,48280,100410,24070,0,17550,0,53460,11480,74820,113380,35120,10920,10800,18340,51360,70190
PT-01314,461440,934240,956590,1174520,849210,1303610,551920,447370,805380,546820,551030,1925200,766430,757360,1279590,875400,599170,1035730,565590,577240,1294500,825640,771530,1273820,809710,850720,814090,1043980,993060,1254540
PT-01315,297630,344950,668990,295290,343000,608740,290020,195000,421450,318210,208540,551530,351650,332040,347820,231920,410010,687000,242970,176380,320430,408610,419480,552460,647310,458470,720460,194730,575180,725020
PT-01316,0,152840,44700,93960,330840,161240,35100,220980,119090,36000,123980,206810,327890,94020,270950,261510,178340,300630,184990,206980,42050,167490,153160,201700,29200,184400,395690,255170,154580,164510
PT-01317,45370,45560,32890,8790,20200,21540,58310,8810,48970,4380,24160,41840,0,4230,42210,0,34330,8170,39820,0,34040,29410,19690,57570,18020,20720,87030,61170,10420,55520
PT-01318,266840,252030,387810,116500,163050,444170,254770,182500,368390,336230,384260,433140,236950,263510,522280,337490,428240,350750,299110,165350,385190,515040,304060,505870,353010,460040,465040,438200,282150,567660
PT-01319,432630,84750,450650,315040,306800,417370,178140,305550,431640,247740,100020,362410,148400,318090,641600,108440,390880,279730,168240,193900,432050,172870,458180,378510,349150,599490,503850,300590,143710,904200
PT-01320,114950,200970,454980,247440,211820,281060,276830,102220,824630,539550,377920,809970,447570,426840,706840,134940,324810,886410,648640,636130,792150,522230,500580,1068680,546730,652730,935790,891000,704710,1228500
PT-01321,0,0,0,0,0,0,0,0,0,0,0,0,0,0,0,0,0,0,0,0,0,0,20160,0,0,18980,68940,23530,30190,33720
PT-01322,0,35830,0,0,64640,31150,23980,65900,116120,0,5200,58190,0,11880,101660,39470,14680,47900,61020,18620,35150,160350,73570,48350,0,55130,55590,17600,72210,148580
PT-01323,1212980,966540,943890,1071140,660370,1696030,1520510,983910,1992160,1440170,1603970,2218990,1325820,2083190,2887540,1981340,2115480,1640120,1543960,1465530,3095710,1810540,2588180,2774230,1782450,1242220,3044650,1983070,2392290,1264890
PT-01324,9630,42500,9010,0,9370,47370,0,25630,90490,45640,36290,68250,272570,48590,51320,28020,9410,23030,2580,3300,75880,39730,2400,11940,41480,81000,31280,51060,7790,26410
PT-01325,0,0,0,0,48670,52210,6900,56940,59220,58560,15670,14680,50740,39240,98950,103180,51520,62580,30000,102960,153880,0,22180,74250,58450,12900,139210,3660,60000,42790
PT-01326,0,81440,70510,46370,53340,22790,0,75080,0,100730,39670,175910,0,22620,0,23000,72660,74580,86910,39550,81010,14340,71210,126090,44580,92620,38010,49960,269610,85610
PT-01327,14100,0,0,0,2510,8560,0,0,7590,0,5360,27940,87010,0,8050,10270,0,3190,65790,0,31140,0,2080,30680,21640,32520,82500,3780,0,80950
PT-01328,49210,61890,58570,43870,36380,78570,57300,0,22400,63830,33680,15880,24610,63880,32300,79310,62670,59980,51970,11860,29530,41210,64700,96680,50520,8630,65520,50380,30930,54410
PT-01329,0,0,0,0,0,0,0,0,0,0,0,0,0,30670,0,54450,24990,6220,63320,9700,50280,38410,93850,67680,18590,153170,50210,0,67830,127170
PT-01330,173470,35850,273580,109360,62070,118780,99830,0,276870,129090,292560,205600,37670,231610,146130,239110,153420,202960,189060,91550,247000,218150,81950,324360,168800,82500,163830,92600,193040,184840
PT-01331,7080,54310,126180,30230,43300,8620,7040,0,51030,62440,5940,11720,2930,0,14280,0,16370,6950,33280,98790,36390,5350,37820,6480,62980,0,66140,0,2140,9930
PT-01332,71580,79200,216210,43250,114480,162800,70270,121620,123690,84250,12000,319730,161930,265610,61120,105770,0,87160,157540,73340,257460,97710,82600,198590,212990,77680,112250,190190,85180,106960
PT-01333,6350,9220,22780,38700,70050,54650,7070,11150,64340,3990,70100,5860,52280,0,72560,7290,0,70730,61380,52730,0,0,37380,0,39210,59220,57840,32210,13290,33740
PT-01334,0,0,0,0,0,0,0,0,0,0,0,0,0,0,0,0,0,0,0,0,0,0,0,67270,145800,58600,92990,19500,120800,61700
PT-01335,8250,12500,50850,25570,40580,77170,35040,30160,78520,36410,8140,114600,0,86710,62970,36320,68900,14340,49640,131640,46110,16710,0,87230,6240,57440,30940,9150,10980,59410
PT-01336,0,0,0,0,0,0,0,0,0,0,0,0,0,0,0,0,0,0,0,0,0,0,0,0,0,5080,37290,0,13210,17850
PT-01337,10790,18600,42750,60060,59360,0,0,0,45920,9530,0,85170,8820,12780,6150,42890,0,27460,0,21040,58440,2150,14130,16430,0,21400,0,0,33210,0
PT-01338,93500,97260,99240,0,21570,129770,32080,12600,92760,178200,21450,144630,86940,74540,0,96670,64450,56670,62260,40880,40770,57810,22110,104420,47790,84720,113720,55380,39870,79310
PT-01339,0,30600,105930,2600,3530,0,6460,5480,18870,48730,67150,10150,32960,4710,119320,3590,39110,52510,28980,56410,95450,84510,10250,39940,34490,63720,150220,24150,53480,62390
PT-01340,0,0,0,0,39480,29100,0,41340,87930,0,0,0,0,0,0,0,0,0,42500,0,0,162390,58380,53760,77000,95080,0,93600,82530,75960
PT-01341,0,0,0,0,0,0,0,0,0,0,0,0,0,0,0,0,0,0,0,0,0,0,0,46000,24420,99080,31500,114190,123140,169140
PT-01342,0,0,0,0,0,0,0,0,0,0,0,0,10140,18140,20060,0,7350,13750,0,9720,0,30200,19040,6890,0,45710,7810,12070,14200,7010
PT-01343,0,0,0,0,0,0,0,130910,107730,105860,140220,165220,138200,109200,225650,50800,200890,292450,137280,84740,109690,245000,188440,175140,103180,191940,201600,190310,20040,42400
PT-01344,42490,0,0,21570,5360,48870,1330,32120,59810,18150,0,0,0,13400,0,0,5310,14040,26180,0,94860,4200,0,58590,4600,7660,0,0,0,46910
PT-01345,0,0,0,0,0,0,0,0,0,0,40370,30370,61560,21910,64980,7710,60790,216810,7460,91070,116330,53120,2590,170240,44710,43430,89130,112720,37380,126260
PT-01346,16610,12630,0,7650,18110,10250,7950,0,27740,62650,52180,8750,42930,63190,17390,83170,67290,12580,63170,18370,78820,29140,17840,35180,15920,24750,28930,43230,16300,20450
PT-01347,0,0,0,0,0,0,0,0,0,0,0,0,0,0,0,0,0,34070,39920,0,38700,29680,51080,69450,26850,8800,137690,0,44550,59380
PT-01348,0,0,0,0,0,0,0,3560,0,0,0,17750,2280,43460,14450,25230,0,0,4910,13610,4800,0,6960,3680,0,0,2550,0,0,0
PT-01349,79380,29240,377280,18490,52880,125810,51980,72320,307720,48060,289860,240630,79210,137590,630070,75770,100940,250040,147170,225900,14250,124670,92510,521930,116360,116540,630710,127510,180930,279900
PT-01350,26690,60150,264670,76860,249350,335300,154820,195280,164650,175600,56360,176650,116620,86700,329080,202130,271080,309330,85760,18850,157680,366700,138590,116740,234300,111240,190730,131940,67820,242800
PT-01351,0,1420,42200,0,10010,54240,0,17520,2160,8750,8870,50050,6110,6570,53860,4680,20450,12570,11970,1500,3020,91650,0,8270,79440,19050,13430,46930,3180,0
PT-01352,0,0,4460,0,1960,8060,0,0,0,0,0,30440,0,25610,6460,0,0,10470,27590,0,0,0,11140,0,0,4390,0,2760,41870,3010
PT-01353,0,40620,5790,28720,0,4570,7560,5760,7610,19750,0,29250,0,81310,0,53550,16960,11170,0,0,0,0,4830,17050,8570,0,0,50070,0,0
PT-01354,36300,18180,28590,11280,11760,66660,46080,34640,0,84830,16490,69880,47100,0,15580,24720,29380,51100,0,25680,31210,18920,69130,27570,0,15040,46890,47240,0,33820
PT-01355,0,0,0,0,0,0,0,0,0,0,0,0,0,0,0,0,0,0,0,0,0,0,0,3900,2980,3660,76570,14490,12510,41910
PT-01356,734180,1555110,1085220,602270,704920,1128670,1792790,807120,1390340,795300,884430,2867460,1059460,1180740,790920,1182730,1548220,1352620,966340,1554350,2638830,1959180,1662760,3407010,1735620,1516500,2727410,1404520,3232750,1082780
PT-01357,86060,22100,43650,146250,16920,184500,68120,94010,105210,88830,122940,101580,126130,83890,134150,30020,33430,173090,108090,40480,116750,165490,48230,81660,113510,136330,158400,132710,78760,64280
PT-01358,0,62130,71820,96050,75440,81440,75960,28650,170890,105610,55010,41160,26260,118570,38240,33060,32360,154760,109560,17570,57940,73080,98510,165080,41310,61380,116190,71970,143840,170370
PT-01359,0,0,0,0,0,0,0,0,0,0,0,0,0,0,0,0,0,0,0,51060,24480,0,65680,207440,0,125840,157030,155970,146990,0
PT-01360,52020,73250,116290,78210,76120,101870,8640,155760,196670,95690,31600,69500,43330,190820,141990,48310,197000,97370,42720,97240,132340,38700,124350,71750,17680,99450,113270,9660,43940,96980
PT-01361,8890,2410,63310,32040,19250,19290,0,0,36950,4920,0,0,40510,5670,55060,58440,51640,103630,0,0,100350,3790,0,0,0,0,29180,87490,46340,13020
PT-01362,0,0,0,0,0,0,0,0,0,0,0,0,0,0,0,0,0,0,0,0,0,32970,51900,56190,68370,95670,152090,34470,109820,100590
PT-01363,139260,17740,112160,141130,63610,107300,65970,50240,90000,0,9800,314100,94610,97040,59480,39130,83480,205920,71340,0,130240,120770,197130,251310,135950,117110,156290,162900,141800,251930
PT-01364,852440,876120,1122070,662720,569050,944970,620600,637250,878710,961640,581550,948920,702380,976080,1087640,888390,894800,1105280,699170,583850,1100000,1350420,1011580,1218820,648230,1001270,1299070,775600,568150,759380
PT-01365,8000,34110,40400,0,16020,41840,11280,48970,0,58010,25230,36140,14610,0,21940,70710,18480,28920,0,24320,62800,30840,43320,0,19620,37650,62050,6930,71140,12610
PT-01366,0,0,0,0,0,0,0,0,0,15620,20490,0,0,0,0,0,12650,11840,37370,14380,16560,19460,29800,133330,12080,32240,10920,121920,0,0
PT-01367,0,23310,9870,59530,18200,72990,9790,9240,35420,14780,8520,22980,9670,11690,32660,32340,31960,7920,35840,17190,12090,45640,32690,34070,0,10990,7280,3640,8700,56300
PT-01368,0,0,0,0,0,0,0,0,0,5460,3000,15590,7120,71560,10070,0,33080,81820,0,0,63960,20380,0,11730,10420,0,22130,7880,0,18220
PT-01369,221710,130110,333070,253630,301610,219030,288990,219270,370000,167460,303530,325140,183360,341930,422010,188950,290790,374000,244380,67160,233070,203840,205900,434380,268860,252540,227650,98480,276540,261660
PT-01370,0,0,0,0,0,0,0,0,0,0,0,0,0,0,0,0,0,54800,0,61380,30260,0,120660,91810,0,0,74460,118850,106120,73000
PT-01371,40600,22060,38900,70300,48500,13370,14070,10930,57680,26630,126780,49960,15680,61480,75890,37120,24410,112960,3030,13790,172860,16180,114730,26490,62570,38370,13050,87030,55850,90420
PT-01372,0,0,0,0,0,0,0,0,0,0,0,0,0,0,0,0,0,3700,7780,16070,20180,5410,16340,32390,27960,27390,110670,8800,81380,22050
PT-01373,6520,68020,12670,84590,0,34330,0,0,34720,11110,0,6900,8600,4640,0,66590,9100,40440,6270,6300,53760,0,54870,52060,0,7760,75520,20890,11180,2420
PT-01374,0,0,0,0,0,0,0,0,0,0,0,0,0,0,0,0,0,0,0,0,7900,10190,0,103500,0,0,97310,36170,72920,177590
PT-01375,0,0,0,0,0,19680,7040,29030,14720,5320,38040,56450,14060,10390,29180,30140,10740,60770,23310,161800,154430,118730,64410,69300,112990,16110,73110,83230,52140,97280
PT-01376,0,0,0,0,0,0,0,0,0,0,0,0,0,0,0,0,0,48360,41930,62260,0,9240,34640,13200,0,75530,10590,30140,66430,26330
PT-01377,0,0,0,0,0,0,0,0,0,0,0,0,0,27040,61600,0,28990,0,68510,26780,56590,126110,151850,61470,64960,0,82270,79870,84720,8050
PT-01378,0,0,0,0,0,0,0,0,35380,13240,0,15360,11700,77140,80750,69190,105680,39290,49410,137270,155690,71670,81330,70130,46410,18240,82780,36060,249090,219700
PT-01379,0,16320,28230,0,39500,56640,0,27880,18420,0,44990,45900,8310,0,14280,0,0,30700,37280,43980,26280,23620,0,56580,0,17400,0,19240,25260,3100
PT-01380,89030,30050,86960,33640,2890,84610,77220,0,85190,120460,71570,83760,29840,17850,18460,30660,2480,4480,9340,0,64430,38380,29100,43260,19820,14020,76440,10700,29740,89590
PT-01381,0,0,0,0,0,0,0,0,0,0,0,0,0,0,0,0,0,0,0,0,0,0,0,27930,0,0,38510,133950,63360,57100
PT-01382,187880,224120,163260,378860,173200,407230,176620,146000,320390,354260,257690,333130,96670,188150,350700,224040,218090,253310,188210,106600,347430,229390,181970,358040,134470,316200,250970,262830,51450,167770
PT-01383,34680,81920,351300,64000,27630,163880,186100,75460,62250,118240,112330,244490,218350,103740,396430,76320,53230,107540,232220,155940,206870,126950,105420,80040,173280,227170,632480,129510,93840,167280
PT-01384,0,0,0,0,0,0,0,0,0,0,0,0,0,0,0,0,8520,46540,0,0,21200,30370,22910,9860,0,3300,25740,0,0,0
PT-01385,50660,35960,0,94960,79660,145530,63950,17190,55330,90060,75870,164000,84740,195900,238840,28360,98570,177470,8460,26080,150270,79060,191580,97020,98350,111840,75660,179070,168070,131020
PT-01386,825350,1434090,469320,451530,996610,2325060,1405520,1429250,1507850,595240,2168590,1746950,1577680,1454290,2402330,1821770,2232090,2807250,3286310,1798030,3189640,2538450,2485690,3685340,1730110,2745270,4418700,2777840,1885690,4117540
PT-01387,0,0,0,0,0,0,0,0,0,0,0,0,0,0,0,0,0,16490,24650,10190,3450,32010,14030,33220,39450,31080,4560,31340,0,65850
PT-01388,89500,96200,148290,48270,8580,61170,71070,25760,153120,75500,27310,69340,34010,57590,65910,44660,37390,83260,39110,42550,8760,44270,88340,8640,20560,75800,63820,63280,83870,162260
PT-01389,74210,112630,121000,17040,23760,117680,25840,6160,79730,63920,51530,77700,19120,29990,35420,30910,21080,119110,48290,48880,43640,37290,39850,64560,63440,28540,125220,19480,45610,51480
PT-01390,592880,353640,658650,511490,523990,1166530,324300,778710,628820,1024270,847820,1168640,592840,553790,917150,391690,826360,1105990,633500,604040,763950,582080,717590,1533150,662190,921070,1213290,574080,842890,1013720
PT-01391,0,51680,109400,6860,16920,19340,105940,50750,23900,103020,11320,73660,90490,58500,325820,11760,98960,42000,34300,8850,50210,127060,161380,75950,93140,210430,531860,75150,16140,95060
PT-01392,5890,29030,0,3100,2950,21530,0,7220,0,16050,70240,97110,30410,38090,8740,0,2930,69380,6470,13170,22360,8870,14700,48680,8070,25820,31560,58780,0,21110
PT-01393,0,0,0,0,0,0,0,0,0,0,0,0,0,0,0,7260,0,5830,9390,15770,36490,10130,7760,81290,161930,116890,73440,82620,57100,6100
PT-01394,0,26320,0,0,92980,13490,37620,0,43040,55900,19900,90390,0,10050,3900,4740,0,30580,9170,0,0,35340,0,41430,4420,22820,0,3800,0,0
PT-01395,0,0,0,0,0,0,0,0,0,0,0,0,0,0,0,0,0,0,0,0,0,0,0,0,0,0,0,9260,0,15950
PT-01396,0,0,0,0,0,0,0,0,0,0,11330,11400,0,0,0,8090,9590,12650,0,3720,7080,0,9730,0,0,20890,18250,0,0,2660
PT-01397,0,0,0,0,0,0,0,0,0,0,0,0,0,0,0,0,0,0,0,0,0,0,0,0,0,0,9940,0,0,0
PT-01398,0,0,0,13530,33810,23610,2220,0,11520,11620,30910,65330,39860,2700,37540,3690,12540,0,11890,5080,5780,33980,0,56020,5390,3600,52210,0,8970,8010
PT-01399,22080,84560,175810,28440,95450,96110,176700,59700,79340,94270,66710,94920,211880,144400,103190,110220,36730,61620,54200,33970,0,95220,121480,146900,120100,89210,57030,140110,114370,131800
PT-01400,0,0,0,0,0,0,0,0,0,0,0,0,0,0,0,0,0,4820,4820,23510,26340,10400,20210,0,8880,0,0,0,0,0
PT-01401,59240,0,53710,4800,16290,35980,34470,36750,24970,26260,0,27630,26060,84610,32000,30110,31930,45000,7000,16240,24420,29540,4240,93320,71750,36640,87490,12210,4200,53330
PT-01402,79320,151790,398670,42400,120160,181800,0,293650,598910,174080,698280,206780,137620,156420,809730,64250,484210,230980,287170,415270,257500,356850,448290,713470,512510,520970,597390,330830,643840,640500
PT-01403,73540,98860,44410,31150,0,32510,13200,0,9800,88290,58440,207490,98340,83660,47980,64350,139840,29060,7500,57370,33760,50550,25560,45700,90600,66360,18650,90440,100070,207030
PT-01404,0,0,0,0,0,0,0,0,0,0,0,0,0,0,0,0,0,13380,0,34690,2440,20340,61690,33330,88200,23020,66700,29250,43700,20860
PT-01405,0,0,27330,52260,22140,49380,20360,47550,0,90460,65120,208040,27440,125000,133590,83090,64800,46220,16350,76180,22850,17800,6830,17220,103430,112980,37670,13980,14920,12260
PT-01406,0,0,0,0,0,0,0,0,0,0,0,0,0,0,0,0,0,0,0,0,0,0,13320,0,42880,9590,10740,0,9180,0
PT-01407,0,0,2850,49240,0,36580,0,8700,16400,47080,8950,31300,4580,2430,5980,9270,4800,12300,15260,11900,55980,9160,18110,37860,5660,5250,30650,81660,0,12880
PT-01408,0,0,0,0,0,0,0,0,0,0,0,0,0,0,0,0,0,0,0,0,0,0,1780,2370,9620,37450,31540,25470,56880,70170
PT-01409,0,0,0,0,0,0,0,0,0,0,0,0,0,0,0,0,14020,2950,0,13430,8110,84250,25200,38660,0,6200,29100,12550,45190,12170
PT-01410,21970,175560,58680,7300,36930,47950,26020,26360,53780,10440,57490,27300,9690,31870,117970,36660,34310,96270,6630,32270,57900,69270,97730,69680,29330,167840,71340,50340,63550,85050
PT-01411,0,0,0,0,0,20720,0,24400,60920,46970,119150,177560,0,73170,35340,60480,380340,162100,110650,139940,201290,74650,68520,272210,197680,81190,258010,156190,460880,38740
PT-01412,0,0,61460,0,19750,0,119960,24990,195770,56560,69320,107880,67630,62380,123280,113330,57160,184380,59350,99330,72530,141370,89350,178700,51290,46370,141900,0,79460,132790
PT-01413,12630,27140,13830,0,0,0,29620,0,10010,22330,7010,7240,0,3090,38890,2120,53220,11020,26110,0,0,0,57440,8550,87760,5160,37110,1560,19030,23200
PT-01414,0,0,0,0,0,0,0,0,0,0,2580,4460,10560,0,0,3130,28540,17100,2340,0,58000,15840,0,8280,32620,6640,87270,8720,52340,18140
PT-01415,9020,4800,20180,6130,60980,15370,9920,0,24180,11870,7610,0,32630,9990,8730,31360,2040,2650,0,9810,10180,0,0,20340,14450,0,2940,0,43560,16650
PT-01416,302220,737320,2163200,459390,384370,688210,893530,401720,1058440,1130660,902210,712530,340940,820380,2557910,294950,190010,693100,604840,525530,837470,660050,765880,1347740,777980,684600,2660020,314800,697490,997600
PT-01417,0,0,0,0,0,0,0,0,9710,0,0,12000,7540,32350,29090,8750,12780,11500,52250,39890,0,49730,0,17490,106070,50300,257310,7560,8500,92860
PT-01418,0,0,22440,0,70290,43310,0,76500,59250,85280,115690,188320,40020,37650,0,84260,32550,0,69640,18400,47350,0,35400,56440,92010,78290,0,23700,0,76900
PT-01419,0,0,0,0,0,0,0,0,0,0,0,0,0,0,0,57320,16080,48740,43610,6260,65310,125550,0,78900,16090,18840,25360,6900,95530,42940
PT-01420,94830,67730,129840,97280,49540,113560,54970,15220,76270,40630,98160,201930,35440,104350,181440,120100,81390,68020,81070,165500,116910,14390,72070,96970,44110,53610,157920,164430,49330,130470
PT-01421,0,0,0,0,0,0,0,0,0,0,0,0,0,0,0,0,0,0,0,0,0,0,0,0,0,0,0,0,0,22380
PT-01422,0,0,0,0,0,0,0,0,0,0,0,0,0,0,0,0,0,0,0,0,0,0,0,0,0,0,3060,0,0,0
PT-01423,257830,160630,351510,270910,354370,513790,165450,163330,500670,317250,295090,393520,216800,194490,536150,308400,462760,473950,330940,296890,423010,203380,333210,519980,431000,374380,496990,203310,279090,474090
PT-01424,6860,11170,3050,68690,33230,22640,0,70770,28000,14630,16510,33080,26910,57110,37730,0,0,22190,6910,45880,84330,36270,0,24470,0,24270,41050,83620,37120,54050
PT-01425,103150,187660,216270,123830,65160,257660,159840,158660,157950,99840,215590,50560,87720,153950,236890,100500,146220,119380,19020,68880,76750,0,43810,125280,45940,87190,76630,41990,10890,0
PT-01426,702260,590440,195870,431490,725930,506760,51480,437770,1531740,911860,1001860,916910,460750,666780,489710,1342170,278340,1210670,225370,466150,884110,1752570,1139290,1375890,1261870,1719730,2047060,1872140,1770850,1593910
PT-01427,16220,56970,15960,41420,0,113730,25890,15300,48410,8970,0,26580,0,18840,45730,29530,32280,84050,66790,0,13520,101790,68040,0,13800,0,66900,0,80970,50870
PT-01428,17040,126910,43380,9400,0,160990,0,28680,19240,36200,33450,100010,23070,54600,155370,57980,153750,203150,54790,64320,164550,35950,191330,48240,90120,237420,81280,0,129400,120370
PT-01429,211740,48750,353570,39040,43460,139470,584780,374820,195470,192690,0,88020,327270,0,270530,97750,138390,421790,254220,411850,364340,201650,302140,266420,39780,35040,357120,127760,231350,305080
PT-01430,17090,58150,0,8960,0,0,0,15600,15080,0,0,4460,0,0,0,0,9620,47070,0,0,10860,33320,0,5690,47430,7400,14340,20210,10660,11140
PT-01431,0,0,7670,24600,47790,3750,4640,43300,184070,38660,0,22920,0,72120,0,0,0,31000,0,49740,80630,68480,88630,16650,0,34880,62240,54400,45570,125370
PT-01432,199290,1718740,966650,1198370,919610,1098160,1090520,1117760,2500130,1133690,2880720,2046810,843540,1201030,2306200,2599320,2124180,2472390,1698860,2289280,1908150,2217080,1906390,1612800,968840,1679730,2110510,1286610,921370,1143320
PT-01433,313400,152300,215590,344620,359190,568820,239610,221780,261570,266540,385190,302610,267930,164430,303550,167250,149220,281950,218380,133970,396590,195150,299220,373180,212260,265120,300830,368790,158070,259280
PT-01434,124070,103470,84940,140360,248500,300580,43520,60060,135590,53580,261780,427080,47320,104160,191020,240940,107100,171580,137100,211760,137800,273680,151740,414430,191320,40320,594590,389930,230390,113670
PT-01435,0,0,0,0,0,0,0,0,0,0,0,0,290490,117570,24560,57510,111700,158190,243200,28470,716660,262770,297090,544100,593310,328460,905600,213530,365740,919570
PT-01436,0,0,13550,0,3980,39310,11260,47870,38960,38610,9780,35720,11520,0,0,0,0,7300,0,49190,67440,9700,17230,16120,0,21830,9650,11880,9610,0
PT-01437,24810,26880,72740,26780,4440,12850,0,0,50170,3730,0,37800,55580,0,0,59210,5010,49480,0,13260,29020,39580,19430,10860,11370,0,3550,0,44000,0
PT-01438,258360,206530,360870,318820,280240,255060,372460,183680,474040,354520,230430,307310,284970,307480,167030,177670,331960,204960,193350,97550,138990,93530,151350,300590,192010,152760,237750,77820,84190,68240
PT-01439,115770,123540,258140,0,291000,123640,469190,233640,393480,335820,275290,390710,152840,265820,232840,241720,351730,443610,244330,338400,249460,197880,507960,716280,419410,487680,215170,160250,310300,621060
PT-01440,0,0,0,0,0,15650,47710,15300,0,70560,0,11250,0,0,51220,0,0,5720,24560,58360,63890,0,53720,82420,0,45540,46640,30780,36160,46870
PT-01441,13100,61920,17210,88370,63100,44260,41070,50000,30240,63210,12260,104420,42770,31900,59520,4820,83360,60830,42330,121180,39970,32660,19460,43510,49060,37380,87060,38840,101370,66860
PT-01442,116510,147150,195950,218130,231250,153780,101030,62810,252490,235110,96550,252380,192850,162830,254230,188170,157350,181770,103140,70820,216210,163070,168280,137030,199080,279560,261530,230190,308430,314120
PT-01443,0,0,0,0,0,0,0,0,0,0,0,0,0,0,0,0,0,0,0,0,0,0,0,0,0,0,20950,10920,23240,5680
PT-01444,279710,186220,462200,275070,430680,363320,227970,285250,469250,225790,371940,645400,278560,311060,401770,348760,309360,597390,414720,408990,552040,455710,466240,433730,229320,338660,634610,206610,166440,334290
PT-01445,0,0,5650,8550,2730,0,0,0,7150,5330,0,44650,0,17640,0,1580,0,0,46600,3560,0,8020,0,0,2980,5570,0,0,4360,34640
PT-01446,0,0,0,0,0,0,0,0,0,0,0,0,0,62860,9480,0,7960,0,13240,0,95440,112300,40470,135330,8680,36050,56030,27890,54960,11860
PT-01447,0,0,0,0,0,0,0,0,0,0,0,0,0,0,0,0,0,0,0,0,0,0,0,0,0,0,1820,30860,4420,0
PT-01448,0,0,0,0,0,0,0,0,0,0,0,0,0,0,0,0,0,0,0,0,0,0,0,0,0,0,0,0,0,2420
PT-01449,22500,64820,147040,23510,110530,125610,10980,48430,49120,181610,64680,12930,115350,47260,95140,113900,85720,197940,100100,125760,46460,85370,60930,268130,72730,133730,148920,33530,113830,114690
PT-01450,292950,372560,882520,725560,348000,1710390,964410,117990,998120,718790,0,3125530,388500,970510,2012330,957580,850040,1743940,1843240,791530,2340870,1204710,1701720,2802390,1822480,2138470,2548850,1685750,1536900,3078250
PT-01451,20190,38390,4000,9220,85210,23050,98110,46220,66220,138060,11510,152440,9200,60660,44080,28740,70440,43770,9160,45820,64880,47550,30270,77270,32440,29320,76480,93870,38050,39810
PT-01452,77870,46730,143590,45310,43750,107510,25870,16640,174680,21160,117770,110330,77620,171500,100750,71430,123880,230880,23680,87580,88850,76310,49260,141030,42750,138970,131910,84100,30470,181530
PT-01453,27600,3380,0,34450,7910,89450,0,6360,58530,21340,1770,4660,5890,0,14960,45600,14690,3820,111660,0,5560,14830,40510,3440,19830,28610,7760,15440,73150,41620
PT-01454,104310,116250,399640,95600,41410,266150,32130,246700,382220,178810,356740,407040,73280,453940,575400,337330,235380,251280,225830,410140,401250,339710,305390,791250,477370,246760,396880,370640,220140,444120
PT-01455,260380,87500,116250,57960,0,133320,173450,60500,143000,67940,394100,44480,120960,0,317790,125600,83580,96160,454570,317820,236560,0,70200,242930,236950,48450,211390,153940,59640,625910
PT-01456,53820,354930,215250,122100,86050,205730,147420,106160,136600,93300,156210,190560,142720,143020,153510,248610,196580,193470,121230,107840,237290,182780,218790,183950,85890,195060,267180,203460,294410,210320
PT-01457,0,82720,48540,0,14140,5080,2120,11740,28010,21000,28100,0,0,0,36500,0,115600,31210,76450,10410,17520,49930,11490,0,0,4140,41030,17570,4220,21680
PT-01458,0,12880,0,17070,0,109880,30230,48830,0,0,107140,0,0,26340,16200,10260,0,29190,0,66830,0,48660,49810,0,16860,22360,31460,0,0,7500
PT-01459,92730,6860,87320,25290,76250,118820,11540,44030,40930,129270,49120,13210,42060,72900,27280,52650,21360,42690,38060,3960,70000,35130,39220,32760,86960,59700,15780,78630,32390,60710
PT-01460,49880,72460,368720,49180,16200,0,16720,63760,90610,99560,39850,147930,42200,115150,337650,81050,69680,172910,91940,67630,115510,69990,52440,149710,43930,29330,342940,67960,94090,74760
PT-01461,0,0,75980,0,38840,18820,0,0,104290,0,32730,22980,25370,0,50690,0,0,9160,98580,36840,0,43160,91350,112270,85130,43290,83570,0,33140,40120
PT-01462,142210,15200,256310,72600,0,62680,149070,91460,51910,89530,38640,199890,128260,93500,377930,53660,109930,86960,95410,83220,324660,165570,32880,188270,204730,145310,310410,19320,115570,164890
PT-01463,0,0,0,0,0,0,0,0,0,0,0,0,0,0,0,0,0,0,0,0,0,0,0,0,24850,18510,0,52760,30740,64740
PT-01464,85890,83490,202200,272510,346700,309040,78810,136180,53580,401770,208490,442220,326860,392290,582290,134140,140600,591910,193830,215700,424460,453710,237730,203470,400990,376500,589340,350300,334670,704810
PT-01465,0,0,0,0,0,5780,62690,4380,0,0,41710,12560,3510,35820,9240,7930,0,0,28500,0,4430,0,34770,34570,22830,0,52550,3900,56120,58930
PT-01466,16440,136000,62510,0,21230,32300,8340,16320,9170,23300,110810,55170,81440,50040,68810,31200,66570,117360,60650,7230,112810,17450,53210,106330,63560,52860,164820,48500,50690,30800
PT-01467,22650,18870,174110,43630,19560,21060,0,14100,11840,0,59260,48780,47650,55730,10980,21270,92760,69790,11280,14880,40810,51640,14350,59850,78520,38560,76010,144790,46300,34910
PT-01468,103760,88090,235240,232400,65600,241500,0,181320,333590,157360,274410,409030,153410,79200,148190,112690,230460,362550,112440,113670,271680,88260,104170,165580,79700,472060,352190,166280,129340,348010
PT-01469,424730,289550,483140,258570,637950,754690,259260,432650,732230,671590,453410,1004830,439770,243140,576660,642120,858660,852560,417220,462330,1308510,392560,1260550,1320540,620430,187680,836950,806510,236750,1142260
PT-01470,0,0,0,0,0,0,0,0,0,0,0,0,0,0,26580,25160,0,97840,0,43710,15120,65740,81270,108620,83060,81750,39900,58050,82130,105920
PT-01471,3620,3360,3120,38500,41980,0,52290,2960,4860,37130,113030,9820,44590,127380,4730,50340,85000,0,0,56630,6970,50220,63520,0,0,56250,49370,8390,8490,48330
PT-01472,111900,117190,29550,107610,244840,322670,25900,102770,232820,170020,245690,341340,112460,244780,174400,36950,79340,175530,232000,61260,307880,260560,496740,218620,168050,153440,498170,210010,91310,407340
PT-01473,340820,392190,820200,484750,166570,930370,1143310,370170,420670,437910,495760,1792270,548920,1182370,794350,1022380,1207050,1407220,2122240,1032380,1903540,1576800,1954780,1667480,1099860,1713730,1961210,1941010,2193240,1882080
PT-01474,0,0,0,0,0,0,0,0,0,0,59490,33000,57530,53920,16520,33820,43540,57280,36920,32310,0,0,40820,0,0,85280,30240,42490,77240,53500
PT-01475,0,0,0,0,0,150520,64980,107600,90670,27000,131280,326030,55830,307930,201940,169040,248850,233480,452440,201000,258940,176460,257360,273310,483200,296840,509630,169430,346280,252380
PT-01476,33660,0,108660,73470,0,87440,56620,94000,122820,58300,54890,115690,27940,55270,127280,65420,6270,23140,17870,14410,121170,79760,66190,9180,23650,2420,37500,15610,3680,36040
PT-01477,179050,473820,121170,354760,385080,350580,129900,267640,227460,177630,225520,571910,292800,781300,314390,143670,208140,423050,557780,156100,511380,375260,692530,507330,455650,512570,1015250,336950,667750,1336820
PT-01478,8380,25700,34660,9260,57620,7720,11450,138680,71710,0,10950,54040,4860,10010,50610,63500,47960,29110,50380,7950,52480,124660,56900,6360,49800,7380,49170,6400,28380,64430
PT-01479,0,0,0,0,0,0,0,0,0,0,0,46240,14760,41040,86630,89320,105570,345760,203780,200480,190900,200000,213680,153640,90530,126230,194260,96420,321460,302180
PT-01480,256380,272990,260510,291740,341910,463420,502000,242190,238940,334170,350280,437700,260220,449910,603020,347290,646060,588770,227330,422280,1006240,988390,1067460,1234990,1228660,846950,947640,811810,1531510,1100450
PT-01481,0,0,51920,0,0,93760,70660,31320,62130,46200,36080,0,41150,24390,0,0,32340,36840,66720,0,30080,82780,31050,23400,36400,29550,107390,0,21240,48190
PT-01482,0,0,0,0,0,0,0,0,0,0,0,0,0,0,0,0,0,0,0,0,0,0,82040,61380,0,0,81310,0,31030,16470
PT-01483,140860,37350,59040,81550,87440,68040,63370,9590,58190,79000,64930,56530,0,100810,80760,75630,41530,44920,10770,18540,110850,9460,21200,58640,13800,91110,43650,55290,14400,155650
PT-01484,0,6650,0,115360,4500,6960,2490,6960,64910,2620,0,3720,2420,0,36960,0,11160,0,3440,0,6440,2850,14020,4040,2200,55580,12020,3510,8530,34820
PT-01485,3220,3300,9130,0,0,11280,3090,7640,37410,7160,0,60250,7670,0,27940,5300,2540,13880,60330,7470,8000,41610,0,6670,2560,44840,20680,18830,13010,0
PT-01486,17410,23590,30840,8370,40890,29470,0,25160,46820,74580,6200,60200,34380,7870,63420,19060,60200,50180,41960,14210,33210,21610,12020,2850,48160,0,40850,60520,51330,56200
PT-01487,0,47160,117350,33680,156520,73110,46300,66770,0,159480,219820,144380,208790,24570,21550,121760,0,106760,20970,167330,214880,78390,61600,125240,19050,0,76620,81180,95660,143160
PT-01488,35650,29020,62990,54200,82680,110850,46460,0,28000,40530,36370,116480,86810,14880,117160,82650,44290,45480,25490,44320,14010,60470,66540,102340,29310,85250,187100,52540,78670,39090
PT-01489,0,0,5990,0,0,12900,97340,8360,11100,72960,48200,58980,9930,64080,34410,40310,14960,12320,83500,16990,86170,24700,66080,56300,8130,20150,96060,14990,101590,14310
PT-01490,0,0,0,0,0,8180,0,32980,34300,8320,89540,128140,6760,36170,107450,82140,14020,60290,0,0,44680,17100,61160,31600,93010,26300,41010,24940,52770,53840
PT-01491,0,0,0,0,0,0,0,0,0,0,0,0,0,0,0,0,0,0,0,0,0,0,0,0,0,8830,83870,0,26550,90200
PT-01492,70140,0,0,0,0,32080,105820,57100,105280,40550,13500,0,169620,42440,83160,53920,0,0,0,49810,52180,0,20400,56340,41320,56270,60180,118140,15450,84700
PT-01493,6840,0,22920,5130,0,0,10310,0,7490,5700,3180,3060,28510,13020,0,3880,0,13580,8550,21170,0,4480,7530,5520,22160,4250,11280,0,11230,4240
PT-01494,0,0,0,0,0,0,0,0,0,0,0,0,0,0,0,0,0,0,0,0,0,0,0,0,0,0,0,0,39220,0
PT-01495,0,0,0,0,0,0,0,0,0,0,0,0,0,0,0,0,0,0,0,11340,11170,0,0,69230,0,0,0,0,64830,0
PT-01496,0,0,48130,14650,3380,1910,2830,9530,23250,24630,8100,41400,8530,28060,12920,13730,7390,2760,8660,2140,8230,0,3900,3050,0,4320,30340,21110,16780,0
PT-01497,4280,23820,25330,14960,0,47600,3400,12900,16350,6460,48760,18490,4950,13930,20700,25680,8830,41600,3460,0,13510,0,2400,0,34280,0,13410,0,6920,12330
PT-01498,0,125100,134100,47520,126660,0,235010,221500,474580,48830,48600,195010,145260,235430,172680,443100,281890,536060,0,78000,153380,89870,123580,248000,95530,211310,308110,0,321050,0
PT-01499,51150,13560,12820,21230,0,26030,0,18720,0,100700,0,6190,20870,46870,31660,5690,0,2260,62560,21950,50020,53770,3210,79170,9180,22480,99850,70350,60790,82170
PT-01500,4110,0,1890,0,0,4020,0,0,16220,2700,42970,34060,0,0,17040,12630,2380,4620,119070,0,0,7460,5910,48420,2050,4180,60250,2740,22970,3560
PT-01501,110260,507250,407470,301900,337170,128100,338940,167580,596800,333020,180260,124420,560640,593890,361930,306000,834260,633890,359590,149690,1187120,458660,345690,743430,322380,1047940,353090,744700,378940,1709380
PT-01502,0,25870,0,5170,0,14030,46840,4120,46000,0,0,12400,0,25110,48910,56800,0,3720,2380,25310,150960,22220,0,31830,0,0,116340,0,3160,0
PT-01503,24420,52800,15910,0,4530,35740,41700,19870,3320,9690,22190,41980,11710,13600,33830,3200,12000,26870,9880,0,4420,17870,16530,36140,18460,52430,49500,13820,82740,15890
PT-01504,21290,0,31020,57800,0,30930,8660,0,9900,5900,7830,73120,35290,7510,12560,46170,22350,20210,0,32240,15230,81660,15770,22020,37010,15770,20850,14690,0,47080
PT-01505,85170,323960,235080,62550,361630,254890,49180,162670,230150,309630,156000,529400,117710,123430,442740,281690,242470,481600,60290,194400,122250,160210,224240,254620,177280,223990,167090,119660,276620,365500
PT-01506,0,0,0,0,0,0,0,0,0,0,0,0,0,0,0,0,0,0,0,0,0,0,0,0,0,0,0,0,17350,0
PT-01507,0,0,80720,109160,0,87010,0,49580,0,0,90430,92820,110710,0,98360,0,134880,282080,77950,76350,190680,28840,159060,28350,139240,0,148650,83450,87390,29540
PT-01508,275340,302140,649470,1022590,406310,462490,459000,178840,960680,648790,436790,1300550,603740,873820,1533470,636780,1787510,2095480,518310,898210,1174400,1803750,1131630,1950360,644000,1118240,2242960,1272200,470040,1513830
PT-01509,83190,19400,108570,100850,29180,22120,39840,43430,48530,53070,108050,65860,137070,22880,84240,67460,97870,78140,29490,2880,88600,40760,119580,31740,41410,37960,124860,27080,51500,109260
PT-01510,78290,6340,53100,18750,0,67070,92210,9380,88960,55400,36890,80570,40570,28650,80150,50680,130610,40710,115020,29180,77720,123410,11310,47180,65140,41610,58670,18000,24440,79010
PT-01511,64370,37410,39270,63300,65620,128040,37550,117510,128790,69430,77250,132600,70180,84610,78940,10220,108080,10640,14000,21460,66800,74490,64030,117110,46520,38360,43590,30390,86070,106550
PT-01512,15700,9120,8160,7070,42460,0,83030,8610,0,6320,104390,0,5300,8640,22140,14180,30140,23190,8160,0,36280,0,19290,0,36250,0,9420,9030,0,20150
PT-01513,83200,148570,61020,75760,33070,138510,85380,66150,109630,49130,122350,109110,95850,43820,164900,91370,123710,54230,137500,159290,182750,110020,155900,111380,13110,54650,94200,44730,19770,94000
PT-01514,20340,33260,114940,34250,7620,46890,10340,0,22810,17100,22720,88990,0,9200,14360,39890,90860,46280,27120,0,0,0,66940,6440,18090,23010,73110,0,26940,14500
PT-01515,81750,77720,85410,32660,0,77250,47370,89680,130600,79600,50600,21760,58520,76200,60960,74520,129220,198780,69100,213010,56660,0,113410,76670,42440,52340,91710,105890,6680,196260
PT-01516,0,0,0,0,0,110390,0,0,43930,23380,101330,59010,25640,40960,119940,93720,51280,0,49080,61820,132440,22960,67740,113410,0,0,22550,0,85420,49210
PT-01517,0,125440,90740,0,84060,86800,147920,91800,45260,241950,188660,90610,0,198390,64900,382250,70350,263570,201710,33510,103660,176200,196810,261640,186250,109970,199120,244130,358170,112100
PT-01518,132470,223030,175050,314400,297390,260050,60940,59720,246650,286580,146080,237450,178650,215660,219980,219720,116080,208210,109800,72850,118690,98330,151880,49050,42710,49160,139960,65980,33980,147610
PT-01519,0,44120,78880,34160,24810,95160,39530,33760,71410,96480,119210,71290,0,17780,105990,12520,75410,44720,23010,81990,136060,37470,90400,90040,78290,49770,54910,98100,91240,114410
PT-01520,5680,13500,53510,0,44410,6120,0,14960,79390,0,2950,25080,8830,0,19580,35270,0,17550,0,14500,27440,92520,65880,7300,77730,0,68670,6910,26100,62100
PT-01521,59490,17900,8750,0,27690,45690,8120,54910,43920,38160,11160,51450,53550,0,14290,14780,17470,62900,104920,0,32130,0,68040,139720,16080,9420,108470,12160,50130,23490
PT-01522,43770,61480,49900,12720,5700,38180,19820,6480,84230,11930,59350,68140,44150,11830,35520,46920,138870,46620,55280,57590,106450,0,49490,109370,9070,25010,54490,0,24680,57940
PT-01523,6960,6070,37920,13960,13980,41480,0,12160,11360,2510,42160,31980,29320,7170,15240,2420,41870,47760,2170,63950,33700,137990,9230,0,2990,20180,80990,5830,19060,26500
PT-01524,9050,0,99550,2940,85790,24170,0,0,0,7060,0,0,12510,0,0,123130,0,0,4040,0,8320,0,19030,12980,4230,1570,0,77720,0,35130
PT-01525,12240,24440,65360,6960,55470,38340,18550,0,18120,14170,93540,81100,5940,0,125800,9300,12260,48290,15920,15950,4460,38010,0,169920,37790,42880,170240,23680,170770,20970
PT-01526,0,0,0,0,4840,15630,0,9540,14630,28630,18280,23870,12400,20810,13590,8740,0,21200,18170,0,36270,9730,14780,38080,22230,8800,65700,11360,44670,72170
PT-01527,27170,66160,60980,83290,32800,6120,15890,14190,51240,22900,87260,113140,10210,64760,91820,38140,46100,91640,39370,31040,63800,20030,8290,86910,68650,18410,100630,71650,22460,51890
PT-01528,25400,18140,99690,10180,65180,13540,5940,22940,44250,11810,101360,13670,0,67060,34230,16840,18960,24280,47010,33520,9510,57870,0,10800,2030,2500,76850,20130,0,0
PT-01529,80130,87910,70610,0,47450,67900,10970,78660,29440,0,58620,83650,0,77880,105850,0,29640,0,82790,14410,26020,73400,10420,14850,13490,35190,56200,6360,0,0
PT-01530,255070,217570,168020,197180,54340,285080,297750,44690,257030,196360,268560,205550,97030,161790,242320,193290,182080,157170,130600,210500,172870,182280,68560,73940,224390,453540,329940,481440,234860,131280
PT-01531,14530,12380,0,35680,21920,23450,0,0,9720,6930,0,17420,7590,19610,7070,10490,9380,19470,11360,0,38190,28900,16930,9860,20990,3840,11960,3680,26580,16280
PT-01532,47200,19350,166710,106200,128760,42920,64860,194050,165610,89930,66990,293700,68520,148050,256260,107380,220670,152580,203230,82110,273870,117910,212550,203630,263950,125700,237470,172450,189470,271480
PT-01533,14000,5000,45340,38190,61880,44950,3320,6500,38560,0,32600,23650,38520,6940,27530,0,21510,25290,0,8690,12060,0,37570,73230,5920,3920,16650,35090,15730,36950
PT-01534,35530,73780,94680,63270,138150,49800,33390,144020,137250,230990,61060,105730,27300,188640,187380,18160,93290,102090,69950,138350,123140,96680,187120,124340,114060,194280,123950,292870,92320,336480
PT-01535,56460,18060,120150,64440,18940,76200,55820,87100,208440,132500,149450,78920,36790,56840,213790,81150,147200,103570,33370,75520,103980,27000,97320,25830,22170,14040,90090,9240,6840,67110
PT-01536,0,0,0,0,0,0,0,0,0,0,0,0,0,0,0,0,0,0,0,0,0,0,0,18160,22620,19050,0,47060,28760,112140
PT-01537,13520,21370,11220,9890,10310,18150,121820,37260,9870,8270,0,51730,0,8440,16950,58980,9570,38880,17950,0,6040,2700,13320,39800,0,12110,13100,0,0,20900
PT-01538,153110,210230,287610,321050,144030,193730,129750,256540,87010,109010,303050,202740,170340,156010,166270,103800,129100,102990,52950,41480,135620,150740,24320,160520,86710,71910,129270,22100,23810,55890
PT-01539,8440,8500,120470,77520,43860,96570,20160,58690,120600,65430,32600,142990,71990,132890,34050,52840,43070,137870,105320,161140,69080,48180,113460,106290,39060,103090,159880,127430,158000,146440
PT-01540,48340,73450,67590,53910,78970,123050,50340,43250,88410,40690,62060,92600,31330,66880,56260,29770,92650,42120,123220,19810,91020,102470,139460,85080,194130,64190,162270,68280,59190,203970
PT-01541,1630,0,0,2710,0,10620,0,8020,49400,51680,0,1420,2310,5900,0,0,0,0,14110,0,85300,4000,48110,0,3110,8650,14580,46100,5670,40880
PT-01542,130370,87720,607290,139480,52610,203080,130790,117920,212120,230210,160870,173980,187860,91940,550810,35160,120940,141160,171700,147780,159980,104200,275300,331540,218640,120010,412130,157370,87830,329220
PT-01543,0,0,0,0,0,1720,0,0,32830,0,1540,38860,0,6390,1860,0,34340,14310,0,14950,0,0,0,0,1310,0,11200,1620,0,0
PT-01544,131470,101680,155570,132050,97140,164280,99190,54800,151820,113500,58670,109740,28920,11300,101820,45020,52850,92690,5360,93740,63790,18570,45590,50130,34350,13560,68050,21580,54110,63780
PT-01545,44170,3580,8850,18240,62100,109630,0,0,6810,53130,0,4700,45550,52120,61630,0,2030,45010,0,14640,12100,7510,11910,14430,0,5920,7320,0,63730,16750
PT-01546,0,0,0,0,0,0,0,0,0,0,0,0,0,0,0,0,0,0,0,0,0,0,0,5550,49180,39110,34240,0,34240,99330
PT-01547,0,0,0,0,0,0,0,0,0,0,0,0,0,0,0,0,0,0,0,0,0,40350,0,0,0,98570,6290,0,8080,0
PT-01548,126360,31080,137320,60320,143800,113810,104000,0,0,97920,143400,325420,161700,155760,0,373560,127770,399570,340620,0,418900,279090,0,304100,258250,136200,255720,0,213600,411480
PT-01549,50680,49280,50090,27630,60050,60230,20980,0,51290,54350,30050,52710,67250,21870,47990,17440,43080,137720,25770,29910,22940,37460,58780,52310,54490,61240,12680,20390,46560,83200
PT-01550,50310,60290,57410,61300,95990,116300,120000,83370,111340,16900,17800,114520,79380,106180,150470,6990,53090,109050,4890,36110,65800,123660,74220,111810,13570,67540,133880,107840,31500,26480
PT-01551,0,0,0,0,0,0,0,0,0,0,0,0,0,0,0,0,0,0,0,0,0,0,0,0,0,0,17950,12320,34690,40870
PT-01552,37990,45830,39840,98810,9030,72700,50140,63540,63810,54750,140510,25880,17820,70770,186860,57090,0,88040,143350,0,53130,68050,62150,78490,24000,45910,43970,36340,37630,57990
PT-01553,0,1900,0,0,26650,8050,0,0,2660,10050,15180,0,37870,22640,7140,0,0,9480,33920,1120,0,0,0,0,0,3640,0,0,0,1390
PT-01554,39840,70360,38510,63210,92120,8800,39290,52460,61310,16760,63940,96900,105930,72200,56370,83730,108570,255910,63660,22810,151280,126260,48970,111820,57390,39060,138960,122030,142240,240450
PT-01555,127570,57530,121340,0,30640,30290,78770,16060,28900,57940,59370,22180,42460,0,78240,0,33890,52110,19790,44540,49590,73900,55990,93400,33060,98710,55760,26020,169160,97660
PT-01556,0,0,0,0,0,0,0,0,0,0,0,0,0,0,0,0,0,0,0,0,5220,3000,3560,0,13320,6080,44370,16210,9720,41240
PT-01557,96190,78940,71490,153910,217220,0,90870,29340,160110,202450,22820,111440,219230,80800,95100,46080,17160,75210,56850,77790,48330,197670,129620,19650,26620,20280,0,34400,0,17850
PT-01558,0,0,0,0,0,0,0,0,0,0,0,0,0,0,0,0,0,0,0,29910,0,0,162250,16120,14100,0,53890,44100,18900,83910
PT-01559,2740,1890,15590,2780,0,11440,0,18900,9780,8650,111940,0,8010,48030,0,16980,52260,29310,10410,8630,25580,34880,3240,22670,21130,15460,39600,6090,18770,48750
PT-01560,0,0,0,0,31400,34610,23880,60310,34060,0,52560,57730,13800,190030,178920,0,25350,40370,133410,29960,139650,91380,63540,165070,48570,67020,4530,79910,34360,31850
PT-01561,0,20500,20010,50790,2430,2030,5370,0,0,0,8250,7110,26370,39090,2620,0,2300,61660,2600,0,52440,9110,10970,51780,62660,40750,11450,13900,81840,60240
PT-01562,0,55930,0,2740,28830,6860,11240,41480,0,19100,0,5480,6900,29130,0,5040,5990,61670,17040,34790,57110,12320,0,8070,4260,21840,0,4890,12040,12070
PT-01563,70750,161930,81900,26920,6980,126830,70890,23500,177140,372280,42740,131830,0,140070,93980,112050,77800,111280,85250,99900,103360,42970,90990,64860,34910,74420,114540,69920,157050,85750
PT-01564,851880,484060,879910,683720,820480,556260,359220,153830,944530,504490,626340,1057160,812400,682510,785570,568190,663710,880390,621000,487140,436810,672750,384790,796610,414580,345510,315670,336720,189340,386640
PT-01565,21960,18600,44910,64480,0,21620,16840,18980,0,10680,16560,0,64590,0,26500,16200,21910,0,0,46070,48140,0,39330,14700,31320,0,41930,31620,0,21200
PT-01566,0,0,0,0,0,0,0,0,0,0,0,0,0,0,0,0,0,0,0,0,0,0,0,0,0,0,0,0,63400,61780
PT-01567,0,0,0,0,0,0,0,0,0,0,0,14480,0,0,0,32900,66500,0,69960,13320,77690,52880,0,59420,0,0,38160,0,19920,14040
PT-01568,394230,647600,1246030,271930,673220,339000,928370,472170,1771290,840970,1000490,1492300,941640,712210,1507940,1095360,1248690,1119010,1468710,263800,1990340,495540,771020,2162830,1225420,1812880,1560670,1196620,986380,2573020
PT-01569,0,30800,24830,0,44540,9650,75180,10300,0,15360,35970,18240,9680,17800,0,87710,0,67750,29780,13960,17500,24740,15600,47160,52000,0,45540,23750,40960,86360
PT-01570,313860,20160,407210,107860,162380,335280,67200,270560,388770,73470,518880,594610,200730,173490,483950,264260,300300,152410,133330,208800,352350,527330,89990,179450,0,311740,323460,147720,239530,291100
PT-01571,24420,0,0,13560,37670,13920,0,9760,0,0,16680,22120,0,4300,0,0,0,25220,41920,0,38800,0,9120,12330,6680,14400,25640,47190,58240,5580
PT-01572,0,4770,0,0,0,44830,19380,0,2310,10800,21590,0,40830,0,27560,0,27990,8460,18870,0,0,69600,1630,39460,3720,2620,65520,3080,6140,5540
PT-01573,38300,24070,201680,56600,41460,64070,90450,43540,138450,124780,331980,117460,82950,112510,135330,219710,65360,105270,187080,102910,110230,46310,116620,254900,73650,116090,170490,126600,197660,161050
PT-01574,29400,101730,0,84310,39180,81570,51570,26320,78460,141910,27120,47170,86270,0,0,177160,22110,71120,43650,50980,32090,36980,10250,176370,152420,112160,61830,119630,172680,76470
PT-01575,27330,41060,11210,51200,28930,25420,7980,0,35330,19500,53150,132440,86400,56630,158660,129170,26640,0,65280,33800,46330,81950,68800,139480,84540,42020,169680,88360,134500,90970
PT-01576,60600,0,56480,23580,93260,32110,14890,122720,24280,38080,60950,107200,45530,56770,36630,50430,43600,40260,22740,14020,29100,20350,19620,16780,9470,7660,9060,5400,21680,10870
PT-01577,61200,34500,334030,87580,180950,0,111170,84410,168910,47430,130490,186790,107280,46480,241730,337080,139380,441740,316960,61440,369610,316910,137320,409550,289590,197450,769640,336230,383850,441200
PT-01578,45000,0,0,24840,2140,15430,4480,3010,62450,49990,86460,5510,42300,30010,37930,0,0,0,51130,0,11790,8020,28850,6020,0,46540,37420,9710,34910,46900
PT-01579,0,0,40060,59200,111050,61520,64100,3840,59350,0,77690,24560,83880,0,85160,2420,27660,106060,0,0,69820,0,18550,75540,0,31060,40850,3080,44110,0
PT-01580,99640,90800,73230,88910,211260,201300,153300,136120,93980,86570,169980,216540,188820,190230,66930,132550,107580,169160,109850,142890,164330,191310,165700,230840,157100,40470,242520,225500,117570,279280
PT-01581,2220,2530,6260,0,36600,4060,2040,3260,10530,11520,0,3210,20100,0,92800,40130,35460,33790,64040,0,6140,0,0,7740,2960,0,2160,0,0,5750
PT-01582,0,0,0,0,0,0,0,0,0,0,0,0,0,15010,78540,0,0,49640,51070,0,18400,40150,32060,131470,79690,61980,48760,49280,0,19050
PT-01583,33590,10070,40520,8050,11980,51400,29530,0,33720,16820,44180,0,38100,0,21070,33380,0,43010,35310,10690,45000,24550,38620,18970,48180,0,126300,17900,31960,79530
PT-01584,230540,74820,211210,75120,115920,536690,56330,246360,386810,178400,202140,120900,233210,47550,425330,234260,223960,528240,245400,200850,310380,333200,66960,382080,191440,548530,195120,422970,566350,463090
PT-01585,64170,51540,40130,79120,43510,60710,45350,86990,153270,179690,85170,65980,66850,84040,202310,50090,67980,42260,80990,64360,102600,26840,54200,54910,51930,24160,10130,9420,23670,42690
PT-01586,33800,57420,22900,57560,76930,84730,37520,23360,163330,23430,104090,57920,28370,10290,10400,28880,8100,93320,73650,22380,13500,39030,0,18610,71930,70520,48500,63870,100230,34970
PT-01587,0,0,0,0,0,0,0,0,0,0,0,0,0,0,0,0,0,0,0,0,34170,0,79330,25660,92940,36830,27090,36940,59320,22860
PT-01588,0,0,0,0,0,0,0,0,0,0,0,0,0,0,47520,0,0,0,15080,19220,0,0,35180,72380,0,0,26800,0,12130,0
PT-01589,0,0,0,0,0,0,0,0,0,0,0,0,0,0,83680,0,0,0,51840,0,37930,0,33920,20520,35800,66350,51320,29760,28030,17940
PT-01590,123100,31300,86600,156380,116390,183320,69400,66350,45300,55060,50560,247230,26320,72710,183040,121810,124970,81650,32100,121920,147710,145590,45210,149810,16680,73020,110090,25720,11560,132310
PT-01591,0,0,0,0,0,0,0,26230,8670,0,0,42900,14960,42530,85550,0,45850,42110,24510,0,9630,21670,22290,49700,28840,85750,46150,0,46090,0
PT-01592,58070,135230,33550,172650,157100,134200,27940,0,200520,78490,223970,358380,121920,110270,200920,137690,263160,208750,393230,306810,262190,243460,147220,141440,175050,0,201100,293250,369180,258210
PT-01593,28620,10670,40490,97340,81060,84930,131450,45190,144750,38300,32820,93420,13520,144100,18000,14920,108680,67540,106740,44540,101900,31960,68400,158770,83510,111810,55400,27220,65960,42060
PT-01594,10410,36520,58050,28130,6680,56160,89830,55200,53280,6380,26130,131180,12650,15940,57790,5990,7340,20090,8380,8640,29410,78080,0,32650,71000,4900,20680,12520,6450,36100
PT-01595,0,0,0,0,0,0,0,0,0,0,0,0,0,0,0,0,0,20210,8000,0,70930,0,21430,174630,0,22270,143210,27760,34580,36540
PT-01596,24940,0,27100,32240,6550,0,0,0,13000,30270,0,0,54640,0,100800,0,49540,30580,13970,37600,85650,49780,51940,18790,0,22430,51430,35380,4200,53150
PT-01597,0,0,0,0,0,0,0,0,0,0,0,0,0,0,27840,72630,53230,46200,88240,18150,183470,49660,71460,249500,188530,398370,256760,46580,437740,412040
PT-01598,286560,0,0,30020,96780,90070,191460,51380,0,0,65550,163940,102580,372550,0,372140,53320,131960,176220,212760,234540,173600,269550,250810,121760,83320,367870,77080,119160,374550
PT-01599,0,0,0,0,0,20720,9070,0,0,2850,19580,55800,13920,28370,14120,0,35680,8460,0,22650,10160,16910,22130,34160,15020,3090,0,59260,11410,17470
PT-01600,0,0,0,0,0,0,0,0,0,0,0,0,0,0,0,0,0,0,0,0,0,0,0,0,0,27310,0,1600,42980,0
PT-01601,0,0,0,0,0,0,0,0,0,0,0,0,0,0,0,0,0,0,0,0,0,0,0,0,0,0,0,0,0,24110
PT-01602,124470,217360,386200,122810,321920,447360,224040,33840,373420,484230,435140,460690,156850,315290,459220,68010,438090,496300,402400,326980,780350,576150,496400,563750,335890,392670,619250,623650,649230,767600
PT-01603,0,0,0,0,0,0,0,0,0,0,0,0,0,0,0,0,0,0,0,0,0,6820,14990,12290,15420,8090,22680,24970,3620,30940
PT-01604,60050,137660,73520,59920,108330,245870,123660,15710,71110,150160,79680,100880,73800,30370,22230,141610,210430,53890,93320,14480,60320,19530,55730,178280,53120,13650,39900,11550,13820,112560
PT-01605,285740,100550,269070,151600,254430,196410,244810,131070,162170,211090,254790,461860,260840,198440,213010,293900,223930,628180,210100,204460,284920,305370,605520,555800,272900,401460,481410,365200,409480,474590
PT-01606,0,34250,76300,58990,2780,5260,13310,8590,87240,36350,4380,39920,37410,90490,28110,92030,0,63640,27330,7140,78730,31150,0,41220,50800,153960,37910,22140,67840,90970
PT-01607,0,0,0,0,0,0,0,0,0,0,14990,32610,0,47790,19530,7590,0,11160,28680,0,53600,0,28650,0,5460,0,0,9880,66010,19370
PT-01608,0,0,0,0,0,0,0,0,0,0,0,0,17360,0,0,63960,0,35920,0,0,67200,39920,54320,50440,47560,86040,0,0,52920,27660
PT-01609,102660,0,13030,0,44960,7880,0,0,13550,26750,10250,65360,10930,3580,44810,36740,35930,62410,6200,0,3240,18260,9840,2020,1900,6710,7370,0,49970,171830
PT-01610,0,0,0,0,0,0,0,0,0,0,0,0,0,0,27840,31600,0,16590,0,19460,48130,0,90750,78970,0,0,13440,21500,0,0
PT-01611,0,19380,0,0,0,0,2160,10020,2760,18870,36670,3240,32880,0,8100,0,14200,0,0,0,4150,11300,0,13440,0,0,14900,8160,30440,8730
PT-01612,0,27960,0,13240,0,60520,15310,11540,5040,7200,2870,75530,7620,58500,12210,12770,2680,43880,2900,50310,0,6350,6720,57740,12540,87170,38100,0,55020,31390
PT-01613,29840,8880,194680,12230,0,72630,43630,76840,125020,92430,41340,15050,8940,128540,209700,31440,35320,52300,60670,35770,9950,43960,7600,90310,19680,28070,439350,3260,74780,6740
PT-01614,0,0,0,0,0,0,0,0,0,0,0,0,0,0,0,0,0,0,0,0,0,0,0,0,3060,0,53140,0,0,19520
PT-01615,75500,81720,482900,92140,382610,249900,184020,283930,291380,80150,220770,350040,205690,211880,614700,490910,419360,463380,581740,336960,623820,762750,512710,602920,436140,454680,987050,501530,323680,562300
PT-01616,0,0,0,0,0,0,0,0,0,0,0,0,0,0,0,0,0,0,0,0,0,0,0,0,0,0,0,0,19260,59890
PT-01617,172300,230690,106790,187290,177440,221860,57950,208200,286370,187040,320950,209290,85200,160270,257980,107540,242540,106540,60920,98430,474810,214060,77270,194800,133930,113410,239210,140270,139870,206630
PT-01618,0,0,0,0,0,0,0,0,0,0,0,0,0,0,0,0,3200,2830,0,0,0,2060,0,0,0,0,0,0,0,5910
PT-01619,42980,60620,120400,83190,71870,29760,50420,50040,119600,104620,53440,96460,97320,96680,110580,137860,67970,195630,171250,106550,77140,65250,68540,159850,134840,106640,164040,69310,158480,60520
PT-01620,174610,563010,1164870,482850,714010,1159920,638790,687170,1883040,678910,412860,1117930,456270,420690,812130,506640,399500,1411290,823790,559410,890290,1372170,1174330,2077710,848750,903500,1531130,1457480,1314880,2424020
PT-01621,0,0,0,0,0,0,0,0,0,0,0,0,0,23940,32850,0,57630,151620,0,37040,45500,41820,51820,0,35130,0,36760,0,30180,76470
PT-01622,0,0,0,0,0,45930,0,16880,11520,17960,21420,130150,17480,91210,144250,0,0,55790,20300,0,86320,7200,50890,0,52900,30070,16000,71350,0,149470
PT-01623,12490,47050,19190,33980,19380,34340,2450,19410,145920,0,27810,18560,0,48530,11910,40120,7140,29300,0,43310,16730,52150,24480,12660,7540,11070,86530,0,2710,19850
PT-01624,0,0,0,0,0,0,9120,0,10540,49420,0,7820,44740,0,2580,45960,89560,97830,54740,8050,131210,62050,30110,46460,10510,44560,16050,74320,23680,6920
PT-01625,0,0,0,0,0,0,0,0,0,17560,0,0,0,42190,4620,10900,0,21570,2520,0,15050,14620,0,26640,13730,4640,0,4120,0,21640
PT-01626,74480,136810,55400,137590,42040,197590,33800,120150,330510,185610,60090,63420,169550,0,34810,26880,147790,74700,80600,51080,260940,55730,77750,142920,90010,85440,229870,212820,91720,34440
PT-01627,9560,22260,29480,45830,33540,49140,21210,8700,19160,78920,8020,8250,0,14900,29770,8840,96670,128870,41230,64580,36540,47330,71630,38420,108490,46090,55430,30790,104810,74440
PT-01628,0,0,0,0,0,0,14200,26430,79290,44070,71170,15550,29510,27810,24380,0,0,116690,144490,0,25880,59730,106570,66640,20970,58430,95650,0,172720,150430
PT-01629,12140,30670,17440,2910,64050,55020,8040,12460,33650,67490,18340,10450,3300,12410,28340,16880,0,27220,59880,10400,39050,23960,26000,18550,11200,74060,105560,70960,33790,24320
PT-01630,0,0,0,0,0,0,0,0,0,0,0,0,0,44850,18480,29310,21420,57920,98260,146340,64040,119620,178000,369670,60620,0,233620,286430,168320,242630
PT-01631,221270,242910,286440,169430,45280,443100,113630,78230,206710,473230,111770,430960,217740,187770,370740,80160,45800,261580,250480,209650,398590,202730,173880,475090,161870,174630,145930,179840,269900,291950
PT-01632,0,0,0,0,0,0,0,0,85680,70900,75890,213080,22120,45350,113080,81960,80510,179160,83430,50700,95320,178310,152050,175230,97880,121000,102690,236200,70000,191810
PT-01633,20910,4980,6040,100250,27290,0,4840,0,32450,44310,19000,29670,35940,44640,17230,60490,10530,10990,0,0,20750,0,24180,22020,3640,32780,16210,78130,6640,5330
PT-01634,11870,6920,74080,17780,94570,19050,41140,22550,79770,53120,79840,51990,14920,34480,49150,75110,25200,32160,22370,38700,60990,37950,34840,36700,105440,14020,53010,40630,89430,43160
PT-01635,0,0,0,0,0,0,0,0,0,0,0,10100,12360,30490,0,57980,31420,30350,72490,53770,119830,46700,26310,20070,115060,32580,133780,6780,97650,26650
PT-01636,0,0,0,0,0,0,0,0,0,0,0,0,0,0,4320,0,5680,38190,8520,12030,6810,6710,15240,2410,11780,4800,31950,2830,0,74420
PT-01637,5080,0,108660,34860,0,2050,14760,52700,88830,5850,119440,3880,9100,0,72910,3800,0,39210,47940,18280,41600,0,2250,22920,22830,0,143690,0,0,95950
PT-01638,81030,53480,108080,38470,64470,159080,109550,49470,44080,81820,55920,258860,45270,52220,189580,33610,12660,90240,59120,22570,28680,16800,4190,26230,53340,30060,29010,41650,108850,74190
PT-01639,73990,0,78560,10170,40310,53360,43470,19780,9190,0,41000,13700,0,32030,70620,48400,39530,32900,22020,26500,111380,22860,29570,57870,0,52460,110500,17610,29800,0
PT-01640,163380,96260,261100,186550,168930,203890,315870,107340,105310,43880,210480,131430,126330,128420,149640,129840,119850,232290,330300,145890,108210,274930,226160,166260,86150,31360,252540,242690,155680,80900
PT-01641,190770,172010,828180,235820,280840,97290,154860,80920,315450,144180,321060,317740,276200,230250,909640,178230,107730,242100,269440,182310,297680,247630,410250,309000,361900,164660,899170,160450,173790,204590
PT-01642,159360,61260,310000,61350,217840,168550,186290,104640,300000,359280,157700,126900,257680,123530,451260,412900,142850,239260,343290,110400,242780,454010,366690,164040,273440,420640,275030,370820,427280,497250
PT-01643,154620,97150,188220,31340,133090,228840,174990,27540,104250,162830,107410,174730,66420,92070,252900,152960,81520,212640,324720,227570,142710,276760,218180,354540,211880,198680,243730,236040,112060,253070
PT-01644,41840,62670,10800,4920,6320,24700,0,4520,0,0,91220,11860,10210,45690,4020,0,0,11050,36410,6640,7290,6920,8970,6560,9260,27180,44400,59010,0,33670
PT-01645,9480,36220,4900,15630,48810,0,11480,38970,37020,50860,27130,65980,22380,7580,4820,5750,72660,20130,42540,35360,81180,2800,82920,31930,27020,15170,46630,65300,12320,44550
PT-01646,0,0,9800,0,9370,65230,0,49010,0,0,6210,88520,0,53070,2140,5780,18700,105510,15270,0,5690,11080,137970,11930,18000,15220,15810,194630,52450,134170
PT-01647,63240,77120,92480,60970,133640,70780,32850,51730,35920,34590,106690,142280,100780,39920,130760,110090,97340,19180,38580,32580,107340,38730,38390,117720,19790,30600,34660,20870,11970,17510
PT-01648,0,0,0,0,0,0,0,0,0,0,0,0,0,0,0,0,0,0,0,0,0,0,0,0,0,0,0,0,41590,26380
PT-01649,0,0,0,0,0,0,0,0,0,0,0,0,0,0,0,0,0,1800,2600,50880,0,43520,1960,9970,0,9650,9020,0,1840,24260
PT-01650,0,0,20610,8360,9740,21030,0,0,112160,16510,52700,14540,13990,27920,95520,7230,0,47250,39680,40700,13600,6340,12120,0,0,28690,15400,0,96540,20180
PT-01651,28080,0,49270,58980,18990,63690,22620,30600,25770,0,0,66040,52260,44390,54100,39910,53830,24060,11540,0,50070,36620,63870,126440,43300,54190,64940,77200,39460,16620
PT-01652,0,0,0,0,0,0,0,0,0,0,0,0,0,9540,17280,5500,11800,21820,40420,13510,68560,29250,0,46090,5860,57180,86880,125240,76090,84440
PT-01653,0,0,0,0,0,0,0,0,0,0,0,0,0,0,0,0,0,0,0,0,0,34090,158840,104070,97840,76990,83980,116820,18120,48910
PT-01654,25400,107510,62930,60400,143200,177880,91690,33430,72330,48690,38730,136200,89860,79900,145910,171590,283090,209140,75340,63710,66240,103740,105340,246740,83730,120230,376880,232550,126710,187060
PT-01655,2190,0,3180,0,0,41340,3980,0,0,53120,15660,4250,38200,0,0,0,5710,42230,0,0,91880,0,1560,4730,2800,0,0,0,11680,4950
PT-01656,0,0,0,0,0,0,0,0,0,0,0,0,0,0,0,0,0,0,0,0,0,0,0,0,33000,68490,128560,43280,100820,223620
PT-01657,0,0,0,0,0,0,0,0,0,0,0,0,0,0,0,0,0,0,0,0,0,0,0,0,42390,0,8440,6590,3310,6310
PT-01658,13250,44610,106160,62390,0,70600,81710,2660,53320,13480,33700,85380,19680,5160,77670,34740,25530,0,164070,88800,18860,0,37490,84550,8870,40310,99290,9870,44430,21030
PT-01659,56200,33250,64880,27360,47920,43100,85210,0,78690,90460,50710,54880,54090,0,112590,48690,90610,211400,83370,18950,123440,104550,63870,238170,113050,139160,84240,43050,64230,54900
PT-01660,601050,491690,818690,1389620,734910,886370,933280,379150,1418190,630820,1384380,1173190,629770,1096760,2371550,1441620,881730,1558400,1743610,1308740,2395060,502850,2313150,1070340,1369580,707150,2369400,1444310,1893110,3454860
PT-01661,19440,0,0,32380,69620,0,0,23820,16350,0,19200,0,40080,12250,47760,39400,26500,10720,47000,0,75520,10220,35590,57120,5700,0,0,0,0,0
PT-01662,7450,41160,79190,34940,13050,26200,7600,36350,52880,20540,10050,146490,111230,72490,249940,0,65980,30530,10290,25810,45480,35830,16710,73300,12900,58770,175570,8480,10150,9810
PT-01663,141460,154670,79420,32120,209660,78280,58640,75340,202130,163740,187580,192080,11970,72710,137730,89130,150110,173750,64530,102820,184410,134470,167880,168860,90750,77540,149100,121770,130940,271850
PT-01664,49120,32600,20530,28800,145290,19450,2590,6200,11430,15710,60700,74170,20060,74090,19900,6640,87860,35900,78540,3360,43890,136900,12980,73930,128620,76380,180060,109540,127230,110790
PT-01665,0,0,147680,0,24120,63390,41880,19680,33050,0,0,23040,0,51340,100240,12360,0,37430,25190,0,66210,111030,0,0,0,36700,144600,57040,28590,23580
PT-01666,58450,100400,346660,83850,9670,96640,81640,0,161260,60590,88630,147170,35700,75120,426380,56850,149740,117260,119520,33310,166010,56320,158210,160010,100070,158140,444020,98970,16680,169290
PT-01667,71040,72500,312550,214550,167980,154250,170160,134490,211090,181360,280580,177410,86560,294650,139120,284850,265340,544600,200910,197800,212310,560440,284430,547120,175720,188900,194560,197260,177890,317440
PT-01668,9280,45310,52030,21960,81330,140100,32680,12830,66810,25940,17670,41040,50900,68270,170730,10960,18900,12290,21720,70490,224390,77330,47830,48430,28180,102390,220090,0,10160,57340
PT-01669,95220,0,54960,0,149570,82470,8980,0,32650,21400,12760,121280,63360,0,39210,0,34180,63930,21640,0,11740,38160,0,60920,0,12350,7120,9030,7240,9370
PT-01670,44490,0,3360,0,71830,43050,5540,33540,3180,11200,0,0,7960,5010,44730,6560,13630,84910,4840,41040,52720,2680,10020,50720,0,8390,2040,79340,2020,7840
PT-01671,647970,540160,131540,283510,286990,528070,426170,204050,396810,212700,463510,716340,531590,431830,520490,342860,230560,389170,445990,373830,491120,117860,529500,458590,335740,728360,541700,407760,255250,630060
PT-01672,16110,21240,13180,16320,7200,82210,22940,8380,66640,62840,18490,86430,55130,64590,80320,7320,33930,88780,59170,71410,75850,34290,59980,36580,48340,90200,30560,156920,20480,19330
PT-01673,37680,45890,37760,8690,66240,15120,11490,60510,55210,68900,52370,47150,40330,49110,138480,41110,57900,76570,69210,55700,77830,0,5550,68600,54210,11030,179810,50800,126630,128090
PT-01674,39200,8170,16260,44420,4780,42440,2770,36790,69620,93180,4220,158610,53690,1580,102110,0,25370,67820,0,3010,7030,36480,12070,7100,26150,28170,0,0,4150,87320
PT-01675,0,0,0,0,0,0,0,0,0,0,0,0,0,0,0,0,0,0,0,0,0,0,0,0,0,0,42040,3000,0,22920
PT-01676,0,0,0,0,0,0,0,0,0,0,0,0,0,0,0,0,0,0,0,0,0,0,30630,49660,41430,17380,56510,77350,15360,59440
PT-01677,9140,0,48930,14840,46760,13570,0,6090,13580,10120,14260,17070,0,17330,21960,0,0,0,3810,70040,55240,8460,12810,45150,13010,15380,52460,41710,32880,62300
PT-01678,22980,114260,50390,72220,81300,88090,68880,0,61380,45440,27670,36720,24750,9240,64470,37190,0,18040,68140,15500,59920,77690,50520,61400,14800,100760,0,0,21580,45960
PT-01679,89530,55460,210340,9900,101090,129670,57890,9750,141930,146390,164460,172060,73560,96620,4560,194580,88610,76600,116180,99130,68320,131260,128840,194200,61500,119230,192430,3050,254950,296270
PT-01680,126380,118960,345620,97120,185860,314940,94190,72830,343050,152190,273360,182120,132070,190180,324930,84860,107020,287770,138050,52700,239360,48000,55970,159720,165540,170240,137110,91060,117260,112010
PT-01681,0,0,0,0,0,0,0,0,0,0,0,0,0,0,0,0,0,0,0,0,0,0,5840,31440,0,33810,64480,11990,19730,39970
PT-01682,21030,3340,41950,18540,11060,25860,6700,11350,6670,7920,11650,2180,3350,58200,11740,56110,55540,60460,6070,11700,8900,3110,48720,5070,82660,12240,51210,0,49480,24310
PT-01683,29840,38640,15160,0,103380,40240,0,11900,82540,46960,16440,0,69610,0,36020,86760,24430,87800,14820,106980,37170,57090,83100,143070,0,105750,93530,91140,49590,141350
PT-01684,0,0,0,0,0,0,0,0,0,0,38950,0,29770,16520,8160,0,24300,0,17700,0,0,0,39600,26080,33350,0,19110,8380,13390,34230
PT-01685,7840,5080,2650,0,0,19270,0,13700,13410,56730,32820,18960,13120,6400,77130,76900,59160,75390,95210,3620,77420,5000,40410,16830,0,11560,17550,23630,14800,4160
PT-01686,0,0,0,0,0,0,0,0,0,0,0,0,0,0,0,0,0,0,22920,83670,36850,44710,0,69240,43090,37110,132380,49750,90860,199590
PT-01687,27900,15280,29190,60020,63460,51180,84220,36490,65820,40020,41790,66460,7340,116370,71560,43760,66690,75300,53600,26720,35760,24520,13550,107830,27810,0,105130,49940,59000,76240
PT-01688,0,0,0,0,0,0,0,0,0,0,0,0,0,2690,2790,0,6550,0,2240,0,48100,0,24650,1660,38460,15340,48340,44640,59920,13110
PT-01689,107040,0,155380,0,60900,36600,0,137140,69240,42840,0,182520,47250,253800,156450,208360,123420,133910,67680,79390,43160,107520,73900,238240,0,103120,316080,259830,353700,366260
PT-01690,42000,0,114380,47000,55360,43200,144200,130250,0,148840,80320,32550,45360,30450,99240,0,16960,56230,25990,74200,0,51140,42840,0,0,0,80970,0,0,46200
PT-01691,0,0,0,0,0,0,0,0,0,0,0,0,0,0,0,0,0,10870,2750,5700,22830,98420,0,88120,38850,30820,7540,76380,17680,5550
PT-01692,0,0,0,0,0,0,0,0,0,0,0,0,0,0,8830,8390,38180,54870,6550,5500,15270,15030,0,25100,55810,31140,29230,0,18730,8940
PT-01693,0,0,0,0,0,0,0,0,0,0,0,0,0,0,0,0,0,0,0,0,0,6640,10210,0,0,33020,59170,0,3950,0
PT-01694,137040,210640,288190,155000,189590,251690,267190,98900,146440,117040,349650,286400,141310,251100,231550,291770,226320,257680,266260,174040,77090,173920,227060,402480,348750,128070,436050,292110,51520,237910
PT-01695,154740,201840,1013150,166080,107900,329950,463680,260880,288400,189850,264900,572820,196570,307130,770270,147310,284650,321120,250430,162930,351810,217870,241890,302260,252340,405320,1135220,140610,240620,228880
PT-01696,47760,5940,69530,52370,25190,77580,2900,15250,20170,0,48570,71090,46460,30280,2600,20770,63380,87550,2700,24470,130170,119410,161160,43310,75270,31010,109480,0,55020,134160
PT-01697,41260,73370,80810,47720,16840,28500,91540,13780,10030,139830,121890,8540,7450,13440,89870,77340,71540,146500,61360,0,55670,13940,10020,43930,14300,72600,89470,35170,110940,89110
PT-01698,7010,10300,102430,5040,21910,15690,0,29560,14280,11250,52560,46890,24820,29650,162470,4620,3720,3330,35340,29910,53640,2390,32850,5490,14900,101220,70290,0,3360,4100
PT-01699,0,0,53700,0,76910,0,27120,38280,16960,0,91320,132190,106300,39410,22920,111890,26070,124590,55100,0,160310,33150,76870,111110,110760,34700,20700,24570,105080,42530
PT-01700,295530,149240,274090,227680,300750,501660,311590,184540,410010,293580,340630,390330,85730,260940,362540,329050,408210,462740,371030,83640,480280,266980,319860,312020,366410,219320,293190,346690,169300,292710
PT-01701,47690,16970,113860,11400,185930,203390,71740,55770,194440,60530,100980,237630,55980,137080,46050,41590,0,102600,110290,0,122140,285210,168340,120830,68140,127540,193870,106000,81100,100650
PT-01702,65730,0,53140,9840,14100,25220,4980,38710,27740,10770,10220,24040,6140,11100,76330,6000,38750,17980,12580,11270,40450,38170,8080,12740,10600,19040,6400,7060,21530,7280
PT-01703,9840,82340,58990,83940,0,181300,0,80070,12400,92860,46380,178690,67390,16680,26500,45560,20860,68980,11560,32110,93930,0,54480,160140,44790,40130,44350,33160,196320,98380
PT-01704,36080,73690,55670,165140,55200,78630,107230,19850,12060,8780,45170,79080,63300,107470,247210,38870,46660,28270,14640,23670,162090,60890,16240,48150,25040,42730,81180,118360,4160,64210
PT-01705,0,0,0,0,0,0,0,0,0,0,0,0,0,0,0,0,0,0,0,0,0,0,0,0,0,0,0,0,14000,50600
PT-01706,0,0,0,0,0,183690,88740,366120,364650,0,575390,909000,206140,182200,329880,309780,276740,1293120,1058500,247650,1599060,404730,704730,689050,896910,233990,1777170,430300,939230,2300100
PT-01707,41320,0,113150,60760,92080,0,17920,16650,140150,19800,0,70220,24230,190800,99650,20300,103550,82060,10160,136810,105650,36430,0,199870,66290,90280,60140,0,67560,68290
PT-01708,0,0,30610,0,0,39540,0,5120,0,4500,4970,3680,4600,32680,20330,3390,13310,0,22420,10320,88890,0,4410,4000,37400,47150,35610,56480,14860,52680
PT-01709,25540,0,10980,98940,39340,32950,28320,32740,36490,21780,0,78010,77770,52750,17680,47860,23570,80210,5740,0,5460,120070,81160,15520,27520,8410,38160,3990,53910,0
PT-01710,18570,13800,31650,2660,6110,55740,9710,27870,0,23720,0,26220,2700,6590,2940,0,43950,38840,10220,6040,37590,9780,0,0,10240,9870,0,9330,0,77170
PT-01711,17570,9240,32760,0,40640,37300,9000,87830,75420,20060,46780,52030,0,14010,16430,91640,22560,28570,80880,6240,32200,10620,0,7040,0,15810,0,0,31130,72420
PT-01712,35530,58250,343980,164170,155220,155180,245810,26500,111520,241040,76470,184350,118580,224230,137710,281580,308360,241380,194210,37720,299130,212570,285710,306390,363130,202410,359620,317380,112650,224900
PT-01713,0,0,0,0,0,0,0,0,0,0,0,0,0,0,0,0,0,0,0,0,0,0,0,0,0,0,0,24310,0,39230
PT-01714,18800,74000,84510,162420,51940,56360,109530,85410,162360,13040,42300,71310,0,26160,64730,42800,108290,27900,132010,10450,37300,104790,18560,118240,47340,18100,120650,98670,290150,90340
PT-01715,0,0,0,0,0,0,0,0,21500,21340,12160,0,0,25200,0,0,40440,51760,45740,15600,0,40320,13120,66810,0,73660,0,28000,17100,47560
PT-01716,0,60320,0,0,0,0,35080,0,0,35380,0,192440,0,0,28440,32230,0,90800,75300,139270,15420,95960,0,79240,59700,55320,86200,62550,35820,78560
PT-01717,133210,52820,63570,133520,27610,146050,99580,0,39060,109350,0,74260,11350,17160,0,59640,29220,72100,142700,0,30960,33400,40040,0,0,28560,52450,72540,0,155280
PT-01718,80670,43930,82380,92220,7080,101230,27700,27320,48520,28180,127930,25690,57210,175210,74640,9640,0,38090,23320,5760,40040,68060,54440,65980,17630,11340,30170,43570,15020,6450
PT-01719,6300,18040,0,21310,29530,44630,25400,14980,53220,71570,63270,36770,95150,23180,8860,18800,8150,94930,22150,85980,76340,51880,22090,121750,26910,19820,45750,37920,81670,74350
PT-01720,0,0,37460,2970,36490,26560,1950,0,0,118490,0,3440,4400,0,3810,6220,2900,0,3390,0,55050,2850,2590,0,47110,6180,8140,0,46650,18320
PT-01721,2198440,1706490,1842750,2568450,805490,2445370,904980,1724370,2192270,1685430,937090,2806950,2332980,1755100,3522680,2019810,1605200,2747210,2169250,1055490,3802770,1790580,2348180,4101590,2607730,1715110,2648930,2493810,3269770,4733740
PT-01722,0,21060,0,0,40440,54450,19870,0,97120,81220,27140,36250,13620,40300,66560,0,16520,0,0,52030,99040,10360,7600,31620,112120,89180,62710,40530,87780,79180
PT-01723,0,0,6400,6690,0,4080,63390,0,0,24250,29030,125840,8720,36160,18550,27210,2940,0,0,54750,5010,0,16460,51820,49750,3270,10940,20820,55240,43100
PT-01724,0,0,0,0,0,0,0,0,0,0,0,0,0,0,0,0,0,0,0,0,0,0,0,0,0,0,0,0,0,40910
PT-01725,0,0,0,0,0,0,0,0,0,27960,24410,24400,86060,0,6090,32070,22450,94520,15120,23440,11220,0,14550,0,92380,0,82980,89460,85520,85050
PT-01726,19220,7600,91920,14820,29040,41650,81870,46510,60690,52000,50210,33680,29400,81290,88920,28660,44850,65990,15650,10650,19250,64730,54520,49260,16020,21090,127400,50110,38640,23790
PT-01727,0,0,0,0,0,0,0,0,0,0,0,0,0,0,0,0,0,0,0,0,0,0,0,0,4220,0,4230,14620,24930,47370
PT-01728,83740,50410,205680,32960,0,67610,42490,0,202070,5140,120470,18800,39210,29980,152650,78490,49200,7500,88480,111200,101800,31950,104770,159360,5630,4440,155730,64300,34480,134710
PT-01729,743810,753890,1059790,569890,969440,1228080,953980,794180,1362930,1239470,1754780,1238790,1083150,384280,1433800,1084900,1355120,1593340,1011480,1148310,2112830,1248190,1260030,2680090,566500,864070,2917290,1539170,2341770,2542920
PT-01730,57430,54230,139500,162910,97890,143720,128330,71390,89170,168190,99820,192340,168840,167950,289550,329580,125880,267890,98210,84940,199230,182080,104670,92910,172640,181190,220210,145410,20110,121860
PT-01731,0,0,0,0,0,0,0,0,0,0,0,0,0,0,0,0,0,0,0,0,0,2900,0,0,9720,1670,2210,0,36430,1770
PT-01732,6160,43520,106460,22070,54760,190190,47170,10000,61790,15410,49820,72000,35880,11150,21420,23910,76450,68830,24640,21640,24980,111460,55170,92170,33380,73060,62010,86690,63670,13980
PT-01733,0,0,0,0,0,0,0,0,0,0,0,0,0,0,0,0,0,0,0,0,22640,17420,0,13600,22110,44120,82470,51730,60860,49960
PT-01734,41640,0,3330,3630,6420,24020,0,23690,59890,27140,34690,41400,8890,45880,57600,16130,10820,57710,33740,0,72890,18200,0,25290,0,23660,35630,67860,25270,8570
PT-01735,886890,889270,868330,621530,1246620,1808990,609960,614220,1792720,901270,802260,1396330,651930,1220680,1195960,1522550,1637020,1392210,897060,1213280,1058130,774240,1061230,2976320,1033450,1512710,2419100,1564060,1042000,2377680
PT-01736,0,0,0,0,0,0,0,0,0,0,0,0,0,0,0,0,0,0,0,0,0,25340,0,87720,25410,99790,104350,41040,134590,77220
PT-01737,0,0,0,0,0,0,0,0,0,0,0,0,0,0,0,0,0,0,0,0,0,32570,0,29720,25040,0,28700,89730,48660,17190
PT-01738,0,0,0,0,0,0,19640,0,53420,0,66390,0,4630,28160,8400,15080,0,0,0,0,49190,9840,7140,4020,2680,16980,0,8840,32270,0
PT-01739,9810,97100,38430,38510,25230,79610,0,23010,43710,48640,81380,108030,2870,24000,83840,31200,17600,33680,25310,7800,26290,52060,21870,38010,86610,166230,0,63440,21030,55950
PT-01740,151490,205010,69000,105590,86250,109560,260930,63010,147900,43080,111140,119640,115670,94220,136440,73450,121870,192710,26060,132780,51020,169700,40590,123540,111220,79250,122660,80860,0,79270
PT-01741,0,0,0,0,0,0,0,0,35860,0,19890,45990,12640,67500,93260,16940,31740,19550,101660,22560,68700,76290,78160,44850,59250,0,97830,18600,72920,139030
PT-01742,0,0,0,0,0,0,0,0,0,0,0,13680,0,0,12430,14130,0,15640,27030,0,67760,7030,19860,32610,8670,14890,10850,0,16080,13220
PT-01743,399360,495450,598670,505720,621270,605210,505440,448530,533510,487600,511490,709850,622320,340520,675020,398870,469020,530430,291770,311820,590790,431890,469150,544930,384700,265740,486860,305110,225370,495100
PT-01744,0,0,0,0,0,0,0,0,0,0,0,0,0,4240,25720,6500,0,8010,24470,0,42310,11730,47150,3750,17070,4550,11610,34510,0,17800
PT-01745,262210,70120,131240,218250,239080,232950,193490,17950,53390,92200,269620,337110,87560,86070,187990,406080,84700,277100,105010,148860,218240,179180,250910,189490,237160,124910,100960,219810,198460,124460
PT-01746,17940,33400,230450,37400,28340,53820,58250,117610,66500,72720,80360,48400,50600,31460,51620,51030,60770,75240,121740,13910,57120,33360,41820,86380,37460,49830,100170,102300,35730,98660
PT-01747,23630,17040,0,9200,0,41910,22040,13350,61580,0,7850,8780,32780,0,23110,34110,0,9520,16360,0,5820,16540,10370,18580,7210,0,24760,0,19870,0
PT-01748,199090,93810,95360,17400,81970,202000,55490,54970,110780,191770,45760,50170,80610,108190,203030,64860,11220,183090,12210,31050,110230,25580,26020,146320,49490,50770,47480,15020,87140,50880
PT-01749,126190,16980,258320,79890,198580,185330,132250,122900,171780,191340,198820,183410,180400,113420,178240,87080,229630,81300,143360,44480,196560,174100,152740,209270,113450,210970,315550,172190,186150,144380
PT-01750,454470,395360,578220,325080,355510,638900,363670,304950,842870,314850,372030,505840,386800,350040,195290,247150,267060,358450,420270,147810,333830,261290,116260,272050,53800,180840,260370,157510,237320,176990
PT-01751,4080,6810,7230,13370,10610,3140,0,5160,22060,5500,60830,20290,11560,9020,45170,5150,34890,23070,6140,0,103590,49600,3450,51910,26910,43560,7800,18070,0,27560
PT-01752,0,0,0,0,0,0,0,0,0,0,0,0,0,0,0,0,0,0,0,0,0,0,0,0,100720,0,48870,128940,277460,78960
PT-01753,50890,20600,122610,11780,99600,95960,43690,14950,45010,135350,17500,72510,46460,49490,45460,0,12380,70400,47370,4940,111840,52980,46930,115820,30240,61570,53610,13280,76650,55600
PT-01754,0,0,0,0,0,0,0,0,0,0,0,0,0,0,0,0,0,0,0,0,0,0,0,4240,6590,5400,0,0,0,9700
PT-01755,4670,33450,71810,4600,61930,133810,28400,76890,14520,40880,94630,35190,92070,20200,10850,32040,105940,41340,48840,17680,51450,99450,217700,222630,33220,124250,16570,23080,80310,2400
PT-01756,0,7380,3650,17260,0,2120,37710,10750,8980,7060,56390,24220,6260,25310,11990,0,38580,4280,0,11130,0,3480,7200,0,0,0,0,5350,34730,25080
PT-01757,0,12940,126940,0,38670,21160,0,40520,34590,69730,88230,59440,38310,10970,171700,32360,52490,52680,59430,43410,116200,74100,0,102460,52420,136400,118360,15730,162530,76540
PT-01758,0,0,86380,36050,20100,26970,37920,31640,99000,22390,62400,90910,123580,115710,81940,148840,95350,62080,64020,13870,113790,29260,60090,198200,93500,94480,102650,147010,162890,50150
PT-01759,3690,50790,3730,0,18390,15990,20420,13020,3800,16340,9090,7820,0,5870,3770,20850,11760,14680,30430,3530,15730,35880,8560,34690,2930,52600,25980,11240,43110,33430
PT-01760,80150,2840,6130,3190,0,3720,5110,47730,6790,0,29880,54220,8400,6730,33100,5700,4680,49120,0,0,65650,4090,8150,20910,18700,16720,65510,0,2360,11330
PT-01761,0,0,0,0,0,0,0,0,0,0,0,0,0,0,0,0,0,0,0,0,0,14040,105510,4160,71970,141870,86840,131130,99770,220950
PT-01762,104490,108240,314700,118160,103990,366600,192570,49020,118730,134270,309510,201530,65780,211100,369920,131760,188460,281270,124340,151340,200270,129430,153050,146350,57860,108500,73250,77540,59730,96230
PT-01763,113530,12560,198240,178850,119290,182280,110430,50990,82370,167070,158930,241390,89230,88070,137470,124030,62470,177190,145920,181100,150200,196930,144210,90300,121740,79860,54490,214500,64460,258890
PT-01764,0,38420,82470,0,98990,23940,94050,18940,87660,37800,115730,0,72950,22260,42510,75930,83870,89410,66150,72490,51190,134240,53850,38900,111730,28730,79530,96050,46180,0
PT-01765,0,11650,22620,7030,0,23270,0,36550,38190,18230,24460,12900,0,17530,4110,0,0,17910,0,16530,27460,21170,0,32780,15700,19080,65560,5200,3550,36380
PT-01766,0,0,0,0,0,0,0,0,0,0,0,0,0,0,7820,0,0,0,16700,8630,19230,0,36700,0,36750,12080,5790,58430,31160,47310
PT-01767,14870,8790,36310,7930,92740,54040,3020,2950,40660,36520,0,34890,5480,19750,68800,0,2340,0,71320,6690,44800,9780,0,0,52590,18120,66720,7910,53240,23140
PT-01768,274940,259040,1086340,958110,238350,1002290,758810,776820,1431280,665120,960700,1181540,874650,1345650,1176890,1293810,1628880,2003140,744860,956930,1796230,1120650,888520,2418260,1321440,1806210,1705030,933060,1433420,1818850
PT-01769,0,0,0,0,0,0,0,0,0,0,0,0,0,0,0,19860,21720,8600,10500,39130,87500,75720,103630,59000,111870,80920,105280,86010,17960,61860
PT-01770,102330,7020,264240,70160,18480,8280,9440,109320,179200,32360,16160,104050,145590,147430,389030,19210,6840,46580,38200,0,33440,142360,10650,65800,11670,87170,298170,46730,43920,13080
PT-01771,8960,39100,52720,40950,14530,166620,6020,110390,47820,17010,15760,36650,92750,15970,50360,5080,43110,61390,25220,4640,64540,35580,52370,65390,0,26020,72940,6510,65440,78250
PT-01772,0,0,0,0,0,0,0,0,0,0,0,0,0,0,0,0,0,0,0,0,0,0,0,0,0,0,0,0,0,7920
PT-01773,2820,5900,0,9930,0,3880,13680,0,0,0,8590,7640,12660,12730,34860,9980,5300,16930,30700,6020,4240,21790,0,2800,0,0,6920,3280,6500,0
PT-01774,0,0,0,0,0,0,0,0,0,0,0,0,0,0,0,0,0,0,0,0,0,0,189950,51060,234470,154130,356270,165810,148120,571160
PT-01775,16450,0,12320,25420,5330,19160,0,6720,43030,41490,6180,107270,28290,45060,12160,17230,7660,7640,13210,24190,13570,13890,69900,5310,7460,58360,66290,13680,7750,11310
PT-01776,0,0,0,0,0,0,0,0,0,0,0,0,0,0,0,0,0,0,0,0,0,0,36180,0,0,0,158720,25050,0,8210
PT-01777,3520,0,27890,44290,7550,77800,0,27390,35560,21440,56540,17500,2680,4080,44060,4290,0,9300,45510,9000,79320,7510,82530,35460,24330,111050,13000,1590,57170,101770
PT-01778,0,0,0,0,0,0,0,0,0,0,0,0,0,0,0,0,0,0,0,0,0,0,0,0,0,0,0,0,25670,136990
PT-01779,0,0,12800,11430,53510,32070,3680,33010,0,25040,21720,9600,115490,16030,55650,6680,8900,38460,24510,14350,39020,0,56780,35660,61640,44830,26890,130370,2340,12160
PT-01780,0,0,0,0,0,0,0,0,0,0,0,0,0,0,402440,0,448320,807310,152740,322500,526790,358410,898090,702190,0,1069950,660110,431310,828680,741890
PT-01781,2490,18770,15880,18740,26790,11520,10780,0,8660,12650,32500,9600,47660,3200,19120,19420,28640,6920,33950,6970,26870,43330,6980,13580,42550,69390,53170,16800,0,1590
PT-01782,50440,0,104830,55160,73980,24700,22380,63230,38200,78980,60230,147010,75350,12660,80000,104660,27100,94030,43580,53270,20530,2780,118360,86890,115120,91060,63440,20660,94310,126100
PT-01783,0,0,0,0,0,0,0,0,0,0,0,0,0,0,0,0,0,0,0,0,0,0,0,25190,8370,31130,27510,4770,19370,28140
PT-01784,33200,94310,38860,0,21000,39250,66960,0,70610,57160,29610,50530,0,0,74570,33740,80320,77960,0,28060,53130,0,112200,27480,0,55140,118120,18200,22400,85320
PT-01785,246930,477520,279330,97680,323400,49450,382280,117420,449960,136740,381600,237810,407100,328610,440240,262720,260240,877830,288620,280880,714710,352180,250880,587130,798180,569440,752690,321800,348150,586690
PT-01786,659460,303800,685310,454510,686480,582680,514450,334510,637210,572670,660200,1192340,541100,362460,653480,524400,1088850,706190,628820,746340,386580,1131030,412880,1246040,1041140,436530,581470,1026480,967190,938040
PT-01787,0,20060,0,44150,0,44500,0,62030,29230,23500,37600,14250,0,2470,0,34110,9520,18160,1440,0,2680,46290,8740,17760,22740,13630,36330,43640,0,4340
PT-01788,0,0,0,0,0,0,0,0,0,0,0,0,0,0,0,0,0,0,0,0,0,0,0,0,4370,0,0,0,0,36150
PT-01789,0,40920,0,0,57960,0,20500,101500,0,0,74060,12480,89700,93010,0,82490,108180,94510,0,90890,72030,42290,66470,106020,73090,145710,71800,43350,0,60070
PT-01790,32240,0,6060,6560,0,2160,0,0,7900,8900,15210,79190,0,3600,40710,8560,51410,29140,0,53460,12210,31190,0,32450,54690,0,58710,45390,14300,41210
PT-01791,0,0,0,0,0,0,0,0,0,0,0,0,0,0,38380,58050,0,0,3360,53610,35890,4030,11990,4010,9120,0,28050,0,10280,57640
PT-01792,0,6230,25980,101070,4610,4650,11200,13510,0,90260,7400,12900,39040,4580,13980,0,9840,17360,18140,26390,41290,0,12320,17440,6950,10350,37800,11480,48140,45020
PT-01793,0,156240,28910,70360,50980,128560,35720,162350,191840,206030,353990,64020,161740,102260,68330,24290,147140,85330,36680,126400,200860,165800,55770,132170,75940,56030,94300,129970,105690,0
PT-01794,245130,274380,463800,311040,316320,259840,212630,220650,397950,268570,280400,475620,444720,351950,331360,304410,314350,637490,227280,146060,624440,424380,259420,569580,328100,353470,347920,303720,558490,572370
PT-01795,55500,68740,109390,139420,85200,59030,55690,290840,73710,158990,104070,93350,42320,103990,106830,15070,8640,27860,92230,6140,117560,61370,145500,203460,37010,38240,45020,125380,100510,139580
PT-01796,4640,11280,19540,6930,19700,0,0,43160,0,10280,34750,10690,33550,21980,0,34240,12080,24030,0,0,43870,26100,18450,7040,68130,2260,0,20280,0,15530
PT-01797,0,0,0,0,0,0,0,0,0,0,0,0,0,6040,0,61300,20630,9260,0,56610,13410,33180,58120,33950,61360,63080,86790,47130,36980,0
PT-01798,9000,12390,21360,26790,0,27140,29020,38540,142210,61670,9910,10630,5390,8530,0,15650,34250,36260,15910,21650,19380,11760,51610,8840,30940,4220,27670,10050,7300,0
PT-01799,0,0,0,0,0,0,0,0,0,0,0,0,0,0,0,0,0,0,0,0,0,0,0,0,0,0,0,0,28050,71810
PT-01800,218370,13380,220770,0,127310,96740,103540,65160,115640,152560,155740,201810,181660,41240,141910,102590,183120,176990,62930,130320,33330,29850,97150,236860,169700,58840,14410,75740,25950,13800
PT-01801,14510,15000,51030,37210,0,6720,0,3390,12120,92440,0,51210,0,2760,37100,11670,6830,0,8530,0,2410,76420,8230,0,5340,0,43550,47670,23340,5490
PT-01802,0,70690,141470,24290,72660,44610,20950,0,30450,15030,0,49030,0,6210,21670,50340,4140,0,36960,29080,48160,42590,12680,87560,124080,0,29300,6360,3600,111130
PT-01803,0,0,0,0,0,12550,61560,11200,49990,20280,2910,20560,0,8250,32160,77960,27360,43630,64300,15660,58240,71840,6270,37380,95180,5680,23630,17080,42370,22060
PT-01804,0,0,0,0,0,0,0,0,0,0,0,0,0,0,0,0,0,0,0,0,0,56050,33660,40310,23150,88410,96240,74440,149480,208380
PT-01805,77830,11800,68520,41530,55680,29160,29990,44180,181760,59350,38620,90890,28340,13360,20070,9030,15340,57450,34940,20230,27140,85910,34610,11850,57080,30590,22660,35870,25080,46910
PT-01806,144880,203590,85800,0,72450,34440,173690,216120,323730,0,61200,429750,263990,374890,190090,145410,312950,224780,311180,70230,170240,402520,109210,372380,425580,140790,366260,67440,0,164540
PT-01807,68330,110330,57830,72830,24400,71710,38090,38600,87600,47100,39450,72630,93720,62420,19240,75490,103980,135450,61880,36400,41810,51550,188380,110880,32430,90070,83130,116950,27670,51610
PT-01808,19700,27670,47970,24800,0,35530,36320,14070,47740,45050,0,94780,18540,4100,35910,0,50090,86570,20050,22780,62600,29780,35800,43760,44110,21200,17750,4980,24210,66910
PT-01809,0,15750,26490,37320,39000,40160,0,0,0,12650,16950,25200,8940,0,39590,30270,39890,91030,83600,35880,0,25300,0,54910,0,0,33170,89040,15210,45490
PT-01810,0,0,0,0,0,0,6690,5950,39510,46820,32680,83660,54740,25660,51900,34560,45760,45530,79080,51830,25430,28580,27760,122150,36840,111210,130040,53660,41080,11580
PT-01811,31220,7240,157500,0,27590,33080,13020,0,17850,40620,13740,41120,19040,82800,124000,0,44330,83470,0,0,89590,155380,82710,80780,76190,50340,170310,27740,194910,237600
PT-01812,0,0,0,0,0,0,0,0,32580,0,64900,0,48000,0,43950,0,0,73440,105160,108480,0,0,225760,86910,48300,21520,232570,87780,0,131640
PT-01813,425280,447530,557160,473100,536160,887450,488030,343740,998120,480330,869480,671670,482680,661440,939600,541070,831800,849710,513680,704750,943690,1102660,872170,1038720,515350,975050,1480200,790950,719670,965990
PT-01814,0,0,0,0,0,0,0,0,0,0,0,0,0,0,0,0,0,0,0,0,0,144100,0,441530,250720,107280,596100,393070,410510,792430
PT-01815,0,0,0,0,0,0,0,0,0,0,0,0,0,0,0,0,0,0,0,0,49930,5900,5880,16020,0,0,20520,62700,0,33190
PT-01816,11720,6960,9280,72310,44070,28880,56350,0,0,80460,23180,69600,0,40110,51060,28600,37510,127630,0,58750,69890,0,27860,76830,9700,27610,5160,84230,7230,49930
PT-01817,279720,262990,378950,150910,181180,374990,112040,254810,406830,123520,448020,341350,253380,296630,392640,155430,238670,495490,234520,217440,702330,361210,152160,589530,346890,209850,291970,258870,173810,408470
PT-01818,0,0,0,0,0,0,0,10100,2140,11520,37040,8040,10460,0,25060,0,7580,115150,0,73370,65060,16380,19590,1940,61660,57130,10660,10680,34000,10580
PT-01819,0,0,0,0,0,0,0,0,0,0,0,0,0,0,0,0,0,0,0,0,0,5100,25020,36480,0,0,0,2980,23920,3560
PT-01820,53560,81330,44150,13550,32230,43430,70000,12830,43210,32960,52720,105050,28860,12940,77050,0,28920,58400,60180,0,104550,60190,61110,36160,53190,78600,63970,25640,48470,60390
PT-01821,46420,63530,137770,35340,51510,122490,11590,110890,102090,126430,39560,105220,44850,41070,142650,122740,73020,45100,107100,0,76710,18140,58790,33160,39660,2550,178030,130810,102840,147680
PT-01822,0,0,0,0,0,0,0,0,0,0,0,0,0,0,0,0,0,0,0,0,0,0,0,0,0,29550,18260,10200,0,12700
PT-01823,0,110380,38640,0,126090,94660,0,84560,221110,219080,62650,74210,105660,34540,147780,81390,29280,220670,134500,113930,336370,68140,167030,242790,120450,136080,106050,291230,218630,274380
PT-01824,0,0,0,0,0,0,0,0,0,0,0,0,0,0,0,0,0,0,0,0,0,0,0,0,0,6170,0,0,0,0
PT-01825,0,38790,40600,0,40240,43160,0,0,136370,14400,61540,58480,0,31320,92820,0,38480,16320,50420,52800,53050,23320,21600,120030,135570,131770,48830,36040,31150,52380
PT-01826,29990,11420,14750,4920,0,35880,111620,12890,0,7380,41910,6850,0,20080,8500,25730,3160,11560,4580,24510,54180,3180,19220,148580,25820,7100,19070,3180,2220,25530
PT-01827,0,0,0,0,0,0,0,0,0,0,0,0,0,0,0,0,0,0,0,0,0,0,0,0,0,8670,0,0,0,3160
PT-01828,0,0,0,0,0,0,0,0,0,0,0,0,19640,0,38970,56050,129210,8340,13480,42530,57200,47150,0,61790,18960,30890,37050,94570,12600,33260
PT-01829,0,0,0,0,0,0,0,0,0,0,0,0,0,0,0,0,0,0,0,0,0,0,0,0,0,0,35080,0,32240,68830
PT-01830,0,0,0,0,0,0,0,0,0,0,0,0,0,0,0,0,0,0,0,0,0,0,32060,0,49530,13860,136980,11500,34860,65000
PT-01831,85950,274860,367840,397830,139300,347880,388530,287650,150320,78520,292920,315840,59200,259490,794230,244640,493960,458580,317550,193840,718880,225450,581660,189310,193270,143470,437760,171870,105210,61000
PT-01832,155370,171790,424560,48640,58870,92840,187870,186720,331900,144200,364840,738310,501380,338830,691130,749860,643850,982610,86830,335360,389230,53650,386460,42960,236620,301700,156920,87340,0,90540
PT-01833,109510,127570,274820,20460,6250,91440,10480,109080,18820,56160,48840,147540,57320,128530,506100,122700,156520,68680,101290,160510,126440,119960,47420,221680,67140,54410,315960,45610,67110,211530
PT-01834,56640,92210,18100,61000,109890,156960,7660,97670,196220,64020,73000,159640,29430,53650,17230,60870,8380,54940,48170,47790,51260,28930,83280,22410,44840,65720,113500,208960,169580,206150
PT-01835,51300,37310,180590,143220,90340,41620,18640,23650,53290,72660,28790,29790,65320,16980,132250,60220,55820,110620,61590,48950,23860,20140,30560,126870,0,45100,89120,62860,45170,59690
PT-01836,9620,31050,5620,3590,73490,0,26730,22120,88540,0,25160,54020,60910,58330,35760,25690,8070,28010,24040,29670,63480,25920,26580,14440,39520,0,13200,11920,47370,49290
PT-01837,113880,325740,338140,216130,178050,571100,340910,221600,323760,165820,208800,421160,317190,317700,408190,286950,271610,365210,248150,207530,223920,389480,492720,288370,205370,357520,503790,196410,376640,554670
PT-01838,0,0,0,0,0,0,0,0,0,0,0,0,11040,10420,0,19640,0,49080,40770,44360,72570,47640,74930,199760,14160,17040,84460,67700,23940,115240
PT-01839,110190,148150,492480,117460,121350,77850,148730,8760,118850,216170,191810,168890,160290,169980,726750,98460,164930,204820,171220,113350,353480,166170,208010,400480,152000,152220,508850,238280,60480,175350
PT-01840,51870,114640,21650,16310,45380,8730,25740,0,1360,76870,16880,50630,9630,25450,75280,72520,7910,28480,16660,12570,46470,40150,0,23780,9610,26000,31810,0,20930,21140
PT-01841,208650,195560,286440,163430,251360,347930,211000,206140,530740,235750,249060,435870,179510,188950,233140,241310,307980,188180,247390,220980,291010,329060,444440,532720,306140,181930,461140,459840,305160,496690
PT-01842,83970,36060,51460,68680,39460,128420,9970,135410,54040,69090,42640,85140,80900,69200,133760,43980,102070,114120,28930,74380,138580,69980,100640,80860,107440,8600,95760,42130,215600,65520
PT-01843,9260,0,61140,0,11520,0,0,11220,14880,0,0,26620,35100,0,11130,0,114080,80920,24250,39140,99890,26550,65420,50220,0,85050,27800,13220,0,60410
PT-01844,42620,0,2550,60730,7770,50600,23150,32510,78620,0,66430,35170,43660,59610,37730,26330,2540,0,43970,0,53270,36550,89660,2500,86210,3290,30040,3180,84390,16340
PT-01845,0,0,0,0,0,0,0,0,0,0,0,0,0,0,0,0,0,0,0,0,0,230010,0,191820,194490,513180,865990,437000,492720,1039270
PT-01846,83900,79800,67540,10020,41060,43030,105150,75890,157030,143880,156440,57060,60010,57440,196040,87780,68050,82160,0,59640,70000,115250,194820,110660,39070,47210,61230,30730,53420,178140
PT-01847,91110,0,0,58020,12200,103940,153900,9000,19520,0,25420,47000,38130,63200,89980,47660,28620,68460,91200,0,7200,53660,0,29500,41130,6060,65390,6080,36150,111010
PT-01848,0,63220,46920,7970,10890,21790,59690,33740,49360,50970,90260,19950,8670,23730,81190,52100,37670,108570,54970,95490,107940,71000,29990,27590,152870,43310,88960,129130,59590,20100
PT-01849,62380,0,10980,10880,8670,43900,37010,41670,110440,24650,40720,12300,42150,29620,66080,33960,9380,9980,8340,0,81600,41680,98690,35120,62400,40120,443050,143940,117570,154080
PT-01850,0,0,0,0,0,0,0,8040,0,46090,0,0,19420,13620,9540,50690,15670,56890,72020,7390,22030,16770,92880,45840,10890,35590,39090,37910,7600,58390
PT-01851,166430,0,49560,296520,0,120480,155820,103160,162720,164890,110700,252990,56450,166680,414390,127260,343530,230970,463790,166220,169260,217450,321010,460070,384990,579460,591580,220400,379330,271160
PT-01852,241590,677150,657800,295560,1097830,623660,662620,745070,161660,831340,1378590,1772920,823790,424190,1612930,701150,729060,365140,708500,796380,923430,1069220,1039430,1775230,259070,860550,799500,487440,865590,733180
PT-01853,14370,27160,84690,15750,26920,27100,2800,3490,8800,2520,17250,59600,3100,2770,26990,32760,35480,14800,32740,6680,4720,12910,51860,20950,20530,77490,6710,21100,0,3320
PT-01854,93230,142070,214920,69090,60250,171550,57090,145420,91960,54850,107650,190810,26490,88920,253560,163330,274900,218640,287970,73420,101400,138790,116570,269530,288390,343100,210810,208110,215930,209360
PT-01855,61340,64280,92760,23440,120300,77830,51160,225190,68790,55220,141840,36160,160850,76150,108700,119830,77270,130420,263110,60670,86740,95700,173940,143700,164770,47640,245930,333350,97000,163700
PT-01856,0,20970,0,0,0,30520,0,0,0,38850,12460,0,0,16180,67390,0,0,23750,0,18240,22550,47830,42170,35640,14960,102630,0,16510,147170,0
PT-01857,0,0,0,0,0,0,0,0,0,0,0,0,0,0,0,0,0,0,0,0,0,0,0,0,0,0,0,0,0,22240
PT-01858,31750,7870,43040,0,0,35770,80300,68230,56940,35000,20800,124350,109780,15380,35670,91340,9560,84130,43520,43680,35750,46650,34650,36760,45500,23650,88830,73930,66370,67140
PT-01859,0,0,0,0,0,0,0,0,0,0,0,0,0,0,0,0,0,0,0,0,0,0,0,0,0,0,0,0,0,8090
PT-01860,83740,147630,89330,84820,128190,208030,154720,67300,125620,198820,125750,218430,18550,78140,245880,81830,0,244000,21910,194870,185980,130010,54090,164720,86430,154290,276380,111930,70650,120110
PT-01861,11990,42900,46110,40970,11550,67830,41390,3180,32600,6240,10830,77790,50900,49000,80840,16680,10300,53740,0,0,93680,10190,21680,30540,21210,10530,21010,0,6820,40590
PT-01862,125450,70410,18040,144150,125200,56920,81720,0,99080,7870,134100,84790,76470,5240,134090,80390,23150,119220,21230,26130,37300,26990,52190,64340,31640,0,73560,64320,122140,253850
PT-01863,0,2990,0,0,2540,28260,0,0,42930,43630,6450,10930,6030,0,0,2910,0,12930,0,0,66190,0,15000,0,0,3300,6400,33750,2510,46780
PT-01864,47540,24500,35800,99560,83080,38680,118260,38080,42240,109640,350100,43480,130040,231020,171470,0,305210,378340,163110,133920,192740,144000,187350,173670,215660,79870,344680,197340,183670,530220
PT-01865,0,0,0,0,0,0,0,0,0,0,0,0,0,0,0,0,0,0,0,0,0,0,0,0,0,0,0,0,10400,37060
PT-01866,0,0,0,0,0,0,0,0,0,0,0,0,0,0,0,0,0,0,0,0,0,0,0,0,0,22650,0,171390,177640,175610
PT-01867,0,0,0,0,0,0,0,0,0,0,0,156250,172840,0,146890,0,71680,324640,143470,161760,420710,99090,85270,127960,555770,84800,362120,456510,306140,50440
PT-01868,114150,86020,229870,44880,206660,198690,334380,127390,85970,227780,130890,328620,359470,265190,309710,44600,95890,189630,359750,354700,323710,205530,512940,571460,637200,268450,576970,606870,357010,619700
PT-01869,55950,0,31150,60000,51800,35530,0,27350,60120,21020,90960,47410,36310,23610,96670,29460,38300,184860,48470,0,51900,22220,113940,83650,25020,76050,81210,26960,53640,68110
PT-01870,0,0,0,0,0,0,0,0,0,0,0,0,0,0,0,0,0,0,0,0,0,0,0,0,28570,0,0,19920,55080,121110
PT-01871,65250,1980,2190,47190,34230,19140,31440,11150,58920,76660,25140,91480,38870,2750,37070,9050,60370,100910,2710,49860,0,34180,0,33760,4260,11300,23330,125630,37140,20710
PT-01872,0,0,0,0,0,0,0,0,0,0,0,0,0,0,0,0,0,0,0,0,5900,0,0,8360,20790,13020,17560,0,11710,4200
PT-01873,60800,38210,0,0,43470,37680,0,0,42080,55950,13200,0,55200,35500,21400,9800,52330,22820,13000,9440,0,22920,13170,47380,42280,10080,0,51550,11320,47400
PT-01874,0,8690,8400,0,3450,30130,4480,6160,0,6100,176830,106680,20290,2930,35170,26950,11730,22460,111580,37210,5320,52720,18770,4820,4180,38150,58110,50770,3280,42580
PT-01875,98980,32230,131590,48650,59810,33200,74030,61100,36520,41520,40110,52170,123700,25920,156410,18480,67910,44270,14620,19620,53400,90220,54100,150240,22680,22930,131010,21290,44480,21960
PT-01876,0,0,0,37590,58850,7690,0,3780,67250,0,15560,18730,3760,12350,70040,0,24860,44240,0,0,17680,44780,3400,19410,10440,18600,41650,10380,6820,0
PT-01877,0,0,25620,12430,0,0,0,11320,21020,14700,12760,33070,6810,14730,21500,0,34250,21820,13000,0,27030,54920,12140,4800,6600,18430,67920,10190,22080,17560
PT-01878,0,33170,0,0,44950,49500,26810,0,50700,17160,0,0,41280,58690,27650,64770,0,31210,7650,55880,190000,21780,70260,70940,35000,101030,223980,58660,154670,348710
PT-01879,33290,102530,75150,63320,7900,98540,0,68650,120260,141450,107760,81400,41870,54110,85470,97080,76100,277010,77360,60100,84680,108910,114900,68560,151420,23940,176500,27060,18990,51430
PT-01880,122250,81390,220350,20200,23210,44730,17970,52490,69090,0,110720,109750,68450,155100,196120,0,0,0,32360,9380,107080,149280,98820,198260,29230,99070,91710,29920,41680,119920
PT-01881,51960,225530,121310,10980,39720,131220,103380,52030,67720,26890,132660,134200,15680,195440,76300,110210,126180,210020,70700,0,160900,68680,141920,275100,50010,83160,205340,116170,110890,127960
PT-01882,20710,0,61040,33110,71220,67020,115500,53840,77090,43010,126160,15620,49310,116450,74400,30280,120660,54510,54110,70080,155840,81360,89940,128190,133100,50670,105790,34300,69330,43170
PT-01883,47740,43050,0,102360,27960,125060,99940,49200,66010,109670,109530,191980,165720,66630,187520,156980,64650,307910,117460,44070,196960,101190,267180,333110,501590,392120,427840,299880,604610,309030
PT-01884,0,0,0,0,0,0,0,0,0,0,0,0,0,0,0,0,0,0,0,0,0,0,0,0,9430,12060,6420,7420,4800,0
PT-01885,62700,0,58360,21660,8170,10820,8050,7310,8230,0,0,47560,4580,49590,0,47430,66370,8010,1950,10950,47760,51430,103260,85730,0,0,103950,55240,104830,18700
PT-01886,158900,338500,271500,112530,211080,525970,170150,121470,326760,240510,256250,233500,165140,272650,410320,229700,118350,162320,260570,215870,348380,272900,286640,528330,233240,302720,524720,316180,480850,399380
PT-01887,0,102790,98520,23850,85240,21690,30570,20880,48730,63270,85250,107970,0,44990,106530,93090,183270,127590,151610,48890,150790,175040,125310,120510,169790,160600,51860,279140,145440,241660
PT-01888,0,0,0,0,0,0,0,0,0,0,0,0,0,0,0,0,0,0,0,0,0,0,0,8700,6150,37610,42740,45000,3190,15020
PT-01889,127890,43370,114580,7470,84510,14270,61960,89700,35530,88630,49540,92950,45960,11130,111120,124960,132990,124190,19650,3400,22090,86140,72940,118230,68410,28560,83480,14930,80090,100060
PT-01890,43560,18260,18280,16810,0,4750,0,33760,31380,39860,35770,27210,0,14260,17160,4740,20070,27690,0,0,82220,15670,36640,19590,54560,2860,24330,10070,11660,15920
PT-01891,69570,65620,0,33600,0,23390,5420,14920,38040,14120,26480,66000,0,9040,43560,0,17880,19970,26720,0,129130,35260,16510,75350,0,88790,127390,21080,2800,121080
PT-01892,3540,0,51740,26060,58780,41140,11910,29760,44950,9190,34530,0,7340,0,36620,16720,0,0,15240,9020,20380,2480,0,30520,17970,0,8970,0,31550,32300
PT-01893,121730,7120,62280,92430,21150,80350,7420,27450,7280,60080,25890,15420,0,11430,151210,77100,114180,138460,73120,12000,32770,107840,54150,112100,0,48340,70820,79020,60330,65680
PT-01894,264760,277680,710040,482530,393460,418420,296900,274080,353930,359550,281950,357430,112610,143210,331220,242190,240970,273200,260250,251490,387900,288990,250110,484560,325310,322610,643800,262960,158900,280850
PT-01895,0,0,0,0,0,0,0,0,0,0,0,0,0,0,0,0,0,0,0,0,0,0,0,0,0,0,0,0,49320,42810
PT-01896,10280,71850,60980,17530,7280,9950,53420,0,38870,110550,40990,33340,42260,20950,286980,13840,0,31200,65070,29610,22160,45040,50930,38290,84880,72420,93090,0,0,101150
PT-01897,0,59020,63000,0,26250,116790,58590,5310,49000,39010,5500,35370,46220,18900,39030,26160,0,20810,14140,5640,19660,0,76440,0,33510,31280,24110,69150,10680,22610
PT-01898,0,0,88800,38000,0,87530,0,9680,8430,26430,15300,85800,0,0,70670,22720,10800,0,0,0,53430,16770,42110,45010,14480,56880,71690,4400,10320,10120
PT-01899,127020,181500,54880,119720,201270,103310,43740,121960,174150,147450,99620,147010,47480,81380,90560,61750,74920,63490,100090,17260,137580,64410,44970,130780,32310,44510,50600,113830,75780,9240
PT-01900,77700,27590,46850,49030,8910,141480,146850,15180,110220,153410,34360,16900,30830,13890,122120,126590,35840,31160,2180,60370,65650,110640,0,94480,126120,10140,95520,48530,11500,126560
PT-01901,0,0,0,0,0,0,0,0,0,0,0,0,0,0,0,0,0,0,0,0,0,0,0,40880,21970,38740,33460,2830,7980,48630
PT-01902,602200,242260,904670,351510,847360,823780,409270,411210,774520,524440,716670,706440,182520,537760,601450,699320,851250,742900,431740,426860,612240,385570,699670,566520,719540,444030,714260,652840,288330,858030
PT-01903,212370,237680,733110,190530,413750,89960,129600,82930,460480,110360,377090,553600,377790,172750,643600,450010,231930,445840,0,445380,183150,207980,421500,263510,356400,348220,592200,104240,271810,256070
PT-01904,7550,0,37570,3540,37670,34940,0,2910,0,37220,0,21830,0,21870,32290,46580,8650,42160,13300,25770,13220,25590,6500,30680,111410,11640,27400,23810,25640,29680
PT-01905,0,0,0,0,0,0,0,0,0,0,0,0,0,0,0,0,0,0,0,0,0,0,0,0,0,0,0,14870,0,30980
PT-01906,19600,5780,15650,3060,14180,2760,43170,10900,39600,14780,20130,19430,2900,0,9160,6910,8240,0,26230,4110,0,17000,3440,6120,6790,9580,46210,0,35340,17900
PT-01907,55480,23860,23940,7760,89210,0,0,10780,115420,0,39590,70190,5810,5760,46290,26970,60570,42200,6360,14610,109220,5700,2920,35780,47630,2290,65520,66560,64710,87030
PT-01908,0,0,21140,0,0,0,0,10000,12430,52440,46180,31750,0,7440,23790,0,30940,0,0,0,19520,59900,0,0,0,0,15470,9240,0,100340
PT-01909,0,0,38080,0,0,77820,48900,19320,48600,0,24820,0,41700,0,0,79630,18640,39590,0,0,66080,31440,118350,74400,0,29910,55790,0,89630,0
PT-01910,0,16220,140710,0,81810,0,75430,24700,103030,138480,100270,45420,35420,128200,128060,34340,27240,117580,62470,48730,129530,83550,91650,241340,125890,149430,382240,38050,57320,122360
PT-01911,199500,241180,477710,98700,322780,889820,350090,605520,968590,321950,244930,833380,348530,407260,1285050,850420,641030,1101370,661260,611590,950600,1196280,929800,1515200,647350,464210,2194560,1218020,1098130,1105190
PT-01912,39600,59280,242080,148830,128860,133990,0,117250,263820,104600,181290,146010,179850,181710,263840,24060,204330,263680,298030,126820,277700,24810,89800,211790,30590,106820,201030,153640,106920,282230
PT-01913,38020,0,126670,0,0,31050,64340,17600,5380,17270,16560,28800,0,13650,37850,0,16560,69680,40410,82020,113710,32420,101160,89320,0,79110,170740,0,61370,47050
PT-01914,0,0,0,0,0,0,0,0,0,0,0,0,0,0,0,0,0,0,0,0,0,0,0,0,0,0,36660,66530,0,47700
PT-01915,0,0,0,0,0,0,0,0,0,0,0,0,0,0,0,0,0,0,0,0,0,0,0,0,329510,52800,602450,295700,94820,1162820
PT-01916,0,105700,52900,37170,48700,35550,0,17740,74120,68200,76590,144070,51190,7930,69800,19610,53860,46340,39900,33150,45030,22700,42630,71780,34570,41980,203640,73950,136970,103960
PT-01917,0,4960,42930,5660,29900,119550,17790,11290,26600,25810,19520,91580,75870,25480,44490,119160,18290,38810,40210,27950,30260,36580,60570,24250,13060,0,14880,11200,67190,37030
PT-01918,160690,349410,480860,421510,455020,510660,218030,253580,522090,444940,491620,608710,365160,402190,428200,479270,550410,452750,354860,224330,637870,360390,534880,736370,313250,644580,734730,632530,766610,664700
PT-01919,25650,101130,29300,29700,231350,66420,87780,21400,81640,69280,178330,126450,69510,33120,205570,110150,154090,151760,75510,81480,101860,153660,61600,158070,243950,54030,226710,102390,143290,122920
PT-01920,0,0,0,0,0,0,0,0,0,0,0,0,0,0,0,0,0,0,0,0,0,0,151550,67590,26040,122490,260480,189800,0,75470
PT-01921,0,0,0,0,0,0,0,0,157160,51140,10140,125670,17490,130290,254180,160400,240500,164200,210710,79700,263050,85480,145470,87500,95460,67780,192690,15560,38430,173390
PT-01922,81510,0,99080,0,177970,18020,54900,0,152440,43930,48340,360720,0,42510,82680,0,130460,199040,67140,38280,159910,43790,112310,180810,42450,63700,58240,38100,142620,110350
PT-01923,72480,33250,0,0,0,0,0,0,14540,6420,0,8520,0,97380,0,42650,0,0,3370,6220,3900,0,0,9630,49510,0,6360,0,5700,4150
PT-01924,9120,32950,17930,55640,35450,56940,0,0,11780,7510,0,22370,19230,56190,62840,0,27330,33000,7860,6540,0,43910,8630,30800,38440,43680,34790,12280,0,15990
PT-01925,48130,33330,71520,54080,0,32980,0,3630,0,18680,54180,61540,56290,45110,13220,21260,18180,34360,9340,30650,58010,32190,35420,114950,6130,46610,64120,0,60610,53460
PT-01926,843450,947290,2267860,1812760,905820,2185510,1653180,932910,1580290,1232460,1377970,2273560,1376560,1275460,2732720,2255430,1927550,3923110,1227100,1362880,1766910,964720,2353940,1752770,1512160,1038450,3343410,1760150,1191300,2226320
PT-01927,99190,5840,14080,0,2490,2310,0,0,0,0,16740,9800,0,79010,37240,0,0,13620,19020,2450,4540,15990,0,0,85120,2480,3210,25690,0,43790
PT-01928,3430,12690,18540,12300,7790,3240,9190,4560,24400,0,10650,0,3080,0,29270,0,9850,34900,8940,21700,24620,7780,3260,11550,21980,0,0,40870,6850,12010
PT-01929,364110,320490,913000,575430,630980,911690,482320,233080,452510,883910,676680,896660,367860,685190,982360,993040,816820,1169670,580740,276460,479930,977650,832160,1329100,782880,674850,1337000,754610,997630,866710
PT-01930,80600,28250,52690,0,105720,0,46840,54590,0,0,68840,129660,69330,0,104660,79920,81670,70920,39730,94680,339100,129900,52410,42630,88440,68620,49540,14050,153410,130560
PT-01931,8560,9830,1650,7420,13850,34770,18800,30840,118160,67000,12320,0,10770,0,80710,62880,26020,0,12090,35490,39530,4440,1820,11380,23220,19060,1840,27770,42060,75320
PT-01932,17240,35200,17790,49580,28560,0,0,55740,3480,2660,12350,0,0,54990,9930,0,19100,59030,0,28380,24840,0,22990,13200,0,0,8120,16130,0,47370
PT-01933,332880,153660,736090,310130,710830,961520,280370,188570,717430,538670,559130,1038610,686610,855950,722570,863410,889000,1535970,338750,824070,1369350,1167410,483770,1413910,1541330,729550,1652800,902380,1337990,1539930
PT-01934,0,66620,113260,45340,11770,5100,70780,0,11850,31380,107670,48620,10240,19290,34800,1420,23150,27910,0,12690,26180,2210,105940,13700,87370,54140,7330,52150,20740,118390
PT-01935,0,22020,32080,79200,99180,96510,148360,21260,83550,38530,113430,145360,58320,75880,185310,115700,25750,66470,105310,44210,117530,95490,101640,231050,84270,146990,84920,112620,92550,128380
PT-01936,0,0,0,0,0,0,0,0,30590,128460,83700,209740,242160,131600,52440,190100,181660,373010,54560,266480,36960,67020,342590,92300,114760,321280,143060,197800,208470,313880
PT-01937,44600,0,65670,0,4350,23210,8060,0,25240,82910,6990,20970,0,12680,2150,30700,21420,12610,61040,0,24160,36010,53740,3160,12510,20920,8640,30840,63900,33400
PT-01938,61170,54620,70240,3750,78150,24460,120190,0,120960,26530,148440,96940,84590,57890,18800,17130,174230,127330,73130,76050,189170,68810,118380,113350,123150,70650,103580,109870,150670,175290
PT-01939,0,0,0,0,0,0,0,0,0,0,0,0,0,0,0,0,0,0,0,0,0,0,0,0,0,15200,27360,84510,0,21900
PT-01940,158270,193510,297980,236870,124560,272610,130260,213690,376700,319870,290330,582450,244550,159920,240530,119220,342740,496620,269560,156870,275650,230880,161760,291840,85400,122780,302650,217600,145580,234450
PT-01941,0,0,0,0,0,0,0,0,0,0,4200,0,0,0,0,0,74620,0,1720,0,6720,2960,4960,0,0,31430,0,7580,12740,6200
PT-01942,0,0,0,0,0,0,0,0,0,0,0,0,0,0,0,0,0,0,0,0,0,0,0,0,0,0,0,0,28800,0
PT-01943,19800,50560,0,111290,11770,38160,0,13510,28300,37710,76360,53920,69170,13760,14780,82470,67610,12150,12570,11040,42450,37950,100560,65860,11650,42960,29840,116590,22390,98280
PT-01944,0,7560,47140,62330,0,42320,26900,0,112620,10840,16310,24880,42090,46560,121520,32690,106480,23500,8080,20130,23740,103340,29250,76570,41740,5540,40530,4010,100090,31500
PT-01945,0,0,35130,0,0,51640,67650,0,48030,14560,18900,55000,26220,61550,38190,58780,27090,31680,20080,84640,66770,43060,0,11280,34260,0,83970,0,107530,12000
PT-01946,0,0,0,0,0,0,0,0,0,0,0,0,0,70890,75340,191200,53450,102310,83770,75040,88720,79100,87380,91860,81710,65200,82790,111930,181820,145290
PT-01947,82230,249900,115050,153850,163670,149060,138070,183000,160310,246190,382590,253420,100530,271290,478530,135180,95250,177440,214040,141450,309030,63740,220860,118590,181870,148420,251590,141500,110010,310490
PT-01948,0,0,0,0,0,0,0,31220,0,0,0,0,0,0,30900,0,0,0,0,0,0,12400,16800,65420,0,0,0,40770,0,41960
PT-01949,0,912530,800410,194550,354400,748520,338370,590620,350050,458650,423990,534510,586220,647430,960300,853540,808920,856430,289010,131760,918380,549940,1133750,701850,474610,536630,1126200,1334570,393210,501580
PT-01950,65730,24620,150090,16440,0,26300,58290,31580,100920,46380,63050,49690,83260,36780,67660,38720,41720,14600,15450,9050,9000,53720,15200,74180,49860,19800,96910,39260,73530,116480
PT-01951,0,0,0,0,0,0,0,0,0,0,0,0,0,0,0,0,0,0,0,0,0,0,0,0,0,0,0,23280,0,0
PT-01952,1284760,1178220,1583620,2005740,1959520,1753170,1152010,1137840,1280220,1913900,1123490,2672490,1677830,1491180,1291170,1713910,1589590,2208750,1184150,819580,1905030,1845800,2688770,1821900,2423650,1953310,3388410,2401500,2145820,2061340
PT-01953,0,0,0,0,0,0,0,0,0,0,0,0,0,0,0,0,0,0,0,0,0,0,0,0,0,99800,64960,29640,52140,99080
PT-01954,75800,116970,177700,35830,51920,115450,152690,70180,177890,26970,154560,188090,31560,189830,96490,140940,38960,225940,34980,121120,91570,60330,73520,81690,102360,71640,81470,256450,248760,138940
PT-01955,0,0,0,0,0,0,0,0,0,0,0,0,0,0,0,0,0,0,13000,0,137280,41600,45520,21560,39230,61690,0,20200,15720,52050
PT-01956,261730,410940,418400,212200,462100,274070,286830,112280,151670,336280,216920,316120,414150,240560,313050,223350,340930,456140,297010,63450,315650,542320,326510,366930,309470,310900,344110,442060,479340,586860
PT-01957,22740,90910,86610,51110,0,25800,39970,11900,23700,19030,61780,15840,17640,45930,41010,62460,0,7110,22530,9600,8890,18060,20570,15990,48350,0,88620,7470,9520,35500
PT-01958,41640,33080,0,66130,21660,30500,49000,0,10100,11310,3510,19820,0,45460,15520,35450,55010,8720,39140,9690,56240,22120,9000,53520,15210,30210,47500,56640,16490,3980
PT-01959,0,0,0,0,0,1950,0,1610,0,0,9730,1140,0,18060,0,2140,0,60330,105480,4490,12410,28860,2500,2370,19450,0,10970,14620,44090,36510
PT-01960,12000,1260,0,5340,4710,0,17280,10800,49040,0,33720,28530,0,0,28630,47630,6980,20800,5660,0,9490,3360,10140,0,12810,28580,0,0,0,0
PT-01961,162950,177640,0,107050,190220,250750,147160,52440,464600,56760,41220,515070,91410,117670,318830,137660,258540,445090,92340,306900,127950,72420,320420,643830,388570,261320,393610,632990,587000,490190
PT-01962,0,0,0,0,0,0,0,0,0,0,0,0,0,0,0,0,11250,5260,14420,0,28120,8120,23550,0,27330,12390,28640,20900,15180,90310
PT-01963,30080,41110,147370,90760,168050,254310,58700,64640,128700,104940,44850,205530,205470,150990,193890,88110,517130,404170,71600,246480,344900,346630,211470,267250,158700,247650,173190,398840,253370,504140
PT-01964,45370,40450,218460,0,33640,13280,0,38280,73840,79580,18230,38630,0,7620,123580,0,3110,0,5830,57850,71250,48210,151840,62480,27190,82740,131170,42650,37150,122440
PT-01965,0,0,0,0,0,0,0,0,0,0,0,0,0,0,0,0,0,0,0,0,0,52200,16870,0,17360,0,42540,0,0,43340
PT-01966,74470,17800,97760,80710,0,43150,34650,0,92020,0,172620,66700,25060,95360,207980,150910,185460,65280,16400,63090,163230,0,276690,172720,29790,87950,53990,137780,91510,253920
PT-01967,82150,46410,55520,0,25000,108560,30790,29230,12780,15860,13120,12850,18700,14440,94410,42080,39310,49570,30070,10310,80680,22940,28070,48600,27180,30560,71210,34630,19730,22330
PT-01968,0,0,0,0,0,0,0,0,0,0,0,0,0,0,0,0,0,0,0,0,0,0,36300,49650,37310,11560,128340,27850,84340,6030
PT-01969,388730,253620,251030,167870,454160,483610,366190,235970,598040,497250,419720,493110,393260,188630,530670,495370,433940,460130,451560,590120,484610,453690,645340,931860,429330,423600,507970,526100,328180,549830
PT-01970,5100,2590,22610,14490,8990,3380,73470,0,0,0,0,54160,0,2920,0,10160,3390,0,17770,0,3720,4800,18130,60590,2550,15950,29240,2640,29130,24130
PT-01971,8640,96910,33820,27530,5940,33360,84480,25760,55890,15770,30230,18360,84340,91940,56020,5660,9740,58640,29600,69840,135580,35630,48860,2340,16940,20610,92520,34970,21690,55580
PT-01972,179420,325010,273630,79870,139880,154720,81980,185430,433360,103190,294370,169670,242710,62550,337340,184900,78600,96890,175960,262790,297580,378320,326560,476800,185550,124370,364010,267140,67120,282260
PT-01973,0,0,0,0,0,0,0,0,0,0,0,0,0,0,0,0,0,0,0,0,0,0,0,0,0,46440,261330,136900,18830,260170
PT-01974,48720,7880,44160,38490,30470,0,4420,38450,43510,62080,95530,42690,88700,12520,43950,70950,6560,37350,13110,22580,30640,8220,17620,76810,16210,0,0,9100,89290,9310
PT-01975,70800,27740,21940,144900,71480,96360,22420,258130,121940,192140,287700,230550,95960,71490,150470,0,386480,238590,70870,76180,371670,180600,184890,271450,115180,215990,85800,235580,376170,230620
PT-01976,0,0,0,0,0,0,0,0,0,0,0,0,0,0,0,54830,0,20540,3180,8970,6400,0,0,34470,0,0,15990,60560,0,46730
PT-01977,47360,63580,41600,53300,75240,49820,3080,0,95260,16700,7370,122320,47810,5270,31650,66350,6000,37550,22640,41220,83980,4360,75300,77480,88630,2460,12810,3150,113540,35700
PT-01978,0,0,0,0,0,0,0,0,0,0,0,0,0,0,0,0,0,0,0,0,0,0,0,10800,0,15500,0,16120,11820,84850
PT-01979,72620,103820,173200,63720,87010,122260,24390,0,189180,48970,96220,52700,41280,91830,60300,108250,79540,88450,54200,63120,159510,38860,163760,127630,121500,93310,148720,67700,160800,63040
PT-01980,0,0,0,0,0,0,0,0,0,0,0,0,0,0,0,0,0,0,0,0,0,0,0,0,0,0,0,29130,0,29300
PT-01981,215030,137670,214910,140430,220820,349650,158130,138280,226220,116880,63400,216760,101130,167650,157110,158010,191980,123930,147520,140450,107970,105070,349120,283050,170920,128820,374220,126720,98450,90340
PT-01982,18660,38250,5940,34630,37190,42470,40770,0,7920,3480,0,8870,61960,62920,57360,76410,81090,80270,38250,0,50750,72000,5960,10950,43240,65070,25490,16910,82550,155540
PT-01983,80520,67570,171720,9490,50330,59790,36160,49540,23290,73740,34850,96210,55700,47530,23230,43640,9390,35510,25490,20740,62750,70630,27740,26420,55100,8010,59910,13650,66790,30930
PT-01984,40160,23850,28880,17130,49890,92690,11990,15200,39390,4940,4920,124490,9050,12550,98650,105530,35070,6400,60050,22490,90540,0,82750,118120,29240,56720,17820,14480,38630,120380
PT-01985,119560,88300,107590,226230,145570,97620,100450,118330,75920,164300,160720,118630,75100,83660,326370,123100,112040,100930,77880,54780,95070,7210,90210,63150,63730,46720,89620,42650,18840,40160
PT-01986,86490,6530,4260,0,18320,3800,1480,2830,39290,0,19870,0,37240,29810,19560,5830,0,51200,28260,0,9420,42220,5030,27290,3420,0,54400,34580,7900,10870
PT-01987,89970,0,11890,51130,0,2180,57920,0,85320,53260,89560,0,3520,8080,36360,2900,19420,8090,0,62650,71920,41940,57410,9560,0,0,22880,0,0,33090
PT-01988,33570,0,38220,7380,0,10910,9740,16260,62620,53750,66690,60850,58820,67330,118430,48620,163130,111260,12780,33030,88740,138030,24270,133250,60610,14420,295160,96320,60390,112350
PT-01989,71860,56920,45130,71650,131370,56720,98880,9340,57170,24800,9430,16610,72110,184700,33550,43910,73000,177470,65660,0,32050,85350,64330,113370,6750,24020,118430,54230,34370,5790
PT-01990,371060,469140,43210,621570,458860,380920,713690,331860,696650,762490,532660,923900,408440,223880,808210,125100,243610,1153940,1101260,423370,1459240,456670,2007650,1693960,407530,1488410,1088650,2065760,1312350,967610
PT-01991,0,0,0,0,0,0,0,0,0,0,0,0,0,0,0,0,0,0,37700,0,3300,9140,19610,44250,26300,6370,33280,15600,42360,10390
PT-01992,11480,48020,67570,0,4200,103520,0,51480,4520,49280,45120,44080,53660,49180,46950,93670,8580,41170,21040,7280,105730,0,6250,34190,53300,4260,192550,11080,5600,58940
PT-01993,167660,134370,169720,123180,158680,163100,104840,189670,72490,102730,42970,312850,124150,77810,132480,216700,131510,137680,180660,160650,97380,119120,150920,277660,67460,165210,287070,168080,132230,196550
PT-01994,0,0,0,0,0,0,0,0,0,0,0,0,0,0,0,0,0,0,0,0,0,0,0,0,20580,9240,0,57200,0,86720
PT-01995,0,0,0,0,0,0,0,0,0,0,0,0,0,0,0,0,0,0,0,0,0,0,20720,18950,0,0,0,0,0,0
PT-01996,11900,18550,18650,0,7700,48250,15960,0,57960,23130,17460,32360,44470,40350,8330,25960,33360,32660,8430,14430,18670,0,32360,55140,27630,48200,67420,35080,16970,29750
PT-01997,287910,408780,159660,395610,487280,409900,382480,197470,240100,70210,204580,434580,253580,326440,336790,325060,353040,500750,229740,326940,555860,231640,254940,467100,255880,190330,455170,345620,233750,397240
PT-01998,0,0,0,0,0,0,88220,0,84270,0,24000,50960,0,39420,161820,36480,59400,170770,35420,54040,25650,0,35040,46200,0,126720,112400,51320,0,35850
PT-01999,179140,21930,272930,21960,7890,9320,36390,43330,153620,64040,45110,25740,58860,23650,236250,25420,48320,66470,114600,43960,66660,91130,129220,212790,84620,100870,345420,16820,0,68270
PT-02000,7560,69090,21440,46010,8430,38160,71760,0,75540,69950,52550,81290,37850,25700,42630,77570,0,23500,0,25730,21880,49150,76630,35330,17200,7730,56910,0,8080,90030
PT-02001,79880,27840,47380,7460,78230,179740,27750,40730,67940,48070,44190,45390,45070,35380,123050,139430,94020,105990,89500,33080,89860,15690,74490,83560,10780,98840,127040,12230,96740,113210
PT-02002,78060,58100,369380,108060,136930,109960,103690,60580,143500,113050,114730,116160,19360,180260,542860,43270,48420,82420,95630,145270,153040,101880,136270,369100,71590,163520,381000,47950,145560,292980
PT-02003,59120,182230,210150,169760,182170,200730,277490,23640,151280,216400,115410,108110,149510,295290,201740,144700,349650,370360,74080,63900,435890,270800,284630,143380,132770,172980,221080,233080,389160,202140
PT-02004,72150,168910,234850,80870,60620,167880,118440,0,118790,133060,169660,92280,100060,93630,84340,131610,35040,170920,71310,45210,135460,126750,216780,398330,112320,138470,205350,140210,124200,249440
PT-02005,50760,111070,48890,100110,50780,97150,101790,26150,8090,48890,70370,125320,96220,94570,79610,64520,38680,182470,50070,32390,21850,59940,15120,0,5500,30740,99030,0,25570,0
PT-02006,60480,48100,73670,171780,39480,28370,60620,42440,170710,41160,28670,360460,447520,125710,249550,61440,207130,116670,283850,162540,198390,37720,142120,160580,223980,544730,363350,220580,339330,64200
PT-02007,40810,111000,76200,7890,58340,14130,0,109230,0,10120,22400,28000,11530,49660,128370,29560,0,51520,0,30270,81340,8700,6150,81270,22460,11560,6480,0,33160,27410
PT-02008,0,0,0,0,0,8700,0,0,0,47950,50680,52170,19970,40140,0,61240,5850,0,34380,0,34660,0,17750,20100,8630,7190,11250,14590,5220,23690
PT-02009,0,0,0,0,0,0,0,0,0,0,0,0,0,0,18400,0,10420,22500,55500,90790,66620,57700,69410,138980,35820,39190,229690,52950,70720,296380
PT-02010,180590,223440,107600,242340,223400,0,196490,69360,197940,101530,210240,656940,117110,443930,515600,169200,216900,311050,208250,404060,81990,271040,123520,561560,362340,382540,381410,200860,211260,458260
PT-02011,156880,159520,186940,304700,213860,241750,237330,174100,177480,236210,187850,405490,160790,198510,341140,288810,202440,370430,126110,163530,486670,130370,220290,323560,212250,236430,444970,255670,237420,331420
PT-02012,16360,53230,27860,51050,7080,52390,16110,8160,28000,84210,71930,7160,120040,108930,48040,149800,75910,87470,16330,90360,38440,72300,56320,112580,31110,39660,30940,98590,11130,37080
PT-02013,12950,0,131320,7830,0,73890,27490,0,102630,15330,140470,47570,114470,37740,212740,28340,0,16780,21510,59910,106600,0,34920,30970,69060,64290,237220,0,7740,106210
PT-02014,12100,14410,2260,10520,17620,20850,62960,39410,8070,26780,128400,6810,16500,59450,64690,25780,30900,24660,0,28010,25110,131330,46590,64670,57720,15110,5280,9290,62970,56120
PT-02015,74640,218050,56000,52910,49370,51730,67700,63330,116210,98360,117900,195070,108800,140680,99070,98790,39960,240600,58480,142800,92510,92360,0,93380,22000,103660,0,95960,103270,24490
PT-02016,57140,17310,20270,0,9250,0,8460,17810,35310,4880,50440,8940,5550,51160,24840,30880,46300,7140,2270,3880,17360,39380,3990,7040,29730,11530,3800,20090,76520,7280
PT-02017,0,0,0,0,0,0,0,0,0,0,0,0,0,0,0,0,0,0,0,0,0,0,0,0,0,0,0,0,40850,425140
PT-02018,323680,593690,825350,523140,468020,742160,481150,373470,654160,644000,600950,739410,239320,524010,781960,460400,559440,487770,499540,319610,565070,203860,311290,561350,185090,184930,177370,258200,245590,295690
PT-02019,21490,8580,36550,27030,0,6250,9000,23000,29540,0,84120,16040,32760,63960,9000,0,0,0,0,9850,62180,5250,37270,94840,61700,21690,5200,41600,18910,0
PT-02020,175480,76850,256030,0,359520,144450,345100,184480,71090,259730,310790,92420,329770,124680,297100,326370,289190,189600,109390,217030,462140,243190,115500,79570,36820,138080,91080,96070,156020,163300
PT-02021,0,0,0,0,0,0,0,0,0,0,0,70270,0,53730,6260,8680,0,0,0,0,57210,46660,5530,26740,0,11750,30190,24110,0,0
PT-02022,384320,706300,69720,297680,393850,909130,127720,324170,668370,448930,1091790,318710,724890,444780,809510,1161650,739540,304200,0,298470,530720,357320,563390,724640,537240,49080,520180,52920,0,207470
PT-02023,715150,962730,742860,363440,396800,905580,315910,487970,692490,949630,784060,1091170,483070,673930,1075120,1097570,510840,843100,145630,491620,778320,792260,590180,1116860,690070,611540,1019770,950620,1130820,853870
PT-02024,52100,39410,71830,8690,0,4620,27310,25300,12190,5460,56110,10110,122540,0,43050,18610,22730,153910,15630,24240,29020,25320,12640,24920,70320,60800,60120,21630,26000,47400
PT-02025,0,0,0,0,0,0,0,0,0,0,0,0,0,0,0,0,0,44680,0,19680,64220,0,0,33170,100420,0,92820,53160,60250,53970
PT-02026,47090,9260,7630,0,0,30930,0,0,11950,17490,5460,5340,10750,8330,17300,11700,6120,1920,0,48590,35610,0,0,7080,0,44460,0,0,0,0
PT-02027,103040,26290,150010,202680,86960,241500,68540,31740,73020,89680,496360,374270,232000,195080,261800,451960,96370,174580,131900,206260,194660,132600,281450,424120,275280,115890,219340,325700,398510,511100
PT-02028,0,34010,40170,3560,9100,5390,6260,11490,58440,35090,18260,140520,32710,0,45900,36470,54910,93140,64820,14180,9720,23560,16430,19460,101490,24930,50030,93500,98570,122680
PT-02029,0,0,0,0,0,0,0,0,0,0,0,0,0,0,15820,0,1600,0,2400,18760,16040,0,77510,35140,0,18170,3610,13100,0,3300
PT-02030,0,0,0,0,0,0,0,0,0,0,0,0,0,0,0,0,23010,79930,55440,164050,60690,11200,66500,149610,38220,48200,30200,143910,52380,275670
PT-02031,2147110,1166620,4528790,954600,1250680,2906250,426620,1420220,2432820,2249290,1036720,1656170,1519150,1286250,2517840,1801620,3084280,3475250,1598160,1810490,2246610,2631120,2135440,3562610,3025920,3222350,5785960,5343350,3931960,4084520
PT-02032,0,101710,15090,0,3530,15210,12680,10700,35330,33220,25230,5590,10170,5240,7110,3610,25520,4900,0,0,42720,9170,0,16130,12790,3800,66040,0,7000,55430
PT-02033,49570,95580,70260,52600,95600,176750,38790,26550,74420,108480,20580,200220,113310,112860,194800,178420,207260,222630,179270,206470,46680,230650,190630,66180,122360,206100,172600,109930,159400,233660
PT-02034,0,0,0,0,0,0,0,26250,48720,39450,0,18170,93800,56530,52110,11640,14920,42330,9480,18520,0,6190,177700,32060,24540,23920,60400,112880,158620,29250
PT-02035,21140,33200,48760,0,25980,0,17810,30720,49870,25920,0,39360,0,89410,40280,11720,0,85840,83980,21920,97190,0,51610,0,21150,52430,81380,36840,70380,74380
PT-02036,0,0,0,0,0,0,0,0,0,0,0,0,0,0,0,0,0,0,0,0,0,0,0,180200,122880,561420,579900,345020,87200,847960
PT-02037,69300,59310,63020,29890,9660,45620,48340,47720,73380,84960,58000,156800,28770,45730,59880,42500,57530,83710,16520,35820,23810,21440,34520,90710,34750,100990,106180,17920,65360,84540
PT-02038,318550,244470,510640,238100,214010,397860,146840,112530,278920,436040,551820,434190,447660,267420,367840,363820,224250,416380,361900,407570,188420,335310,407200,246810,261140,251440,285060,276680,283150,263510
PT-02039,18870,16500,0,7840,6300,0,41160,8990,0,35250,10160,56880,36490,9940,81150,13140,56910,24000,50540,7140,39630,24030,16910,60780,67620,31180,128430,7980,13750,23670
PT-02040,0,0,0,0,0,0,0,0,0,0,0,0,0,0,0,0,0,0,0,0,0,0,0,0,0,0,0,0,0,22900
PT-02041,0,0,0,0,0,103520,57040,0,37320,19910,43670,25130,28390,22530,77790,125380,10400,52670,27790,59090,95330,47900,111540,165300,73220,54460,86850,52670,109580,106570
PT-02042,0,0,0,2700,3780,17430,5160,2540,29920,7190,0,0,8120,11430,0,0,0,5160,21940,20560,50290,0,3960,0,34960,8070,39630,14970,0,17990
PT-02043,5950,14790,12990,5730,3120,27330,13810,12870,35320,33110,40020,13190,11730,0,143440,35550,0,42650,0,20860,7080,0,8040,3180,14300,3880,33440,7330,5540,11840
PT-02044,0,0,0,0,0,0,0,0,0,0,0,0,0,0,0,0,22560,0,15920,32870,0,17550,0,25000,37990,18600,24480,0,94370,73620
PT-02045,0,0,0,0,0,0,0,0,35820,0,2410,47420,0,3610,10360,0,15510,4350,10470,48310,3180,3080,2660,16610,4880,19670,41110,5560,4910,2220
PT-02046,516190,686240,652900,467990,615470,680720,455240,513510,1358550,699710,659390,820160,846770,493500,748320,600020,737350,1008280,283560,1043860,987420,550260,952190,1455530,756570,1157200,1063450,767480,862210,549830
PT-02047,321410,35280,163300,0,48440,322940,0,208120,280770,223670,125510,361920,178440,235200,128520,154620,257030,346980,0,109900,407280,313080,199150,547700,237640,473770,449850,158400,207450,135520
PT-02048,0,0,0,0,0,0,0,0,0,0,0,0,6840,10660,34250,53970,24030,29620,45800,67570,79990,174720,38850,67470,83690,71570,29540,38280,7250,135990
PT-02049,122100,66670,93910,0,41090,12900,27030,27760,17270,85390,21160,22140,26950,55660,157390,81020,49420,31120,22160,3360,42410,12500,29250,114210,74960,53090,61780,77610,15890,47770
PT-02050,5130,35800,22070,0,0,29470,0,0,8150,15630,0,27530,0,1990,99590,0,14620,13890,16770,4160,42310,41480,0,30550,10260,1840,42080,83030,9330,10150
PT-02051,245480,350950,638040,224630,458020,597250,327680,287960,555420,340860,491020,706020,686940,534220,684710,433480,299510,663280,407040,388860,661850,315150,867810,755230,607790,565290,719640,692500,893000,883980
PT-02052,210430,111740,194700,269330,179360,108980,91580,76560,166840,211400,148940,261030,305550,348770,116440,147270,268340,248280,176220,88690,184310,123120,127370,194100,189730,290280,68610,48500,188870,214730
PT-02053,0,0,0,0,0,0,0,0,0,0,0,0,0,0,0,0,0,0,0,29720,0,71200,0,0,55250,58160,74140,136820,0,122790
PT-02054,0,0,112350,6020,4830,61640,0,4210,10460,30390,24530,70650,88330,37690,0,11040,6960,24690,29760,18680,28210,8040,52680,15240,9000,29960,20210,40550,97620,12330
PT-02055,117110,132520,107700,173340,204460,107170,85020,186370,255060,174710,185590,383640,54140,284160,544720,183250,42780,281310,226100,215200,302530,325730,194580,465190,253360,338580,299090,102620,339670,309160
PT-02056,3840,0,0,65870,0,10250,38870,0,5520,4400,50010,0,0,0,12500,6440,0,5790,12750,19680,3240,0,0,6830,8370,7900,4450,10580,6150,19110
PT-02057,30440,49380,22440,54270,44850,101520,0,11420,81210,64260,194930,95090,65780,78860,7560,11040,69190,84920,71470,22540,90620,66670,31680,66660,49940,27530,0,109200,11440,115660
PT-02058,0,0,0,0,0,0,0,0,0,0,0,0,0,0,0,0,0,0,0,0,0,55780,0,152700,40200,20900,177910,86120,0,61810
PT-02059,177800,23790,22470,61690,11740,61430,30230,0,86900,90710,140140,30720,83050,67600,71230,72080,0,25610,10660,24970,58060,19560,68280,32800,35440,44750,21820,0,65540,43730
PT-02060,0,0,0,0,0,0,0,0,0,0,0,0,5160,7720,63960,40500,7380,132970,42310,28480,126770,77310,51630,300320,54190,25000,35920,10260,22600,48850
PT-02061,81170,27610,82340,54090,62500,125960,61970,6660,198190,141200,51080,98560,11900,31190,17740,7870,77740,115940,74540,70260,83550,68490,168410,177190,85960,58240,72760,110190,114720,142430
PT-02062,336490,90590,395550,132320,253580,352460,169120,187440,195700,248070,238420,185470,460630,392540,755270,144550,305030,348370,144420,213410,278100,119240,497210,456180,393630,562660,450980,208600,380660,680490
PT-02063,0,48890,99050,7000,64340,79660,65240,116150,131300,54270,170250,76130,37360,38900,112020,37170,70470,98600,128830,155670,34390,166220,59120,88410,92940,70390,140880,97110,126050,194050
PT-02064,0,0,0,0,0,0,0,0,0,0,0,0,0,0,0,0,0,0,0,0,0,0,0,0,0,0,0,16740,0,54400
PT-02065,39340,72840,49970,18260,59940,69910,105390,71710,111590,122350,126760,155590,112320,104560,29510,130200,120130,121680,15060,92970,84920,84960,163770,210220,97560,115830,87170,173480,214890,286320
PT-02066,123530,190070,324600,182910,199880,258140,109410,50730,177650,189030,178270,244610,101670,353750,311540,47230,284290,87740,99780,186780,473590,285920,82740,98210,153720,52040,212300,102350,106860,144270
PT-02067,56630,40760,119650,11640,97770,12710,108760,93850,68960,51690,68450,95420,45880,43620,65020,7790,49700,35280,142640,123280,104060,113550,78130,28340,0,83240,191110,86530,88480,186200
PT-02068,0,66340,19320,0,96820,136750,161310,58620,48360,0,129760,56210,10380,69730,140010,15920,56100,134690,161780,119220,42060,39840,72210,89160,59360,137050,127720,61370,140680,210890
PT-02069,19910,75420,98910,72310,104390,71790,105400,30370,53770,144670,65030,132490,51550,18100,51480,70460,70820,122940,3260,35100,229970,53080,99780,53400,94900,48910,61460,53270,95310,112790
PT-02070,0,0,0,0,0,0,0,0,0,0,0,0,0,10840,5520,0,14180,60620,0,19370,65550,42810,29850,100760,9500,71530,14550,60000,85560,70320
PT-02071,0,0,0,0,51870,431300,256350,135940,0,174410,270520,119690,269190,376620,400950,164510,877960,642860,56750,82850,482940,870920,553900,468120,349180,383760,569770,386630,505340,582720
PT-02072,17200,82430,112660,12600,36840,95670,84900,200910,269680,0,216670,204470,0,20400,180880,181820,125140,184140,133330,165820,212880,66100,121410,249220,95280,71620,138670,99250,299210,276140
PT-02073,0,0,0,0,0,0,0,0,0,0,0,0,0,0,24140,0,24290,83140,0,18720,48530,0,7350,56890,61710,39060,10210,33160,7830,32920
PT-02074,0,17420,104600,33820,97630,60560,43810,70540,6900,99020,96590,82960,0,0,69650,35010,30620,84530,10840,8160,36650,137800,171480,46350,18980,99130,51160,11260,26470,61750
PT-02075,22890,0,25320,18450,2280,26140,2960,12510,9420,19620,16140,72720,0,0,3340,17920,0,130310,4480,6830,1720,37220,24230,15160,0,31800,0,18350,48020,1340
PT-02076,0,0,0,0,0,0,0,0,0,0,0,0,0,0,0,0,0,0,0,0,0,0,0,0,0,0,0,21640,14420,23240
PT-02077,0,0,0,0,0,0,0,0,7180,18270,56710,0,6500,35340,19570,3100,0,57040,9550,29010,8540,0,70040,34190,15260,36820,0,68120,3090,32870
PT-02078,0,0,0,0,0,0,0,0,0,0,0,0,0,0,0,0,0,0,0,0,0,0,0,34050,0,0,19530,60600,0,0
PT-02079,0,0,0,0,0,0,0,0,0,0,0,0,0,0,0,0,0,0,0,0,0,0,0,0,0,22940,3420,0,3680,20920
PT-02080,256950,89610,121620,143130,143650,327130,154470,155970,169180,160890,308450,216180,153680,130550,186050,172220,152530,369770,146730,142750,204530,333030,180290,399890,253880,414570,163290,147660,215530,309920
PT-02081,22410,0,9050,2310,10060,3400,0,2880,38830,9250,30190,23440,0,42670,26440,13960,3220,8670,12130,3800,11620,36540,63130,7590,38230,76040,40520,44960,17140,33820
PT-02082,0,0,0,0,0,0,0,0,0,0,0,0,0,0,0,0,0,0,0,0,0,0,0,0,0,66730,0,3380,4770,0
PT-02083,43800,0,29800,35480,29970,35530,19000,8190,127450,16320,123010,24770,73130,83100,153810,51170,125790,0,72750,0,85050,0,83800,17560,66260,41370,163800,66520,123520,98390
PT-02084,62310,24100,4210,39590,5940,2140,53630,8470,29950,0,56950,7420,13130,45760,35340,34260,118840,0,97270,42560,9630,51670,1420,0,10840,53880,65740,56330,11210,99520
PT-02085,48030,74390,315220,31700,157670,48230,61900,145770,127310,38710,104250,163550,117760,151220,430810,9090,60140,97110,86260,82060,100630,110010,71880,166750,158780,118920,446930,62710,97350,90700
PT-02086,44390,93110,41310,0,42770,298330,76800,69030,287580,80160,219290,404380,53310,218830,180730,221280,102600,130820,162840,199300,286930,251040,291070,109500,30550,28500,119760,100620,211720,303670
PT-02087,0,116240,85110,44530,37670,128020,42760,8910,0,120740,46700,156610,45570,6160,221510,53510,0,149880,87680,77320,95250,44790,121230,58690,24520,46980,103740,15780,101810,159110
PT-02088,0,85850,35280,0,109600,43260,111040,0,154620,133000,121820,125990,98880,83630,136120,130570,153950,35960,187390,235030,300000,127440,121410,184140,255580,257440,294630,216260,351130,207850
PT-02089,4650,15730,32120,80070,0,8860,0,27400,0,10710,34770,13100,44040,10600,7270,8030,0,16920,8600,0,0,0,17450,10230,0,0,0,5590,15850,6970
PT-02090,63180,64690,67080,28560,47300,165430,0,36960,25070,226270,96240,93290,144700,111650,134450,113440,54910,232710,67660,101480,266800,160470,77760,272930,184330,114640,127140,122520,120130,212640
PT-02091,311080,245710,230890,302200,263460,656630,440930,171370,274470,231200,386730,515630,432860,234070,261060,457070,275210,483230,251650,319170,559860,275720,459270,472130,282210,523120,678010,376270,288250,389170
PT-02092,0,0,0,0,0,0,0,0,0,0,0,0,0,0,0,0,0,0,0,0,0,0,0,0,0,0,18650,7030,45570,0
PT-02093,11640,51820,72790,0,0,63810,0,3190,0,0,61710,28490,0,3810,88610,25230,0,12170,26310,2990,8430,38500,2190,0,25360,0,0,0,24280,4380
PT-02094,0,152810,256000,47580,80580,365540,0,0,145420,107240,230230,169400,143230,0,156430,285510,526520,171910,183270,96150,368380,261370,185580,756170,93230,181840,209300,157860,415490,461890
PT-02095,25660,32610,36110,23370,13320,86150,72520,80570,18750,17940,31730,51930,28260,33380,74430,79430,21810,115830,38720,27850,56800,60420,34870,22550,35160,55100,22510,67890,19040,71670
PT-02096,0,0,12960,29610,0,35940,26690,51580,0,23800,91700,50170,71330,0,7620,28170,84320,15400,0,51000,102340,90130,51290,15400,0,9730,119440,25930,15360,39520
PT-02097,349500,355260,502960,315150,495770,325580,256350,414710,603990,549750,312300,663580,445620,185530,440830,489760,490510,403010,425610,349480,716220,426460,489650,897620,624420,383460,641150,564360,390100,638590
PT-02098,29450,0,60610,30010,24320,11440,35340,0,13800,0,0,49800,26150,50960,117770,42360,53530,143870,27700,0,58970,0,35100,80960,9000,17420,83860,48300,77540,0
PT-02099,40460,8830,30110,22300,7400,25440,0,17740,8810,25960,9360,12600,5890,6870,15330,12370,11620,7530,32680,18160,42030,5770,81900,16210,0,14160,4440,0,11110,38420
PT-02100,83840,47120,197910,54060,97650,78720,93150,99440,0,160740,137060,45350,151290,76940,161020,0,209160,239820,399380,62800,28360,283880,113700,178410,197310,224600,418750,58800,376790,97200
PT-02101,0,46860,2300,8050,42520,2220,0,0,11000,3060,0,5740,7790,0,31600,17610,22390,49750,118260,0,29030,14610,11200,50330,0,2100,25870,5850,12390,13570
PT-02102,0,0,9070,31990,0,47340,2540,0,2420,3650,0,8140,5700,0,3440,0,0,10110,2940,9330,12160,24700,15040,3250,0,0,7270,0,4850,3790
PT-02103,102930,27930,36580,36940,76840,108690,79380,86410,129950,137310,110980,78670,96070,154270,176030,52710,220570,77770,31290,37320,119490,27400,46060,123370,39860,16830,162410,14450,0,74750
PT-02104,326760,95190,291450,233950,359820,583130,332700,200050,244840,264260,177350,307670,227070,298130,443720,194500,542020,339180,117390,374240,352930,359250,680030,567010,157610,489610,467310,322020,314560,506250
PT-02105,0,0,0,0,0,0,0,0,0,0,21670,50630,17280,65200,141940,37910,79780,104990,0,92730,87950,121200,50570,58710,46330,23820,6330,43180,22130,109420
PT-02106,55790,62530,47150,17520,24630,75610,20560,0,66640,50640,53530,64020,34440,30560,145390,56800,95610,115280,110470,72510,101480,23220,134230,110940,40710,55510,79970,77030,23130,136000
PT-02107,0,0,0,0,0,0,0,0,0,0,0,0,0,0,0,0,0,70210,0,0,43930,0,12120,31590,23160,35720,92740,31370,21760,81320
PT-02108,258820,162700,349610,104100,189740,283450,225120,48060,278690,105860,454290,515910,208300,483890,100000,239480,303060,433390,465500,384930,317750,443190,339240,1168930,484000,538800,490530,876570,756430,855780
PT-02109,0,0,0,0,0,0,0,0,39790,0,0,13510,20760,17170,50250,59690,0,59660,0,38290,64330,33320,21220,132750,4740,64650,21740,67000,23100,33930
PT-02110,103230,12000,32740,0,33900,58260,26280,27950,53860,34170,81690,19540,46570,39700,38540,66710,0,71280,91680,34790,47530,28080,0,42410,8580,131120,32000,15160,17480,0
PT-02111,79500,8540,6870,4500,2980,8890,6790,22370,53910,41870,0,53590,2800,16820,34920,0,70830,63380,0,10110,2900,6150,5920,37360,8900,3880,5760,2800,54830,2540
PT-02112,0,0,0,0,0,0,0,0,0,0,0,0,0,0,0,0,0,0,0,0,0,0,0,37920,0,17240,55730,20540,71810,13560
PT-02113,0,16100,10950,19320,18980,10400,32880,14220,17200,24960,0,26920,0,27820,42310,32440,30030,18990,0,62490,0,0,0,85400,0,12520,31430,55520,0,63700
PT-02114,56820,12560,16950,22160,20840,23220,28940,13320,11820,27870,19470,15680,4100,32070,89790,33770,39060,46580,39100,5540,17100,22970,3660,15050,6600,31470,26080,77250,23190,24530
PT-02115,418490,269610,290720,236010,144610,555090,307210,356930,206430,155140,260420,322820,247050,247040,356510,204280,187170,312910,130310,225160,266790,276730,106040,392460,141670,297370,284520,238250,131640,99220
PT-02116,0,0,0,0,0,0,27060,3100,3530,72050,2630,35900,0,0,58800,3030,0,192860,43440,12940,39900,2860,42970,5560,25970,32430,46640,24900,12690,0
PT-02117,70950,32550,137760,39430,67140,20190,0,37260,172420,140950,87800,40930,216530,44450,61160,40970,162760,8760,14980,78070,286290,42880,61250,48710,106130,68090,141880,108360,53430,44420
PT-02118,345830,253560,393950,290830,290190,236390,234240,118240,348890,187020,317180,222950,419660,252240,497840,361700,382480,576240,298360,161250,290540,343480,329070,319430,346340,404490,483060,176240,266660,566640
PT-02119,132570,93470,315050,116000,243330,180000,63730,98610,100910,29560,162440,207850,7310,149780,340070,94600,79450,276190,49340,67910,65730,37610,65790,123500,27090,19530,21420,47800,19700,41660
PT-02120,0,0,0,0,0,0,0,0,0,0,0,0,0,0,0,0,0,0,0,0,0,0,0,0,0,0,0,56900,0,0
PT-02121,77220,7620,36580,78050,41600,40920,7730,0,0,76680,52350,2710,0,65460,12700,15660,12630,17910,76570,0,47610,4800,2130,12280,28500,21520,17060,0,13840,69390
PT-02122,163740,237750,165150,319910,379040,333180,211930,188990,210860,274650,259450,302250,245020,111360,120310,90690,370210,276550,91510,181970,155320,107600,41640,138370,41020,36460,86530,62240,28270,171070
PT-02123,0,0,0,0,0,0,0,0,0,32010,0,32310,11280,0,40760,0,82770,32420,43560,154640,50820,0,117530,91790,81290,49570,59610,13300,68810,155400
PT-02124,10220,8470,16800,19990,0,74170,6540,8180,39370,18160,29560,12040,12550,37230,13680,34090,46020,13330,60810,20180,7150,18140,45250,68650,27380,7020,71390,23810,61420,12300
PT-02125,0,0,0,0,0,0,0,0,0,0,0,0,0,0,0,0,0,0,0,0,23790,0,0,53690,0,44320,0,35080,41150,63370
PT-02126,0,109040,45140,0,0,0,0,77680,169210,0,93490,49920,0,16400,39320,0,0,0,59510,100610,32340,188460,81910,61580,34010,59850,115200,69240,62870,134070
PT-02127,41300,100990,93180,96650,44220,145070,76060,62260,173420,92730,133520,97340,154680,263330,281440,180770,73260,352030,158760,147550,160340,268590,158850,345650,201770,332100,361050,231400,158940,245770
PT-02128,0,0,0,0,0,0,0,0,25770,0,22560,0,0,0,0,20980,0,0,55230,0,0,21690,44970,0,0,0,77910,0,0,0
PT-02129,36350,65520,87120,0,0,48160,0,0,71760,126480,34340,81140,15000,76100,57370,39360,66490,35080,57040,20550,130750,0,68650,113830,119510,47050,145510,71550,66410,64160
PT-02130,199510,388510,497250,349340,539730,239910,196730,222760,401700,279360,467010,501650,536490,290180,603380,177660,515150,611850,207270,359370,618610,352060,543400,633400,337180,419690,746570,393100,580940,632670
PT-02131,73270,89490,153880,39210,18720,25980,28800,26570,60890,62380,73010,53230,55900,67280,52470,81230,0,90070,23860,21060,69150,177690,169810,24180,83700,61400,132540,60160,261980,107900
PT-02132,111740,118310,205290,22170,201990,174360,144870,211890,119170,170900,190590,150680,152720,115130,198280,111400,59880,131880,18400,32980,183150,105880,96690,158510,46260,38960,30750,68140,10550,20960
PT-02133,9350,22770,38130,0,34020,65630,0,29150,64560,7350,34690,58570,34240,40050,105970,0,11090,130260,165830,17400,136780,19950,132030,27360,8580,0,55970,23880,7760,76020
PT-02134,0,0,0,0,0,0,0,0,0,0,0,0,0,0,0,0,0,0,0,0,0,0,0,0,0,0,43690,8910,83990,45440
PT-02135,27780,19680,48240,18340,0,15860,27600,11340,28260,0,0,41710,60990,0,44400,0,143280,22260,0,65730,45870,25620,129910,105140,0,85950,68660,51720,194740,97830
PT-02136,0,122100,0,51650,0,15630,0,5100,61720,54380,8050,5520,54130,50080,18790,27540,44700,97090,21780,0,7410,16640,19200,19850,51240,0,99500,20050,37270,21050
PT-02137,49480,64230,48620,42660,197100,179940,18870,45700,131750,61130,131390,203770,53340,33290,21020,175420,70030,197710,31580,144560,153090,165070,160210,184500,43620,50800,152960,36890,48770,24730
PT-02138,0,0,0,0,0,0,0,0,0,0,9570,10150,5160,0,9100,0,14160,87200,6280,51280,5200,49700,103140,22240,8010,8000,52110,15680,0,0
PT-02139,0,0,0,0,0,0,0,0,0,0,4320,46890,0,0,7570,6740,0,37380,54010,0,10040,5910,9550,67120,37220,71150,11460,64280,14070,31580
PT-02140,10840,48180,75380,50740,101790,106280,59330,0,0,78630,22960,33010,73800,58010,81170,61600,24210,36290,0,34220,104500,94440,41500,101370,162770,76930,48160,58840,233750,184880
PT-02141,0,0,0,10110,0,5080,0,9600,0,32780,6500,0,0,61160,0,0,0,26860,0,0,4580,0,0,5360,32460,3030,8940,0,15250,8220
PT-02142,0,0,0,0,0,0,0,0,0,0,0,0,0,0,0,0,0,0,0,0,0,0,0,0,10970,43910,4770,28580,0,117040
PT-02143,220590,440590,735280,355100,227860,636610,51340,312760,533840,168870,392880,626770,793770,255280,354560,405100,957320,852890,543220,552150,492470,351260,933720,561690,310990,222520,639230,128730,1128010,914570
PT-02144,0,23810,17040,0,0,0,25250,0,8720,0,0,7730,15740,7380,0,6130,17750,27980,9700,40120,4100,44570,5580,4950,8130,4680,30220,0,26340,23140
PT-02145,0,0,0,0,0,0,0,0,0,0,0,0,0,0,0,0,0,0,0,0,0,0,0,0,0,76080,8620,65600,48570,19360
PT-02146,0,0,0,0,0,0,0,0,0,13480,10160,63050,36100,36240,78140,0,8600,62960,65620,0,87700,35480,12200,81900,70590,6830,71060,17360,118850,35380
PT-02147,47260,238480,35680,32830,23870,42900,10000,39300,107470,51090,41800,26670,90400,37470,56020,0,142980,24310,57740,0,177890,61240,145920,199030,91980,47380,0,19800,55330,38960
PT-02148,0,64580,0,28270,3250,93240,45340,3750,0,3400,2970,7060,11850,52120,57130,33640,32580,15730,5920,46410,13220,9470,4930,36680,6900,2420,6070,43050,49460,23290
PT-02149,125830,28700,74240,0,89210,38630,41480,54100,138360,12460,108330,59960,43360,36150,18680,7260,83490,76170,71030,19190,64720,68770,7040,39000,37190,30960,23380,0,98630,80680
PT-02150,0,0,0,0,0,0,0,0,36570,0,0,0,0,0,0,2520,0,11260,0,0,11500,0,0,8910,0,0,0,2520,0,5640
PT-02151,0,0,0,0,0,0,0,0,0,0,0,0,0,18620,32600,56220,146350,84630,72570,63390,38320,158450,81550,92780,24370,193690,165560,40460,105980,143810
PT-02152,1323660,1188710,2940020,1394390,1997280,3060470,1722720,995800,3457750,1978960,2512550,4435520,2024240,1867270,4182560,3012880,3418220,3745040,2790510,3078050,4395230,2422290,2308300,4794310,2088530,3074160,6153360,3895590,4127750,6643110
PT-02153,0,24570,0,0,38450,84000,52080,32500,0,211250,0,0,30480,0,0,88320,196020,0,0,51800,65330,0,112110,0,38880,0,46650,82010,0,131720
PT-02154,34360,9450,26240,0,23620,114640,35760,86970,28230,34140,30200,32280,27940,72530,109640,98510,125960,111760,34550,66180,38100,54630,67850,42240,56410,14760,57470,161900,36820,63870
PT-02155,0,0,0,0,42850,24550,27050,49680,112580,75920,61770,49550,75700,41470,98450,72300,62170,34470,117550,40130,13770,119640,56930,154240,13890,27920,18040,48310,22820,12010
PT-02156,0,6200,4770,46920,8680,13440,30680,0,70990,0,116770,13820,8180,97640,35850,113030,51720,82410,59660,25450,31610,97060,26850,71660,20610,25770,12530,26370,10920,55320
PT-02157,34460,8900,266770,32440,6770,76790,77640,109320,88750,39280,73990,62100,26200,52060,149320,30350,8170,54120,19980,35910,116780,74400,68720,49940,107590,21550,123490,62830,103410,54620
PT-02158,18090,2680,27220,0,8860,10360,0,38370,15970,39750,16560,5700,10460,13300,0,2550,0,6840,2440,21240,2370,7050,73270,32950,15530,48520,3150,0,3150,0
PT-02159,0,0,0,0,0,0,0,0,0,0,0,0,0,0,0,13380,0,2220,0,3700,11950,0,2810,3120,0,4480,58600,18100,1580,8990
PT-02160,146830,140830,263680,136320,139460,385690,235940,231670,291890,132080,241650,560450,156250,320940,343470,157260,284870,399460,233820,183460,388950,147620,273350,517000,107740,68250,351850,204710,184450,208140
PT-02161,13580,100540,14460,22210,3760,56760,0,0,30400,9210,99390,53780,96420,30870,54950,7560,0,46720,0,0,25590,19150,185350,47990,5980,6220,30810,56300,69870,0
PT-02162,58140,0,66990,63670,11480,48180,64230,12250,220280,53020,46600,121140,57680,39240,144300,77910,54550,143930,41790,50190,162540,48000,35250,159410,117830,104830,157140,169150,103710,139020
PT-02163,17310,0,6090,7770,1950,34550,57820,70920,15990,25020,0,14690,1530,109460,24980,3680,33980,18200,3440,6630,52710,54130,5040,42390,0,32320,16820,86840,4390,16070
PT-02164,0,0,166290,197400,265640,63340,190360,0,78640,63990,300740,209000,138530,74560,0,87820,56480,289860,0,106660,129210,229370,66200,249190,259730,295540,174910,141440,175410,318830
PT-02165,22300,53680,137950,13190,37000,246960,53970,68620,96310,89200,138500,246560,14880,32580,134490,128910,71960,182220,40700,96210,98610,72020,28510,141820,125930,82590,157370,58360,154300,29830
PT-02166,0,0,0,0,0,0,0,0,0,0,0,0,0,0,0,0,0,0,0,0,24530,18980,26260,16580,3500,125220,86350,59310,28190,37430
PT-02167,72320,0,26220,20040,51980,10730,29740,7220,95890,53050,0,75080,7910,18100,13280,8700,38120,29610,168560,16870,18540,47660,46980,260970,46170,9520,72670,11090,81620,218300
PT-02168,47330,31860,164570,20760,4560,47070,60890,17640,39760,6940,51370,101360,66890,38590,139460,13920,0,46920,43380,0,40260,30340,75330,82860,25880,0,167890,21730,24320,55760
PT-02169,0,0,0,0,0,0,0,0,0,0,0,0,0,0,0,0,0,0,0,0,0,0,0,0,0,0,0,0,52990,163410
PT-02170,18730,112040,71920,121390,79460,76290,0,22800,103930,43440,104590,142890,18430,111650,134590,135800,255240,165350,68310,117700,184860,30600,43540,117530,132790,89260,91650,110460,137740,182960
PT-02171,64800,8470,79560,0,40290,83200,0,61360,12420,32220,0,78840,0,27210,9400,4440,25070,7760,103220,0,32690,91350,0,112030,0,10240,78640,107800,36210,23580
PT-02172,29720,18330,113070,90280,22410,75080,44250,16340,170240,83230,125470,22750,100600,60320,70480,0,105520,94650,73010,118860,84490,71990,123210,141840,34550,94370,69440,125160,48150,60000
PT-02173,0,0,0,0,0,0,0,0,0,0,0,0,0,0,0,0,0,0,16800,35120,20910,61540,109560,131530,30070,113770,52700,12160,91840,127580
PT-02174,26520,65960,97160,15150,38980,32080,63220,69210,227580,0,35000,180340,26750,99070,119250,38080,129440,61750,26990,62720,71150,118370,55750,143280,96790,28570,277580,77240,16750,164170
PT-02175,0,0,0,0,0,0,0,0,0,0,0,0,0,0,0,0,0,0,0,0,0,0,0,0,0,0,0,80420,33840,77870
PT-02176,0,0,0,0,0,0,0,0,0,0,0,0,0,0,0,0,0,0,5100,0,45120,10890,8130,15960,0,20320,52520,52750,41810,39610
PT-02177,69160,139700,71160,157900,70600,99500,40770,76300,106040,159060,129890,130550,56630,154610,166460,206870,134390,287020,176140,73750,194910,50200,60890,301800,151950,71360,146310,95530,268400,142850
PT-02178,0,0,0,0,0,0,0,0,0,0,0,0,100170,294800,0,196280,203360,332790,64920,32760,340500,165390,197170,174960,285280,147900,491890,0,111600,660260
PT-02179,0,0,0,0,0,0,0,0,0,0,0,0,0,0,0,0,0,0,0,0,0,0,0,0,0,0,0,129990,0,44950
PT-02180,33430,59540,66430,10880,8500,71400,59120,0,74820,107660,55600,82980,121040,9820,9970,70920,80210,164810,36410,9070,77730,51010,37200,194040,37140,61080,213860,72490,55280,63870
PT-02181,23880,80070,87890,0,38210,31240,120580,37280,49960,44560,45780,68390,158240,130660,92730,64800,60150,86460,48370,121380,224950,121640,130300,74130,113610,52970,168940,90420,149910,191580
PT-02182,11010,0,12980,0,12920,59050,10350,6850,35050,7030,0,26290,6230,65740,18780,22190,0,0,24360,0,22770,0,0,8760,38090,49330,59410,4980,50050,63920
PT-02183,82230,155050,91200,35960,43260,119110,12050,115840,51310,185110,175660,23100,24320,91310,114560,84900,104830,186330,49720,111240,95860,107870,113230,104330,100130,112960,269690,189720,193990,350800
PT-02184,27780,71740,41150,47380,27700,34990,0,0,0,4560,0,2940,43900,27730,11230,43090,13250,24310,0,94980,27830,22640,51700,217150,31050,0,35620,42410,35640,80150
PT-02185,8230,38630,75960,7950,0,4440,49940,0,17950,48300,29490,11020,14290,5920,0,6210,0,8710,11840,64780,12100,59660,0,17970,33920,6090,19110,19640,5760,31080
PT-02186,454010,193370,962920,136910,295100,593250,174080,223720,647390,181250,875540,159340,306340,543060,310250,525970,67660,468600,151750,260570,157480,240570,281540,378320,310610,605330,366810,371610,134630,155520
PT-02187,0,61270,240570,0,21150,26120,55790,0,12960,32800,24270,286740,33700,27750,26730,192660,106770,76300,102240,90730,45720,59000,0,156180,97780,78680,71570,207220,52320,99930
PT-02188,236080,65940,234960,313710,242690,359220,51150,91560,323490,504590,112700,506160,479650,370520,633510,239330,481920,611150,359740,299550,212970,999330,348040,1132890,487330,192570,952320,452630,301000,662440
PT-02189,0,0,0,0,0,0,0,0,0,0,0,0,0,0,0,0,0,0,7740,11070,57310,102180,86970,44990,0,7680,43000,28910,22680,54860
PT-02190,104460,218640,260560,49510,8570,198860,0,123080,141210,246750,46420,180240,126760,279550,210990,135570,62520,324570,124330,60640,126190,217360,133820,214970,46160,91480,144830,149970,192090,221980
PT-02191,51670,16720,67300,9060,3180,41610,4600,25390,0,71320,37480,59100,4300,0,7230,7380,2880,12960,6080,59970,61360,27880,2190,14580,0,0,28580,2790,5040,9050
PT-02192,0,0,0,0,0,0,0,0,0,0,0,0,0,0,0,0,0,0,0,0,0,0,18800,17320,0,42340,7240,0,43690,69650
PT-02193,0,0,0,52120,6700,52180,28670,14430,0,0,59300,22660,12140,14140,90150,112270,28630,90040,5920,74830,174310,24900,37540,243950,81010,22580,70800,123840,17760,65770
PT-02194,154500,82940,315210,235980,22880,113300,19890,78650,134420,119830,148960,181410,129890,22040,400230,0,48410,219470,48080,89190,34150,134160,126290,192280,145000,93680,357770,71700,113700,132060
PT-02195,13120,55830,56290,0,0,28430,12600,45680,69010,43340,0,0,0,0,58310,3900,9860,20970,15790,39190,80930,0,15920,25490,7760,14970,26510,34900,5380,23140
PT-02196,0,0,0,0,0,0,0,0,0,0,0,0,0,0,0,0,0,0,0,0,0,0,0,0,0,0,106170,33650,80710,133410
PT-02197,0,0,0,0,0,0,0,0,0,0,0,0,0,0,0,0,0,0,0,0,0,0,0,0,9400,0,0,0,51970,14470
PT-02198,11200,22730,11600,0,44130,32650,7710,39560,8760,18690,35620,43310,61570,16680,45920,17440,12600,39060,0,7150,54050,40100,0,26400,0,38570,64930,0,20590,28660
PT-02199,237110,269880,413840,380740,450220,338090,306740,507110,292960,394140,537820,567670,447690,329730,576460,293170,476390,507400,235650,401000,453720,390000,183760,452510,313780,145860,598650,220800,634350,411080
PT-02200,0,24780,3460,15510,45440,21430,5800,30150,3120,42380,17020,19520,7910,52640,24510,9960,32420,9730,92370,21390,0,50180,29520,0,4580,18940,17520,62510,32360,5060
PT-02201,7720,93130,23990,84630,0,88880,42650,4860,66550,32960,115620,38910,68860,34460,11590,29970,14940,0,51410,34870,115440,12800,28240,162960,7840,20180,0,29480,7410,34680
PT-02202,0,0,0,0,0,2560,6280,11660,4610,0,11190,6700,0,0,0,14100,0,24030,0,0,4470,0,33290,10460,9780,65250,11500,24040,5380,0
PT-02203,0,0,0,0,0,0,0,0,0,0,0,0,0,0,0,0,0,0,0,0,0,0,0,16560,0,0,27870,26460,27280,0
PT-02204,0,46000,52640,5050,8810,78270,110060,4680,7930,72230,24430,8780,0,3430,38750,26710,0,31600,1840,5020,13710,52470,43850,15980,26430,32990,20210,101550,49920,92680
PT-02205,35420,71290,112970,138660,48680,60230,103670,32620,178170,83110,97590,71100,105200,123350,51600,18790,0,175190,27700,167660,97440,34840,73730,34810,89660,70710,206700,73960,0,105170
PT-02206,9730,10950,20710,0,36200,4640,0,0,3210,0,16430,3120,18850,0,12530,18680,0,43220,11750,0,2650,9550,0,12730,5450,8830,0,8780,9980,8790
PT-02207,98890,34140,79590,142590,105250,121480,72520,101130,56150,62850,162750,67540,100190,91050,229710,80780,111300,139750,151530,70770,129320,213710,56940,141130,26640,68890,16250,11480,0,100630
PT-02208,0,27260,0,39690,30840,39020,0,0,0,0,0,53130,27250,9040,57050,0,52880,64120,0,21900,33850,127950,89880,94240,18180,40430,81310,36680,16980,73480
PT-02209,42980,30580,136750,65750,52180,21670,23970,131120,135460,162800,68040,126620,20690,73390,104770,25410,140940,51050,39340,52510,109600,11310,63420,39650,72510,44350,155580,19970,22330,44440
PT-02210,7100,0,6810,0,55290,26260,26910,0,22130,6360,0,11410,20380,0,18450,41960,11460,36070,8210,0,1800,10570,5690,10860,11490,19540,7900,9820,6460,0
PT-02211,49450,47980,57790,34200,0,5840,0,9900,19550,0,33740,42300,14750,0,29240,0,13480,44110,11830,22450,64450,17860,16920,16230,10140,4180,121520,7390,41980,47350
PT-02212,64160,63300,26550,4600,0,28340,0,12710,28580,52580,0,15430,28410,26680,11710,51540,114010,204790,37490,12020,119040,22080,76710,30250,36280,70780,15430,108510,75520,47530
PT-02213,100970,0,155740,27890,0,0,34210,29110,105140,6920,44140,3130,0,72440,192650,35630,107250,14100,76530,59410,107460,31300,51930,140240,11980,33360,174190,0,8300,91670
PT-02214,9150,9950,6490,0,16690,74090,24600,17900,10300,15280,35950,19890,17110,22400,13140,54980,30400,16960,69180,2730,42720,0,27900,23220,14280,44000,73630,56440,15360,29270
PT-02215,0,32160,0,0,78870,115220,0,0,20220,0,22440,78420,0,29680,29360,0,0,9040,54170,0,0,12870,116140,58430,0,0,20610,32290,49680,17290
PT-02216,0,0,0,0,0,0,0,0,0,0,0,0,0,0,119130,34350,74250,0,30900,0,217840,98150,172140,328620,0,0,0,276820,114640,169340
PT-02217,0,0,0,0,0,0,0,0,0,0,21120,180890,22220,0,86220,57380,14640,54710,37000,0,15990,66260,44960,157160,16920,40010,0,25850,67930,35100
PT-02218,198470,289660,429040,264280,460770,398910,495550,419450,475590,443780,480220,474150,423040,369240,308810,0,162690,349950,90920,64500,216200,24300,166620,150360,21850,254340,130160,40460,83160,131740
PT-02219,40000,56580,41620,12940,0,81930,21030,23880,38480,13610,39470,8920,38480,6660,67440,57620,3110,25620,0,6520,37450,38490,22180,59200,49460,28490,25400,19840,149430,19110
PT-02220,20730,95280,127110,30780,66790,138470,14510,35020,60740,65370,39960,53540,114080,16600,20580,21900,28820,48460,71800,7840,64250,43900,24380,181130,104650,75240,43440,18560,66910,75400
PT-02221,41040,53860,130160,17970,0,4610,4700,94850,79690,29500,0,6620,112520,40400,87190,22100,20150,26670,161490,24160,65750,33790,53710,8200,7210,20490,69570,0,61600,45200
PT-02222,0,0,0,0,0,0,0,0,0,0,0,0,0,0,0,0,0,0,0,0,4020,4430,6510,0,10270,0,48680,1790,2820,0
PT-02223,107900,23720,61300,3160,79990,20250,3020,10240,50290,17530,18200,71370,8880,85790,167180,0,6960,56160,24790,101310,41520,0,37790,27530,66060,91410,173760,0,13370,45200
PT-02224,35830,0,55320,12180,79010,14800,6030,0,10680,38080,38600,138650,0,54970,22500,56830,48960,42360,17060,123170,11960,0,65040,37940,0,103100,0,11700,24080,15820
PT-02225,82040,88000,6980,134360,0,103580,33640,33250,91440,15630,58100,69100,16330,74000,11010,13570,106100,59590,9230,53550,138610,44720,59740,58980,9480,45250,30670,97450,81690,231950
PT-02226,14550,29720,60600,0,44070,94220,26760,11780,3660,25510,0,56870,13770,41750,9680,1920,9790,58390,49550,30910,8810,21470,3200,52020,20440,0,0,49210,26610,118440
PT-02227,0,0,0,0,0,0,0,0,0,0,0,0,0,0,0,0,0,139740,112480,80710,220940,30550,221630,336180,175020,285560,255460,111990,152160,343780
PT-02228,79320,25160,30160,70930,265710,145320,22160,41290,41480,75730,63170,61970,94490,89780,158270,90890,83830,45810,11160,127160,35420,27220,70580,60020,15720,42010,153170,58060,163130,105330
PT-02229,1179800,1007260,1939490,1195770,1626160,1374100,2085420,1801000,1577970,1830430,2284280,1620640,1764100,1459510,2328970,1330420,2360530,3205370,1466570,2584880,4033830,2662740,2518700,4915510,2478540,4041520,3024060,2258310,2819870,3961550
PT-02230,50140,156120,150460,102750,77730,96240,54670,84480,101330,220160,92390,84940,155920,57530,107640,56050,158810,86660,30000,40370,67230,115520,108500,160780,99890,94240,159320,33490,321830,106720
PT-02231,0,0,65460,22540,64460,24140,5600,10500,11160,75370,73320,28900,49060,19440,0,11560,7920,31950,0,32310,0,0,0,18890,0,0,6500,0,10040,0
PT-02232,154640,346980,488580,137370,203810,328770,58840,138140,536030,281280,116310,277910,98550,167740,436240,325730,351260,336750,197920,208610,197990,134770,208080,353570,224440,119300,145550,230590,257630,122730
PT-02233,0,93080,34500,80160,47480,144620,69470,70330,118240,67390,83300,94610,72550,27800,45930,55890,126340,134920,26700,16370,106920,39640,33230,31070,69910,76200,46280,16980,55390,0
PT-02234,46130,42270,31250,41050,26610,117650,97260,80250,48940,58150,83430,187400,36000,77710,132630,105730,120250,170610,97640,56400,204340,187690,100470,205500,72720,98010,105490,58090,47940,67950
PT-02235,33550,0,17880,0,0,0,99080,0,0,0,0,0,65410,0,0,0,0,29810,0,0,0,70010,9040,86950,103270,34050,25360,0,26360,29330
PT-02236,18560,0,26900,46200,0,23280,0,0,141490,32800,0,0,0,59640,45700,19140,19080,19440,0,32280,0,18000,51030,30900,0,96370,65000,48980,92560,76560
PT-02237,0,0,0,0,0,0,0,0,17200,7500,0,19220,0,13750,9930,6450,27480,40630,34150,23260,59040,5190,10730,69760,0,0,34590,17220,3140,27090
PT-02238,0,0,0,0,0,0,0,0,0,5580,0,11770,11390,122830,0,0,6300,29030,0,0,15460,67530,29410,5200,0,7380,38620,0,0,13860
PT-02239,91060,0,12960,0,0,20820,2610,0,0,0,0,0,0,30100,2640,0,2840,7010,0,0,0,3020,0,5460,0,0,0,0,0,0
PT-02240,0,0,0,0,0,0,0,0,0,0,0,0,0,0,0,0,0,0,0,0,0,0,0,0,0,0,0,144720,196750,278950
PT-02241,51450,100830,123460,109720,150970,204960,80600,60690,84330,106290,71190,125580,234310,45840,141520,205510,107060,139990,36330,124960,127630,70710,121480,76740,120400,66930,90380,85560,216000,243890
PT-02242,0,7680,96320,10560,40130,34160,15820,13440,56200,39460,132890,75300,55600,46400,115740,5000,142380,45210,46170,33220,60910,12340,64970,12070,79130,168260,63190,54280,39740,26890
PT-02243,0,0,0,0,63800,30140,77440,38640,0,0,14520,48920,0,156030,129820,121260,0,109160,29830,0,191520,0,86940,333650,136820,44880,112260,0,124230,191050
PT-02244,102200,26320,139840,60620,75880,242670,67440,142830,152120,88330,52730,79690,150170,155940,111830,74730,86030,275200,137010,121020,191480,59850,59210,124270,182450,310200,0,186450,178820,142180
PT-02245,25940,26210,7850,19870,2880,15570,0,28280,14030,7280,42340,83360,7080,0,34580,1510,40400,0,16820,2960,57100,85750,15350,4570,30960,73970,9630,34340,33380,47980
PT-02246,104770,34810,51860,50970,123010,211880,47100,16160,92150,77080,123280,123970,0,115070,152390,46710,24720,141690,173240,82690,221040,251130,115870,222480,32840,86740,139280,112540,19350,48410
PT-02247,0,0,0,0,0,0,0,0,0,0,0,0,0,0,0,0,0,0,24650,0,0,0,29290,29040,74740,134990,48330,31960,13840,41880
PT-02248,67140,82070,274450,0,25420,66510,24060,61510,73090,86440,98420,175460,75430,64960,441430,129050,65370,56080,135400,21680,197540,163970,88190,205930,35600,224060,543640,13790,104000,147020
PT-02249,0,0,0,0,0,19880,0,6640,60550,0,40160,7000,23280,10050,12840,0,90250,24700,15600,17410,5880,23590,50450,50640,59280,28370,30670,14940,15070,48820
PT-02250,98530,25840,56790,23570,35690,30200,25840,0,85970,0,14160,50490,31160,30820,86510,36020,40620,92460,144080,19880,46930,59790,18300,57420,33120,39400,50180,32960,14190,48700
PT-02251,0,0,0,0,0,0,0,0,0,0,0,0,0,0,0,0,0,0,0,0,0,0,9770,9690,0,0,13600,16240,0,8570
PT-02252,21950,40850,4000,31030,0,5850,33420,38110,6790,0,4280,29690,7640,4300,54530,62250,9440,55520,4360,23750,45320,0,6400,53740,47090,12220,45210,52070,29900,24680
PT-02253,199250,255850,558110,260170,0,336730,164320,117960,150370,294670,298390,350250,275480,166250,158060,245520,106320,209810,221310,131180,243050,369520,155940,132000,174640,274600,461350,221240,87710,172520
PT-02254,0,0,0,0,0,0,0,0,0,51150,0,0,0,28660,0,0,18420,16380,59290,14700,0,30590,45540,98020,60270,76670,0,22810,0,0
PT-02255,0,0,0,0,0,0,0,20600,19180,44130,71810,50900,80120,26400,42030,66180,59580,209650,22610,116400,101540,69480,168670,128210,94470,62280,215430,246600,179520,86690
PT-02256,0,46570,69660,9680,10110,25650,21870,36760,36420,64070,52870,14340,18400,64090,19660,7570,36040,23550,70640,4080,15690,22060,99840,46170,4660,43870,75680,4060,3000,46640
PT-02257,36140,32590,80470,3580,11760,2430,3010,6630,0,0,5630,29210,7000,164890,3600,131320,6630,3110,0,6920,46660,69490,46060,38540,0,9010,4880,3630,10280,9970
PT-02258,4830,18830,105890,0,28120,98860,0,6100,67520,34280,4540,48230,0,6170,8790,0,0,45900,45850,0,0,0,64380,101860,45400,32570,33570,41300,7160,5940
PT-02259,0,0,0,14460,11040,78350,0,21350,166390,0,0,38270,98160,18810,78600,96740,12520,113310,52030,101450,289640,107120,29840,63380,56690,36920,140880,0,71080,79550
PT-02260,0,0,0,0,0,0,0,0,0,0,0,0,0,0,0,0,0,0,0,0,0,79130,142800,37020,37900,263370,0,159090,69220,123960
PT-02261,35010,36720,53940,97160,42930,94170,174950,29580,16960,0,42900,70750,277630,39300,216590,80150,40200,45300,46400,105670,117670,60200,0,127160,31350,0,85590,18130,0,119200
PT-02262,0,47320,11580,0,0,51430,0,12380,0,5970,0,0,0,25100,3000,18210,16940,0,7200,47330,23660,8990,20530,74730,2750,0,31680,86520,43200,20240
PT-02263,0,0,0,0,0,0,0,0,0,0,0,0,0,0,57690,6160,0,2130,135500,10550,11350,37220,2910,32160,3040,62940,50470,17220,41890,47280
PT-02264,70160,35160,55610,33270,120600,39750,17260,2760,43340,38610,63140,98130,32960,47240,66060,0,33550,46020,33700,16190,0,17470,52080,42330,21930,0,0,25300,0,14480
PT-02265,51100,0,0,0,0,44570,46600,10910,16220,0,24640,75280,4710,5240,65830,19750,0,39290,0,0,1940,26720,0,4260,39000,10840,17250,0,0,0
PT-02266,0,0,0,0,0,0,0,0,0,0,0,0,0,0,0,0,0,0,0,0,0,13100,30570,56880,58220,67370,172590,32890,113040,107340
PT-02267,49420,47720,73780,23400,36140,90270,19930,6810,89990,25510,6600,182120,82610,13420,102190,109680,138980,64630,50500,10300,21600,33680,0,32140,103480,63510,24740,0,28550,148830
PT-02268,0,0,0,0,0,0,0,11060,13500,0,14820,0,31890,43850,0,8220,39480,44720,43270,7380,0,33500,36150,53150,8750,45470,74360,101930,45390,18630
PT-02269,6140,7310,30750,6060,67370,18690,0,3240,14620,67970,3510,49720,9960,2320,18930,89570,3900,46940,9970,12240,0,20790,50520,55810,0,11970,0,55400,17840,81570
PT-02270,5750,51000,9570,0,47490,45720,8430,53090,9440,60390,39000,21030,11140,3480,21260,3270,23040,107350,5730,2610,4860,5200,0,10750,4860,90930,93960,6390,8770,84690
PT-02271,0,6650,0,41990,8150,0,2760,16490,0,28060,32990,4230,8380,31740,17070,0,10760,43590,0,11130,60420,45740,59740,53210,81710,45770,32680,14200,36730,16420
PT-02272,0,0,0,0,0,0,0,0,0,0,0,0,0,0,0,0,0,0,0,0,0,0,0,50920,26960,24000,38230,11280,43860,0
PT-02273,19410,28140,34140,11210,0,73250,7140,7740,55690,26800,60690,129650,10080,78520,64900,60370,51310,8580,73020,13020,47960,18540,28140,100990,31340,47260,51560,112710,29030,82590
PT-02274,38720,86160,41590,119920,113750,184330,0,232500,219370,215150,317770,411220,24120,240420,150230,53070,23840,57820,79180,86300,144590,284480,223410,68080,126560,72840,535310,139410,162840,301180
PT-02275,114870,96900,212890,10800,106560,69170,27980,0,85450,86890,100640,166790,45180,126040,414620,81160,75780,18620,13180,30190,204550,48290,113390,111130,29480,89360,218510,28680,28090,198550
PT-02276,337840,433570,618570,214310,439240,748530,677700,232610,679650,416470,506370,704200,530720,482640,777740,596320,533720,383040,650880,322340,1067060,662480,890420,523680,563890,405110,652830,360760,678200,584860
PT-02277,0,0,0,0,0,0,0,0,0,0,0,0,0,0,0,0,0,0,0,49000,65450,0,17200,26600,22500,35810,10340,0,70710,54090
PT-02278,6520,49820,10550,0,0,26550,9350,0,47290,11280,65180,2330,63750,36160,44510,28300,0,58950,3840,5670,30750,0,24000,34670,20420,11750,49440,47980,9070,11700
PT-02279,139770,17400,207800,21480,271500,257130,36830,92610,138050,105040,148080,101930,4860,52900,278280,82000,81470,23400,124980,23360,53800,100400,68090,0,27200,58160,91530,27280,49280,54420
PT-02280,28460,19480,101160,10560,47050,108480,41990,44250,31000,0,76440,55630,49820,74510,32630,10260,87800,16050,56080,43130,37790,24490,18920,44660,0,53750,42450,8920,91910,75430
PT-02281,0,0,0,0,0,0,0,0,0,0,0,0,0,0,0,0,0,0,0,0,0,0,0,0,0,0,7480,9760,5940,41110
PT-02282,0,45870,16290,41960,3540,87960,26800,27000,117860,17800,33580,41170,11310,22590,50730,18380,12700,57850,58870,4560,59280,90000,84500,130820,13080,51750,0,27020,23360,53110
PT-02283,40110,123140,64560,15630,28600,0,47310,19560,113950,64120,69890,55660,41050,59460,60720,63000,47480,116870,32450,62600,50100,114190,28880,193440,88430,18800,65240,21100,101730,72380
PT-02284,1261340,1132220,2070750,1027620,850620,748430,1302630,203740,1989050,868980,2356990,2509460,675780,901610,2169450,1840180,1211320,1515440,1000290,1168760,1789130,1654990,1941090,2130480,1252100,1248100,2531740,633090,1004370,1758190
PT-02285,16890,0,89510,20220,108850,167890,10080,53050,70290,59380,29100,83230,28130,0,7250,68850,141440,42270,9220,33060,84200,32490,142740,57910,33650,73570,67320,29210,81280,79220
PT-02286,38310,85680,85610,53860,159100,178940,267600,0,278980,189940,63810,130310,191750,82850,147340,81330,44250,171110,21600,118110,299360,242560,19440,39500,59580,126070,147260,400980,73380,396530
PT-02287,0,0,0,0,0,0,0,0,0,0,0,0,0,0,0,0,0,0,0,0,0,12290,11620,4200,10200,0,20510,58240,0,43250
PT-02288,0,29730,0,50780,49440,0,64900,0,118990,32580,0,0,0,99700,36960,90590,0,141640,24400,127220,50120,0,0,47650,57460,57610,32470,142980,42540,128700
PT-02289,10330,4160,72700,61300,10110,8760,35170,0,33200,0,13020,11360,2470,0,0,3360,10420,53570,5440,2860,14160,0,11050,44910,0,2180,100180,44140,65950,14000
PT-02290,11630,11860,27440,112960,50440,110590,30310,107520,42530,0,71930,0,0,75710,32600,38050,71210,70790,55160,0,40810,55230,60540,182300,54530,165100,97850,133770,47760,131430
PT-02291,0,0,0,0,0,0,0,0,0,0,0,0,0,0,0,0,0,0,0,0,0,31860,51420,34160,36060,0,57930,0,15560,72760
PT-02292,10650,10720,34720,3490,14200,39020,81520,49980,128560,35110,62780,29890,68180,19010,59950,18560,79800,108690,70710,75270,24480,42370,49290,11850,19330,81920,74920,4880,16110,10460
PT-02293,49100,7790,5780,0,0,17160,0,6160,32260,0,14170,71050,0,8930,14230,35390,28680,0,11780,8890,20110,9630,6400,48060,33910,7350,0,12080,12100,2070
PT-02294,0,0,0,0,0,0,0,0,0,0,0,0,0,0,0,0,0,0,0,0,0,0,0,0,0,0,0,0,0,2300
PT-02295,458610,500720,929760,655060,398490,465840,406390,845270,954160,405240,723190,1497640,1086960,198360,1836540,938250,1115720,1787210,480660,597110,1441340,1055930,396660,1333990,1861590,1239310,921350,929210,882150,1979940
PT-02296,203440,145930,214310,156250,117930,295440,133290,222690,413180,279800,171940,339290,65630,175220,301990,149600,206110,310590,138470,149120,313700,215860,298590,398110,278060,248500,211450,279010,154850,435140
PT-02297,0,0,0,0,0,0,3090,14250,52130,0,11690,39370,53200,38640,102640,68340,56410,8220,22960,29160,36030,64920,55020,107150,36710,64620,65910,81260,53700,77530
PT-02298,404970,287540,269290,57220,456300,804160,146740,403210,327510,579760,398610,972010,381630,271970,571110,327370,287850,911940,389100,595100,785710,682440,866050,1151390,567140,1035950,1404990,734200,734420,1151030
PT-02299,161430,221850,228840,147470,291100,313810,221750,187330,277700,282700,182930,231450,204740,119580,171070,237240,301580,498530,171360,135150,382790,281420,231340,226540,268900,238320,240390,235340,221630,282190
PT-02300,19530,0,61630,15970,28400,0,19250,105080,28320,57200,76610,87850,16330,20070,27640,4190,70520,19630,43010,19540,11880,117680,66200,48690,7230,16970,41740,34670,47520,62630
PT-02301,32400,252880,53240,96820,142210,137260,0,80400,80700,108720,0,24150,95010,87420,0,40000,96920,239770,255660,110590,257760,254120,172240,207850,101460,70510,489560,25590,323180,127040
PT-02302,0,91370,269750,71250,53410,26280,148200,145880,69820,62570,213050,104240,109580,106300,167120,198440,333740,137430,75660,56970,485680,142770,182650,85320,221460,148580,357130,255690,113790,218890
PT-02303,0,0,0,0,0,0,0,0,0,0,0,0,0,0,0,0,0,0,0,0,0,0,0,0,51690,9820,3510,7670,22870,22560
PT-02304,176080,235580,302440,260970,439790,63220,274710,339150,455850,364910,201810,677850,525460,453990,242720,289460,480910,690270,398370,146690,973610,829020,579620,1454140,324920,580480,782460,516790,547880,636560
PT-02305,0,0,10080,37330,4060,16800,0,0,67450,2320,21410,11150,0,0,31340,0,4440,34190,20120,9820,0,8490,20120,27150,11930,21060,23430,16060,0,0
PT-02306,149210,276080,290550,325810,254140,236550,206310,168750,403250,317970,227120,420740,323820,322610,196820,401310,262050,239090,249430,230150,247610,316150,159570,281190,174210,431760,309090,187120,312470,394150
PT-02307,0,0,0,11500,0,0,7560,9270,7890,0,13940,0,27880,0,2760,14390,13230,19820,0,1770,18090,8970,9090,17300,14310,11040,0,7410,37960,14030
PT-02308,0,0,0,0,0,0,0,0,21480,30780,17440,55080,33570,29260,48960,25100,94330,24220,31880,144960,24600,46440,120620,208820,72600,40380,65960,64630,98040,265200
PT-02309,0,17820,0,18000,0,114530,0,0,0,111760,72390,52900,0,0,0,0,0,56400,11040,0,59540,73110,0,36060,40880,107320,19570,36240,88740,0
PT-02310,0,0,0,8580,0,0,14940,45520,33490,66360,14520,111760,14490,0,60410,0,0,127110,0,56710,51550,48380,34460,63370,8960,42380,184470,39760,27980,34270
PT-02311,0,0,0,0,0,0,0,0,0,0,0,0,0,0,0,0,0,0,0,0,0,0,0,0,0,34570,0,5680,8600,0
PT-02312,5140,49730,0,0,29060,12920,47040,0,65500,14200,4860,78060,47980,47350,45190,73210,0,77490,0,139190,8620,11070,59270,140360,17400,25130,70080,7450,9090,19290
PT-02313,60060,13800,54690,0,15000,72620,94720,88350,164100,88610,110150,71350,330260,37400,147000,25950,18730,106870,56380,74920,50160,71780,6810,119260,59700,27390,71970,10490,111070,270670
PT-02314,102650,114760,0,100280,17620,103520,0,40080,94330,0,0,125520,56230,0,185430,27860,0,73500,35100,100190,23800,163110,123450,159470,40260,78250,121750,184330,98710,18810
PT-02315,17170,73000,10910,16570,16930,82960,15460,63760,11430,39170,8340,31990,59120,29010,58420,64640,0,61720,4300,91710,8160,13420,46790,12030,28130,21310,38690,48390,43040,165040
PT-02316,129640,24540,23240,71510,91990,134690,7820,44030,34170,154050,63940,72860,49740,181700,63110,167330,39200,52080,48860,9060,19160,55930,32470,96640,21080,0,46110,69940,0,80350
PT-02317,127570,444170,263480,0,173660,395990,0,213820,152970,0,156630,200580,213360,141240,370340,554580,0,100070,174010,107500,201110,228120,247360,617780,375600,123440,399260,84260,182160,254540
PT-02318,28430,0,10200,7980,82410,20430,46620,0,23440,29830,17690,27270,35830,38030,184500,83850,99830,74090,11330,3440,50880,108590,41810,52560,40650,29940,28460,95020,91990,171310
PT-02319,81100,138370,68620,25070,33640,153610,24860,25280,167390,48640,6480,130520,74110,136730,174160,201380,102410,83170,64720,18660,83440,142570,78930,223730,64810,73240,40600,98180,132820,223360
PT-02320,64850,5460,82320,67120,160540,132210,139540,99240,166650,37610,61160,93640,9790,49990,84320,64370,147020,65080,36640,7540,114360,103060,96900,72630,74780,107300,122130,81410,19360,41400
PT-02321,118190,353470,403760,240650,379410,517290,396230,197400,449450,214680,251350,198620,250420,293610,346380,217210,239130,356460,104550,301450,347970,200910,285270,384230,238130,360320,336990,452290,178380,341110
PT-02322,0,0,0,0,0,0,0,6210,0,0,6640,39200,24670,0,11670,9650,0,4440,15070,0,99000,18620,46200,10160,0,52240,32330,8480,50890,5580
PT-02323,0,0,0,0,0,0,0,0,0,0,0,0,0,0,0,0,0,68750,0,6630,22520,81310,0,45400,17670,114800,105630,79310,0,59730
PT-02324,28160,62200,94480,53260,18080,47580,13080,50230,66190,30940,33130,152800,83530,8270,89620,53340,113380,23600,31440,65950,122110,19090,75490,51050,86700,30570,20400,74780,95860,153090
PT-02325,0,17240,0,10170,13340,5360,0,0,10640,8310,17930,45850,30350,63100,0,57310,14090,33130,32350,9730,88620,2440,14720,35210,9250,8960,11760,0,16570,18440
PT-02326,195000,207430,210070,84300,337990,171240,128910,254210,215860,74620,198000,226690,306520,139350,97990,202960,120760,189780,123860,51120,412990,93650,181120,194000,325270,95960,245750,189900,267280,309150
PT-02327,0,0,0,0,0,0,0,0,0,0,0,0,0,0,0,0,0,0,70880,0,466540,361700,512350,454470,227150,248960,346880,160560,274860,666760
PT-02328,0,0,22880,0,0,0,13600,29090,60970,0,14340,0,15520,48740,46340,22800,103400,57920,36050,0,89360,0,70310,95570,18600,0,46550,118040,0,54020
PT-02329,8610,0,37500,8910,5670,54060,75110,0,12060,27040,3900,5800,8620,0,3870,0,0,21160,0,31810,10700,29790,14200,54440,14440,9520,4740,0,5600,0
PT-02330,12460,49610,9450,7520,0,8710,4210,23150,21820,13580,14060,20020,49160,0,74230,22300,15540,10160,81880,0,0,7210,11520,3350,10880,8470,4170,4600,8370,4900
PT-02331,0,37950,0,56700,0,272730,68240,30360,274520,87080,126180,104080,35960,0,127780,0,65960,158410,260810,0,174330,65150,92910,46120,46200,56420,103980,83970,0,0
PT-02332,40910,110630,127200,123760,80210,127970,37740,75350,77760,66110,41800,65310,89070,80660,18160,143940,62800,49170,20600,65160,58220,52270,61610,60480,67550,95730,130260,79570,91850,129770
PT-02333,68300,51910,73490,135200,39690,68600,52990,50590,88880,117190,64460,105200,6460,75510,47970,66030,70800,137310,95510,121750,140960,109260,35980,25260,64840,78980,81140,68660,92700,26720
PT-02334,0,0,0,0,0,0,0,0,0,0,0,0,0,0,0,0,0,22030,0,3090,17600,23620,11180,7690,0,0,6960,0,6470,20920
PT-02335,78340,177230,180550,151660,112470,257390,87260,89110,221530,216330,81950,179350,151600,185140,179860,162680,382290,308250,124600,187720,193770,175620,261560,145440,177970,145720,282030,107960,115930,289410
PT-02336,0,0,0,0,0,0,130560,0,0,0,317120,151160,242000,0,439210,105210,66640,0,164300,283510,398540,174480,307020,541360,137220,383850,358030,110160,363920,560460
PT-02337,144730,79440,126250,7830,47380,72970,98840,10880,194620,3480,100950,92020,138670,96120,136700,86800,99630,150320,60020,17390,84650,185600,85710,25900,47220,95060,62710,230360,26730,47420
PT-02338,0,3000,8510,29130,0,0,0,5660,0,0,8560,15720,7030,7840,8530,0,0,0,37800,0,8310,1290,12050,42300,0,7340,9570,5810,11620,49950
PT-02339,13010,7050,28590,0,23320,58500,0,4340,0,11500,2400,2660,0,6600,95360,4950,46740,33050,0,18910,0,0,8530,13780,0,0,15280,0,0,0
PT-02340,0,0,0,0,0,0,3860,0,0,0,0,38330,0,27710,38920,0,18640,36080,0,11120,9550,0,4300,2820,0,38710,0,0,0,23340
PT-02341,21030,0,76170,8450,71530,53250,0,75470,30630,90770,21890,0,51670,7760,60880,11540,122690,11420,33960,0,28070,7410,21670,25420,42310,0,62140,0,8410,25170
PT-02342,0,0,0,0,0,0,0,0,0,0,0,0,0,4500,4800,4860,16870,32820,26140,7410,28230,32180,0,64780,34110,29570,46490,18170,5430,27030
PT-02343,447370,320230,1547600,175080,400540,659250,390600,343010,558310,686070,577500,544210,529660,205180,1553720,83980,500450,495170,393210,556740,563390,488930,603160,631750,308220,711130,1795590,335270,388950,445180
PT-02344,83880,42390,130790,7960,123950,30290,22260,61800,244440,87580,93930,105590,110460,96770,127560,94830,94250,126130,60000,0,170300,91940,155320,177310,121790,128370,237980,62960,106770,126920
PT-02345,43870,47360,50410,0,11060,13550,0,0,56380,0,48930,4890,46330,15700,44640,0,44380,16960,9870,0,0,3440,0,55430,9930,102480,22440,56050,31900,50770
PT-02346,19200,195540,0,76960,289580,92600,24280,53400,116580,153240,42750,107760,55650,174890,33780,66510,0,46920,105700,234430,45560,0,131820,150750,102860,228170,287400,27860,163230,244390
PT-02347,45080,104640,376280,29890,29980,127740,35040,99790,55920,32200,63570,120020,10380,163870,330990,81390,52860,106470,60420,58460,101630,54340,161370,102630,108090,3980,230330,117170,55180,175790
PT-02348,28240,8650,57390,7640,7800,20000,6900,29010,75400,12440,8050,128880,47580,34040,216200,7640,23970,0,12280,16540,33470,25770,93640,10610,105940,9250,162220,0,32810,31040
PT-02349,25830,6000,15620,0,106010,35080,0,0,18300,0,55210,88690,105790,92340,8880,36570,76400,0,85750,40250,12440,0,84600,69760,29280,57850,148980,39880,170600,45270
PT-02350,376890,457880,424770,554240,367560,618860,618340,315680,511420,395160,381950,374390,428890,613390,504390,281320,392060,465890,331200,249600,652050,297330,446330,313670,363510,303180,450350,299780,489530,593980
PT-02351,0,0,0,0,0,0,0,34710,56550,32480,47040,0,0,34880,48800,28800,37050,38300,50830,0,52800,31110,36540,36840,111900,13840,46880,0,0,56480
PT-02352,0,10620,48390,0,0,0,0,23940,17940,0,26280,58050,0,0,14880,23740,0,23150,0,0,19240,43170,0,69620,75820,56940,114410,10560,18360,22850
PT-02353,0,0,0,0,0,0,0,0,0,0,0,0,0,0,3410,0,7190,7500,4510,0,17280,0,0,55820,72500,0,15090,5380,3480,20740
PT-02354,52020,129770,188220,79690,116240,55820,32470,142010,228890,124630,225470,167310,98630,81080,426970,40470,77810,153840,110860,124190,107910,64310,97230,72380,92250,125470,576280,41140,22310,109380
PT-02355,0,0,0,0,0,0,0,0,0,0,0,0,0,0,0,0,0,0,0,0,0,0,0,0,0,12700,40800,40240,39320,96720
PT-02356,0,0,0,34440,141700,80000,174910,52210,39720,0,46380,104650,155040,82830,195510,80800,23300,201900,79300,172490,258150,72170,0,45400,53380,237980,487850,114520,176710,181350
PT-02357,0,3290,16240,44760,54450,3440,30130,7000,14110,0,0,30440,49940,2040,2460,1450,32950,44640,0,0,28940,11080,3160,4040,6390,3590,10180,1600,12650,0
PT-02358,0,14550,25380,0,0,27800,0,3920,0,9500,0,55300,26860,0,0,21000,0,57750,9700,20230,37650,88620,5480,79740,37680,45250,81350,18040,18240,9130
PT-02359,0,39000,0,45300,0,4060,0,10660,56610,9520,24940,42510,0,5830,0,0,2210,3050,9080,2790,2990,13340,2860,5700,0,5010,0,33410,3980,18240
PT-02360,88220,21410,140890,0,100480,33150,56800,10990,45610,0,29600,103320,88840,85340,109660,56660,45080,98430,0,42780,127480,36980,76380,167510,61830,136990,195780,11880,19440,143870
PT-02361,0,0,0,0,0,0,0,0,0,27560,0,40510,0,37670,0,16680,31020,37400,5200,64570,7460,17960,16230,80170,9840,10020,109630,107640,19140,32850
PT-02362,0,0,0,0,0,0,0,0,0,0,0,0,0,8890,0,0,7050,19160,0,24180,5940,0,0,67230,20520,38660,64460,33440,18060,50650
PT-02363,0,43150,30880,115160,16910,26450,7180,0,49810,17800,84110,147620,33950,129260,52900,131370,65040,58830,35760,23800,11030,21900,119220,142370,26960,81890,39480,56180,43790,88350
PT-02364,0,0,0,0,0,0,0,0,0,0,0,0,31540,0,0,0,0,12880,32420,19750,0,5260,52490,13380,2520,42730,3150,0,36230,61940
PT-02365,0,0,0,0,0,0,0,0,0,0,0,0,0,0,0,0,5910,0,1920,2150,52220,7820,11770,13000,2400,46290,29780,69920,0,4480
PT-02366,0,0,0,0,0,0,0,0,0,0,0,0,0,0,0,0,0,0,0,0,0,0,0,0,0,0,0,0,36840,0
PT-02367,0,0,74330,0,0,0,0,11100,0,11760,76820,9800,41490,0,50400,11200,51930,18480,20070,21150,62450,0,40760,41660,0,41550,123520,31500,19440,63590
PT-02368,86870,0,138760,290080,34650,205310,127690,37760,185010,189830,64620,297910,103980,79400,242490,337240,305520,322380,100040,249360,281590,0,236060,710560,127780,103350,708140,310420,310380,423940
PT-02369,0,0,0,0,0,0,0,0,0,0,0,0,0,0,0,233680,68000,0,84500,85780,0,406840,83840,363420,0,85800,111950,272810,460800,282740
PT-02370,445340,254430,470120,263130,503790,257380,247990,145000,410710,299080,218120,384330,128880,275070,578250,562160,291590,577910,429500,257790,451330,270900,244700,423240,396960,245710,854650,495500,470210,449890
PT-02371,69420,21010,141800,44450,10650,0,47640,22730,10110,19230,20350,14130,0,30410,7630,66370,5870,7370,25870,8750,75070,16320,0,110280,2620,0,0,0,0,26330
PT-02372,0,0,0,0,93240,0,0,77810,120230,363430,414500,193140,0,124950,272430,252240,473520,289050,0,127520,197140,456750,468630,524680,145970,85540,377330,282360,206990,262480
PT-02373,0,36160,0,20400,0,64330,53760,37640,46890,86540,93580,38790,94490,33600,172970,26670,122540,125840,72230,0,134200,94160,28050,50040,70520,119350,65860,101540,92160,34190
PT-02374,2780,5940,9190,29460,5830,39470,0,38410,6850,10970,31950,25000,4600,9120,13860,8360,0,11240,44000,2600,52510,8600,0,0,48790,51510,2160,10900,12060,27060
PT-02375,13560,14640,9050,0,20650,0,11740,23620,52660,40190,51210,6360,51140,12170,10770,7050,5080,58170,32690,57260,4010,12110,46950,11470,41520,7080,15480,58170,19150,32330
PT-02376,0,17380,89180,2510,11280,0,5830,7510,84680,33730,18040,10670,3560,17330,0,3800,12630,31960,0,9070,23890,0,4230,0,15400,9600,16750,0,4900,26790
PT-02377,22780,119770,6000,20490,12140,5960,0,0,12130,15910,9540,49170,17010,0,7970,29710,43250,33500,67000,8930,90730,0,62780,8680,0,15420,21060,24900,74140,13080
PT-02378,0,0,0,0,0,0,0,0,0,0,0,0,0,0,19600,67470,33540,85080,0,49900,47280,144800,117700,82500,114470,115360,89320,37900,120720,98940
PT-02379,8280,47230,56280,56140,8850,128100,6090,33800,19120,9450,14650,36880,8250,24610,5530,6840,16360,0,37950,16600,0,24170,0,17370,3570,12500,5460,17780,0,28310
PT-02380,138600,97370,143390,88600,118690,137180,64510,28260,72870,36050,95530,250600,122120,79070,119110,103690,62450,110700,45240,82800,104760,89370,164140,141380,150780,80960,133480,142580,118320,381500
PT-02381,28400,0,10280,98700,68240,0,17040,0,0,68200,12680,0,0,10100,0,0,40580,35410,15000,0,0,0,37740,42580,107780,69050,33600,61440,31990,82970
PT-02382,0,0,0,0,0,0,0,0,20960,0,35020,79510,0,0,96000,35290,25300,62820,43210,14020,122080,63270,90100,132460,0,41180,232740,0,97280,93060
PT-02383,40910,4890,43440,3660,0,0,3110,11620,0,2190,29770,118720,6180,9130,0,0,9250,29720,4450,7360,47670,103710,2400,0,0,1540,44500,0,18290,37520
PT-02384,299110,488520,540260,272690,264260,496600,407670,297390,522120,248110,551270,673780,288370,505190,513860,544150,442530,689530,249760,234900,536040,402940,392560,650700,683860,432150,690160,542410,417000,548440
PT-02385,511380,425510,505420,199910,426230,807560,477830,377270,650350,491270,570600,444020,511060,517160,542300,332670,450630,598130,345760,418380,662190,678780,451830,1047230,452690,493640,784280,615140,743870,1111260
PT-02386,0,9760,71760,28280,0,66280,75220,11770,19430,0,60380,41560,5400,0,50870,67850,41970,66730,0,37130,29300,70050,6900,0,0,4300,151150,77680,34610,35400
PT-02387,347330,282040,569140,377010,285810,615450,204140,162640,411660,498030,409400,484740,338660,349660,258770,310190,484880,476730,239950,340030,389920,314710,253370,418930,118970,76230,236520,81770,259960,165080
PT-02388,123830,274320,294780,279670,158610,432100,111440,241900,261630,214960,77200,382180,301010,359180,348580,270620,177100,398980,169190,231470,446170,228630,232730,273710,336180,295640,467180,208090,373620,620710
PT-02389,2380,0,9610,0,0,11680,28830,0,17930,0,0,12080,37950,21850,12520,7520,0,0,0,11360,10260,6630,0,38670,0,11410,5170,0,0,2230
PT-02390,0,0,0,0,0,0,0,0,0,0,0,0,0,0,0,0,0,0,0,0,0,0,0,0,0,0,0,0,92480,28240
PT-02391,0,0,0,0,0,0,0,0,0,0,0,0,0,0,0,0,0,0,0,0,0,14820,0,33040,0,10450,0,84810,29400,15620
PT-02392,21160,61080,44950,46280,36510,98360,65400,145460,59900,113650,106210,176200,106850,105480,156650,42140,126470,63900,64140,14420,129580,136140,165200,67960,80220,47020,91220,34210,125160,227430
PT-02393,30460,6230,14090,0,12010,8800,0,25790,23020,39490,34370,19010,2510,0,0,15050,0,29300,11550,19560,0,7020,22170,18490,0,9530,7630,8050,0,0
PT-02394,198880,204590,258120,292400,495510,495280,135320,109250,411930,468550,237620,406440,485270,248010,388810,219360,537590,459800,381370,199910,446940,367090,453280,634310,381290,396930,423860,350820,436480,625850
PT-02395,378120,99500,323030,209500,138230,68380,264480,96430,95410,112830,156800,148200,120470,138420,203720,89930,85480,154620,171310,97910,89370,103920,109060,161940,93900,32060,159580,56600,27350,153710
PT-02396,0,0,0,0,0,0,0,0,0,0,0,0,0,0,0,0,92410,100750,24580,10040,64720,14600,135640,75180,112620,68780,7290,55400,14130,145990
PT-02397,0,0,0,0,0,0,0,0,0,0,0,0,0,0,0,0,0,0,0,0,0,61620,41980,6640,29920,76020,7240,27090,8260,14660
PT-02398,9980,67380,39740,40850,44220,32070,15700,9210,3640,17440,91190,76530,34490,34830,48770,13460,58770,16860,16440,5100,25930,71100,7640,37540,17770,25210,47230,11810,39730,56060
PT-02399,17670,0,64720,0,7530,0,41930,4570,31610,2860,2860,0,12600,4640,41820,0,70480,77120,37370,0,23520,3730,14070,8010,0,17920,17740,2890,3320,42920
PT-02400,42840,0,0,93830,195010,155450,0,0,39650,73770,0,73400,281580,223670,185590,69730,24240,95550,217560,174900,167790,0,82900,105580,0,27710,187650,0,99310,169300
PT-02401,0,0,0,0,0,0,0,0,0,0,113640,177760,114270,55770,145620,122090,395170,277350,297490,284230,220890,463640,371890,514640,375230,155050,525430,318980,317760,863150
PT-02402,55570,17640,0,0,10080,21840,0,32000,52350,30580,14770,0,0,14280,18650,39110,35420,41310,9800,35820,66460,12510,35120,18330,100370,81070,63580,58520,35850,56740
PT-02403,17200,0,7850,14110,0,11300,18800,31990,11940,33260,24550,25980,5670,33540,4620,12070,1850,78750,0,53050,7230,9250,19120,37610,13500,29940,5390,8480,90450,4100
PT-02404,0,0,0,0,0,0,0,0,0,0,0,3600,0,27840,72670,3060,48360,2800,21430,7030,60350,6070,0,5200,18710,19640,21300,15970,28520,54150
PT-02405,0,0,0,0,39580,42000,0,0,77490,0,0,83370,0,17100,107130,46400,61900,0,0,0,23370,60430,0,13200,53120,0,16950,52950,29580,36600
PT-02406,8020,12990,7570,2660,41920,19890,96980,46200,34080,0,14520,19330,13820,9540,27310,9200,84160,98530,12270,17510,25100,9140,42180,53320,27130,82210,35320,17700,6800,4940
PT-02407,19560,4170,49140,45620,50120,77970,7730,3090,19160,10890,11680,30700,33740,53180,44580,8930,9970,2870,8590,13460,67570,29420,0,56820,17500,34280,12600,9400,46120,14000
PT-02408,42200,0,47550,38280,79840,9400,26280,105160,122610,34000,40920,71090,13310,71410,34930,81150,61650,49610,54790,15280,23780,33640,46300,25740,60140,124740,30470,76230,83840,189570
PT-02409,172150,152890,222910,179390,218620,184010,124170,180850,230730,278010,171230,292950,222950,327010,327770,353630,78210,163930,141980,152330,342510,186810,424780,257540,302600,319980,631510,171120,221650,526580
PT-02410,72420,69040,262630,48530,10020,100590,82000,11130,250390,24610,90960,186250,54730,58980,80160,82030,13350,88030,38090,45060,79530,118750,168280,178340,99250,82440,111720,6360,119790,122140
PT-02411,0,0,0,0,0,0,0,0,0,0,0,0,0,0,0,0,0,0,0,0,0,0,0,0,0,0,0,0,0,53580
PT-02412,0,0,26180,9800,0,0,49130,10730,2850,4800,3650,0,4000,0,54330,37160,0,0,19780,0,24110,26270,3380,3500,2380,16920,50240,18540,24080,3330
PT-02413,0,0,0,0,0,0,0,0,0,0,0,0,0,0,0,0,0,0,0,0,101610,0,59230,48450,45010,35850,205190,77130,106390,94830
PT-02414,83600,138900,444370,335450,279610,243950,55120,212400,439670,310690,374990,129520,315450,499020,454960,378780,303690,274080,123550,192360,458040,262100,233360,629460,636720,251100,702030,405580,677210,365780
PT-02415,0,0,0,0,0,0,0,0,0,0,0,0,0,0,0,0,0,0,0,0,0,0,0,0,0,0,0,42970,16470,69950
PT-02416,48080,24610,155060,51570,40430,60490,53430,97440,127360,71950,82230,163760,175020,52390,144190,165300,33960,118500,43240,0,38470,143600,30160,129900,183460,175350,627830,92940,26310,132700
PT-02417,0,26540,54810,0,0,0,38350,41830,8560,0,58920,68520,17220,0,0,0,80640,16250,0,0,0,0,0,0,0,0,0,0,0,6320
PT-02418,18230,16690,0,5860,14830,11230,0,15560,15180,13720,0,39660,9640,12790,63610,12060,57090,11820,5530,29090,6160,31280,58370,37900,31680,51220,91600,42550,21320,33220
PT-02419,0,0,0,0,26420,21460,20760,0,12910,0,12850,8480,0,37320,11380,0,2760,19820,0,2650,4640,18920,6140,4320,14540,0,4000,0,37740,7320
PT-02420,4120,16860,12350,108070,0,39840,7960,22640,0,16200,33810,35980,31360,13900,8040,56350,6600,57700,66890,5000,28400,44350,65420,17050,47680,10430,61800,95680,9710,49520
PT-02421,19760,18720,71510,113510,50180,34170,36400,178770,97390,57880,37320,57390,30050,56070,96300,125720,0,52720,49580,72190,157440,0,26100,107540,0,141170,27100,24060,65970,91180
PT-02422,26880,0,5480,0,6990,15860,13400,7500,7250,18080,22880,9410,0,0,24030,3750,6700,10060,4700,6680,5900,0,7240,14310,7660,10960,23480,13890,23560,0
PT-02423,70040,87820,138080,52210,103970,69370,153750,18470,126310,52800,86940,70340,79400,30340,59650,43420,23840,52260,31720,31910,34780,0,29060,29280,73140,6450,27140,89500,20200,25550
PT-02424,0,47420,22360,40010,31340,12840,0,13170,33000,7460,13260,0,11830,21390,80170,25880,13560,45010,17700,15160,6520,12750,54630,11140,15570,0,64980,8310,37340,13710
PT-02425,10250,0,24800,40980,16340,3430,0,0,10950,9270,0,56740,35900,55190,18070,3520,26760,6770,0,0,32160,27150,0,16220,17290,0,7980,5520,44800,53990
PT-02426,21190,0,0,2120,50960,42530,30300,30150,78610,0,0,32140,0,40430,0,4760,68730,26290,83730,74000,9320,61610,0,36670,30970,33710,61030,27470,12450,44460
PT-02427,57880,121230,347810,4920,0,17750,0,58210,53260,41590,74450,14060,77750,24650,165850,17230,13740,129090,16030,70880,93610,104540,39710,112870,59500,118730,419150,16900,5280,54470
PT-02428,82050,99960,154620,0,101990,94950,16820,73840,145260,151780,55380,293360,54660,32680,138160,42360,68740,250020,75700,73030,58130,90130,129410,188110,31660,79350,31400,63940,113530,122270
PT-02429,29780,0,0,49020,80710,93450,19940,173920,64960,97060,22740,97200,56570,129210,64280,127390,132340,112580,0,0,130040,84790,109280,132800,90960,73960,130840,82850,29320,66560
PT-02430,0,0,0,0,0,0,0,0,21400,32200,0,0,0,0,14400,0,24390,49470,15960,119390,0,10280,54320,17120,25090,37090,59650,9180,57240,19100
PT-02431,0,0,0,0,0,0,0,0,0,0,0,45440,0,2910,0,46430,66480,9520,58280,0,32010,8070,12890,95230,19150,6920,29440,22990,130400,0
PT-02432,0,81600,0,41500,0,45600,23880,28860,54180,45600,48610,66360,41440,41720,20400,0,222490,38190,77010,71250,52450,0,97610,121850,0,58480,167450,63940,64070,109670
PT-02433,0,0,0,0,0,0,0,0,0,0,11990,0,0,0,66030,0,18600,0,0,38180,30030,62500,24530,23300,0,22800,57690,0,27600,0
PT-02434,14730,45540,24940,3210,10250,1990,16460,7710,73610,4170,17900,0,22600,12360,10940,3720,25000,0,0,0,10390,23490,0,2560,47210,7080,29780,0,8510,8280
PT-02435,0,148530,59780,238400,64800,339890,152930,20790,0,0,420990,178330,315470,367780,370100,205160,32480,117180,0,0,111930,0,85650,101700,0,166620,361400,64560,119870,312280
PT-02436,0,0,0,0,0,0,25460,7480,2440,5500,0,8000,0,32470,80160,5640,0,67550,20180,43860,7070,9480,6900,48950,29350,45510,27070,0,36290,48640
PT-02437,89730,25920,0,47820,72060,103030,0,11460,27700,136340,156580,194960,68370,58880,62970,182910,66970,111260,0,0,219720,92760,83050,15120,38710,137590,215290,109170,252090,151320
PT-02438,0,0,0,0,0,0,0,0,0,0,0,0,0,0,0,0,0,0,0,0,0,0,0,15620,64100,0,71880,0,0,254400
PT-02439,4010,3630,48720,24520,10930,0,10640,31790,66370,30750,28100,112460,0,19500,82820,20430,26300,0,11630,21730,84520,21340,11550,68310,0,16790,30860,10100,9700,17070
PT-02440,25410,0,113680,40630,94490,22010,134420,24920,83690,112590,98930,61480,89140,71940,74530,79910,35730,33640,119470,37780,80970,84870,40420,65830,96520,66230,171950,37250,83990,77330
PT-02441,0,0,0,0,0,0,0,0,0,0,0,0,0,0,0,0,0,0,0,0,0,0,0,0,0,0,0,9010,70940,10370
PT-02442,0,0,0,20860,27690,48000,0,0,86630,50630,22290,67000,0,68400,88670,108480,70840,0,39600,0,47060,28890,223200,136760,0,110990,41490,37590,58210,84240
PT-02443,51290,41280,119010,32000,12520,25800,75900,50060,76750,8100,35560,48550,39910,58570,319060,26080,12940,30010,37880,37030,37140,23990,55690,89420,13500,8670,85900,19150,29650,32920
PT-02444,12260,39420,48500,0,17000,62440,13000,52320,28170,22850,20990,19490,2140,55050,23660,55280,7890,51620,34890,16010,0,13060,22100,54960,24100,32550,38930,23850,0,38060
PT-02445,0,0,0,0,0,0,0,10240,33960,13200,55280,12240,0,0,10800,0,13920,0,5760,0,11580,33760,17040,0,0,0,24580,9640,0,22610
PT-02446,282170,254120,288340,187210,297670,601460,215860,190120,461730,260000,588650,359780,295980,145910,417330,932950,725190,739670,243180,524430,668250,485920,1276360,1468180,710120,784430,1395530,815490,1017200,1573530
PT-02447,413970,492740,879590,550240,592120,747530,383060,510310,817990,462310,280110,903230,590240,477690,923420,580830,579940,549660,677300,285470,986030,518070,633170,1001590,613760,650420,1265620,371040,515420,713830
PT-02448,145140,50530,49630,34740,28220,53240,55770,40400,72740,54560,65360,124290,7700,165200,121070,56450,37660,152580,42920,75400,112770,31940,112880,76220,44710,55830,150480,91650,104120,166300
PT-02449,0,0,0,0,0,0,0,0,0,0,0,0,0,0,0,0,0,0,0,0,0,0,0,8770,5950,0,0,24180,0,65050
PT-02450,28160,206820,149820,217550,162880,137710,224970,48900,150000,293950,132470,140560,188620,109210,219970,511970,77400,293700,312800,356740,401880,412790,227700,337370,88890,318220,251190,181430,99610,368550
PT-02451,0,0,0,0,0,0,0,0,0,0,0,0,0,0,0,0,0,0,0,0,0,0,114200,98170,199430,160450,341290,34520,164980,125760
PT-02452,24660,170110,326970,41070,84360,360700,107620,302950,390060,283380,322350,187830,255250,250630,559490,231820,317800,481030,115070,157480,407710,595760,294470,559450,611610,354300,231460,422820,348580,761860
PT-02453,47900,0,48940,0,0,0,0,0,56260,23720,60080,40400,32010,0,10680,30260,31730,0,0,28860,117130,0,21640,52710,20940,11610,18810,62760,76110,82720
PT-02454,0,0,0,0,0,0,0,0,0,0,0,8470,0,0,0,59530,7000,6590,9960,22750,65550,31310,68510,19310,64350,16300,9850,0,61990,43630
PT-02455,119020,0,76980,87270,0,181120,22750,120210,296320,99650,31150,112400,10830,145490,128380,70940,142230,116860,116870,0,74830,134220,28060,56340,23600,113240,59870,60120,56800,64270
PT-02456,0,0,0,0,0,0,0,0,0,0,0,13320,0,0,51660,0,33900,40740,123660,57530,53170,25620,0,18720,47850,193640,60090,20880,64850,75850
PT-02457,0,257250,354130,415160,312220,221490,99840,202190,159100,222260,107760,127000,122480,235980,451980,231260,326250,555840,0,555160,568060,280620,189760,127670,314370,459450,621380,578760,569130,799770
PT-02458,28920,77080,103250,113480,14720,110890,49080,32150,36540,104920,134320,135370,73220,29340,136820,75910,63820,102930,29730,82490,48090,77110,215720,159950,78780,53560,253890,128030,92190,186270
PT-02459,0,0,4480,10980,2060,11500,0,4720,0,23180,0,3030,0,0,0,9820,39130,2380,0,0,27090,21060,29620,4900,0,16050,14560,30140,5890,0
PT-02460,0,0,0,0,0,0,0,0,0,0,0,0,0,0,0,0,12980,91680,0,0,29300,10900,0,15700,0,14630,10140,6960,44100,33830
PT-02461,0,0,0,0,0,0,0,0,0,0,0,0,0,0,41580,2640,22680,3720,0,0,8250,72120,2690,66050,72430,34150,39040,61200,31060,6000
PT-02462,0,0,0,0,0,0,0,0,0,0,0,0,0,0,0,0,0,0,0,0,0,0,0,17220,0,0,52560,42640,0,67020
PT-02463,9080,0,0,6480,0,66240,0,0,57340,0,76480,2490,35010,3840,5830,0,0,86900,0,23170,11720,2440,54750,49050,0,0,62720,0,17470,0
PT-02464,0,0,0,0,0,0,0,0,0,0,119430,52450,0,64650,514140,301980,432380,221960,270690,353300,225940,0,179700,316460,428570,277650,650080,509500,652070,392900
PT-02465,0,43150,6320,0,0,13170,0,0,11510,0,5390,10140,0,15770,0,13100,8260,0,7810,3600,7570,0,0,15410,0,9510,0,0,36160,19430
PT-02466,58150,0,0,9120,20620,157690,57050,66700,22290,43060,23280,31980,0,17110,99080,3490,2350,83510,0,138960,104950,0,40130,133650,18120,19830,81410,33240,16440,65890
PT-02467,71860,108100,41280,44420,18320,15580,0,0,71200,25650,64150,35070,61510,32950,34130,26300,17490,54210,25680,0,83800,115880,54010,30540,19590,33660,38130,80570,50390,23890
PT-02468,9240,59270,13900,9450,36540,11240,19130,38300,4530,0,12660,41270,0,35060,66480,0,0,108750,25850,35060,13280,22700,34710,24250,24300,25330,54300,30250,63160,80110
PT-02469,0,0,0,0,0,0,0,0,0,0,0,0,0,0,0,0,0,0,0,0,0,0,0,0,0,0,40110,13960,9750,36940
PT-02470,24790,13980,35200,10680,12760,66560,56600,33400,70430,84050,91090,107690,55720,2550,89570,42680,100750,220320,157130,19520,62770,19360,8060,12310,62430,57320,18670,16780,17120,12160
PT-02471,62410,33250,0,12060,57810,0,42680,3840,17200,32450,67060,5560,25160,28220,3100,6480,0,2210,3440,51960,49240,71860,90390,4260,5850,17900,18440,20250,11450,29020
PT-02472,0,0,0,0,60160,28760,0,0,6840,58740,8960,12550,0,0,48270,71130,33290,28400,32090,15420,6340,5220,42950,18290,84090,47460,64780,30920,32920,52900
PT-02473,80900,169240,147760,132120,162890,258630,101320,27330,54510,42140,107050,129300,120830,0,82190,74130,181240,171870,107630,24700,146860,165930,296350,85850,122100,53740,65710,88200,91900,151800
PT-02474,9410,25540,63910,25930,39240,35410,54490,89000,46370,97420,20630,7140,8680,20060,39770,28950,56830,43850,54430,17910,36700,53120,52460,18840,59600,38410,67920,35300,31770,72750
PT-02475,36470,27330,21420,0,69160,7120,44740,141860,26980,0,12100,17120,14460,13260,58310,16560,85160,5600,27650,47560,15340,41070,7500,98900,16180,41740,47600,23110,48620,15240
PT-02476,0,0,0,0,0,0,0,0,0,0,0,0,0,0,0,0,0,0,0,0,0,0,0,0,0,0,0,5840,28230,52360
PT-02477,9800,51810,56880,48430,173720,37990,113990,52860,73500,135380,20870,59410,27650,104440,78290,14190,113870,152000,38740,10100,42910,13000,105080,119720,110470,92680,111770,75180,19090,58600
PT-02478,0,0,0,0,0,0,0,0,0,0,0,0,0,0,0,0,10560,45030,15460,16100,79520,19170,16940,56320,75270,56750,106590,27400,22480,72120
PT-02479,45410,58530,50750,104160,146510,153540,105230,10960,11630,28180,100230,159640,15040,0,57550,86830,11220,154480,22210,29730,127340,14680,141450,88490,45960,44500,88290,43030,37620,82700
PT-02480,0,10280,15000,0,68410,67020,68340,0,20800,0,27480,117890,0,66120,45920,0,48400,78210,132050,0,42380,28230,106290,47160,0,85510,87140,35800,80260,69350
PT-02481,0,0,0,0,0,0,0,0,0,0,0,0,0,0,0,0,0,0,0,0,0,0,0,0,53300,57880,106610,85700,294370,147080
PT-02482,115090,144000,73850,59880,162760,0,87580,28800,160770,0,277170,131210,34000,76700,169910,97640,68700,94760,73320,0,97750,147200,153020,444470,333460,290740,223780,165260,205130,231240
PT-02483,6800,7610,0,2480,12020,7470,0,0,2710,0,4440,0,33610,17750,0,0,2630,3050,6690,9240,11580,0,5420,0,20910,3480,0,6540,33920,11810
PT-02484,0,0,0,0,0,0,0,0,0,0,46440,35800,0,0,0,26250,145760,21000,0,80070,157550,94270,133260,95750,118770,95810,156930,0,45720,209540
PT-02485,84880,16930,23760,35190,0,0,26870,45980,3080,34290,51390,67530,0,0,106280,9050,20640,29020,13500,53910,37380,48650,49050,46770,0,46640,101690,25620,5000,32950
PT-02486,72220,30830,92940,21910,13800,78270,129100,29180,96620,55520,163130,116850,67050,55090,84540,70910,135900,189230,103790,59310,62060,50300,122140,134630,109690,251170,176810,150340,168780,113730
PT-02487,455500,638010,489400,86020,768750,397500,735020,262400,1079420,548470,725940,1248780,490640,533250,1318760,921600,567820,1040010,53220,311490,614350,275020,57240,299760,132120,268440,681920,293330,87280,306120
PT-02488,21760,31910,90810,27350,76250,60680,27820,0,39940,14220,0,30260,55780,68320,29200,121400,29700,129350,138090,13000,122620,94570,98460,20440,59790,55440,36450,87090,27720,65340
PT-02489,9660,39980,50690,13800,110460,45810,88420,21060,14720,59700,78810,95950,48670,12750,49660,22240,92900,126100,37770,56240,108080,67300,117830,151960,47100,82040,38050,34700,137950,91940
PT-02490,0,105130,27850,13760,24270,10180,65060,16240,33800,17040,0,43420,3400,16620,20360,11990,4060,27310,28080,65060,8130,18910,25390,145270,43130,40300,43110,20120,20660,13300
PT-02491,35880,88660,17220,7750,122150,130000,27070,0,97910,98320,128930,13130,53230,2000,31190,0,52020,93530,48800,35870,47180,28190,56110,15500,0,0,36330,3660,0,50920
PT-02492,0,6050,40540,0,0,0,0,0,15860,23520,23610,38910,18680,47990,16320,25070,0,15300,2970,0,0,21020,0,11480,26890,25800,21070,6480,10960,6170
PT-02493,94320,29440,111800,32920,235490,17680,89710,41360,0,111640,164820,59940,110140,50750,247730,65780,47460,255770,99850,102630,364040,167330,179150,166190,106680,368330,202800,396820,393850,289520
PT-02494,0,18400,84220,22990,6200,53430,8950,20740,67030,6690,37940,49320,86430,15650,79960,14090,69530,19700,62530,76310,8970,71980,69180,35130,91540,66630,41790,41150,87540,130670
PT-02495,28330,30930,57790,0,13440,83650,6850,58370,113810,6590,57750,21310,30730,89650,29500,30650,20490,40460,100650,20150,10350,34410,80420,172820,134820,42600,57770,8410,41470,97560
PT-02496,144050,20100,300230,138690,177340,495250,119940,96560,164220,149860,160190,444820,155970,201380,153260,76070,188380,474200,177490,129270,312030,254380,307650,322380,317960,279410,195750,271090,135850,312430
PT-02497,174380,128400,235730,173240,96550,117320,75990,40680,147030,99070,168650,183530,12060,10640,93280,130340,89110,256410,129000,96840,270790,129160,92180,179710,95770,257290,219170,25560,194630,216410
PT-02498,102280,131270,40770,76930,55510,160700,83710,0,76140,151370,129060,152850,33890,153390,90520,83230,90070,84260,85710,77040,104130,213030,72360,70570,125230,45590,170450,107160,32900,99120
PT-02499,34620,108100,22650,92190,17600,32500,72770,24980,32480,24000,87010,11320,64480,75580,141480,28010,74840,46460,30700,110760,55990,38060,0,54170,20090,39520,51000,137830,19770,68010
PT-02500,78750,71100,54800,157900,299380,134060,0,159470,122740,112180,108500,199360,0,357530,347170,128090,323090,203940,181630,156370,80300,219240,164950,431620,199080,312250,332690,193260,404830,327360
PT-02501,181230,167550,341960,153650,146330,264130,195790,155120,276570,228820,217820,238560,231800,278940,385880,197100,259520,244440,257820,248300,326880,145240,370850,417800,164200,130570,530850,233020,324800,273090
PT-02502,0,0,0,0,44190,8360,0,0,33100,11440,0,7920,0,9260,4720,0,0,48160,4290,11500,10120,0,0,5860,35020,19230,27120,47540,31460,12390
PT-02503,0,0,36530,0,0,7500,20400,33630,43550,75040,18690,151280,10590,9320,104360,0,51720,70330,44680,0,92710,28500,5160,36020,7720,14200,17420,43100,6120,13580
PT-02504,49200,100480,92440,214910,44200,0,18720,108330,77690,86020,194130,92910,55830,12440,70470,35920,22490,142520,78140,33180,56230,29240,64690,145170,52070,31000,93750,52330,50990,85980
PT-02505,956380,421470,548610,572770,365020,238050,497310,504320,256720,144000,321150,1269240,373300,718350,565070,0,773850,1117520,413020,940020,1087950,230930,334000,990440,96720,701820,776640,642820,567080,605250
PT-02506,48230,0,5200,32980,6800,7570,0,6080,29600,0,8700,4710,20880,16460,36090,26020,14820,36250,0,0,35840,25340,11590,57620,0,2530,0,53820,0,17070
PT-02507,0,0,0,29580,0,0,0,0,0,0,20020,0,0,0,0,0,55710,5460,8720,0,36100,0,0,3040,0,2460,37580,2630,0,0
PT-02508,0,6840,66210,12700,51580,54540,50890,35720,5320,127830,7740,48320,0,64860,57760,17540,108060,3790,14230,82870,42300,11470,49650,53400,13950,69820,167910,59180,55040,14580
PT-02509,34860,14790,74400,8190,17770,0,12810,16030,15460,29210,39760,28140,32460,27580,27580,18070,35030,23280,5960,23540,37190,0,20470,70140,12990,44840,40530,9670,12170,56310
PT-02510,2800,0,53470,0,52760,2120,0,31980,13950,0,5820,17100,27400,11790,24600,98550,0,5850,8440,31870,17780,10410,56860,26130,23880,109470,0,8070,8170,25920
PT-02511,0,0,0,0,0,0,0,0,0,0,0,0,0,28250,21640,26230,67080,47470,161580,110510,35530,176110,85120,78050,126170,160240,42340,59650,53240,14620
PT-02512,31960,7860,12450,0,3180,4540,0,0,96180,0,30990,37760,2420,8350,0,5610,0,16970,2700,15690,21130,8200,0,40740,50460,19820,58480,9230,3820,37740
PT-02513,0,22640,57220,37750,13150,9590,18340,0,0,68230,5420,11860,3970,0,11240,0,10030,0,13890,45440,11810,0,4920,14090,16860,24340,0,28040,35270,35570
PT-02514,109440,55150,123160,174960,150320,129780,138640,226960,151570,236100,113120,434630,162150,290860,540820,126560,105280,316420,305430,0,350210,318160,251440,713040,217140,431490,435900,201880,76190,493420
PT-02515,0,0,0,0,0,0,0,0,0,0,0,0,0,0,0,0,0,0,0,0,0,0,0,0,0,5280,13660,0,4210,27530
PT-02516,212460,380270,709370,778620,1317520,953140,754210,827120,1279400,1124830,1210240,1235660,496820,1605820,1591910,1367430,1196620,1952020,1531380,1009240,1945320,1694850,2189580,2359910,2139480,1741360,3115070,1002310,2136340,2971590
PT-02517,57730,0,72170,71210,45280,82550,56670,61240,155690,24070,15450,77860,39910,70430,250720,110550,136660,51860,90470,91780,143870,0,7500,184450,84700,43280,131970,60040,71220,105890
PT-02518,50760,17790,79200,78380,33740,150020,106650,8950,103690,35980,64420,20460,53630,68650,109020,40540,62180,89040,40950,10230,81140,116050,22910,25730,12420,44090,71310,9920,0,67410
PT-02519,0,0,0,0,0,0,0,0,0,0,0,0,0,0,0,0,0,0,58920,0,225530,91240,252580,284190,140250,281770,414540,229160,402690,395610
PT-02520,33510,20310,10770,0,14310,24290,0,4920,61230,0,28790,38950,0,3680,0,13400,59250,46270,28670,28560,13680,0,7890,23840,0,0,0,0,84320,0
PT-02521,0,0,104320,65690,56670,18760,57180,0,14300,14160,73540,19360,26320,117520,75850,29610,0,63680,24540,94540,59440,39910,11040,19760,48580,155670,46750,104720,70080,69910
PT-02522,58500,21570,85560,41880,12660,55490,170700,10800,49250,35400,130840,86620,79080,108300,35270,45630,28700,117550,76190,38660,35690,48650,86420,135020,53660,9190,80800,31600,44190,89870
PT-02523,65030,35240,32790,36530,40860,32740,5970,0,38570,22070,25690,54680,9420,36410,102410,3580,30230,15170,38030,0,221080,54450,23600,73000,5580,162170,126840,59100,12270,40740
PT-02524,74920,68810,68510,41590,103600,169860,0,25200,140320,79610,15120,75930,127380,68800,143580,154680,144870,212050,95850,97830,169530,68070,93730,260200,84950,109240,291490,180910,72350,218040
PT-02525,19770,40970,0,14670,49520,51780,83500,41450,17390,14350,57910,11910,20560,71090,57210,0,52420,36360,59080,38570,2260,55300,22180,18790,42640,12440,14570,41020,2200,78330
PT-02526,0,0,0,0,0,0,0,0,0,0,0,0,0,7590,2500,34040,0,6960,41050,0,19590,2520,4170,30960,64880,10370,6790,26400,13010,4850
PT-02527,26960,40180,43230,0,11650,44030,8220,12650,48390,19260,45760,64520,9070,6620,12090,57140,77940,5040,18570,80490,29860,2920,43560,55170,60410,57050,70260,8720,13560,21730
PT-02528,0,0,0,0,0,21400,0,18630,8450,2080,0,135210,13700,53310,83030,35670,60210,55010,41990,0,20130,14050,39350,10780,15630,11390,12090,73780,30520,71710
PT-02529,0,2610,11000,21640,0,6910,0,0,38970,0,0,3120,14700,0,19890,20970,0,23140,52810,2700,5650,16520,29070,21520,60080,0,0,10980,13470,22990
PT-02530,74030,241240,99680,124860,239170,245220,84520,0,105920,77850,107380,136660,142760,76320,448210,413240,533110,187920,59160,178360,108690,37440,157420,153460,88110,0,307220,109520,277240,571410
PT-02531,120830,102280,191310,55540,183380,111170,173750,77330,41360,127950,119950,209980,52640,31350,59000,59430,125870,25820,18480,50410,37190,20340,64380,27540,34050,0,70360,0,0,0
PT-02532,0,0,0,0,0,0,0,0,0,0,0,0,0,0,0,4130,9520,5180,0,13890,44320,8600,0,18210,39160,23210,11240,16310,0,57560
PT-02533,0,0,0,0,0,0,0,0,0,0,0,0,49790,29240,84590,33000,60990,146510,17670,91390,71990,56210,98000,143480,92350,147810,99340,10850,15660,85610
PT-02534,106360,167860,210220,146390,243940,178460,75350,137410,136340,55570,79800,320980,145200,129700,216490,118980,136600,221680,156240,56190,90940,141130,154300,127140,217550,124990,131540,42390,209680,193220
PT-02535,18600,7560,12160,0,20150,34400,0,49090,88890,29970,98790,87970,30670,61930,84730,101970,3680,48000,60180,38750,114090,19390,100410,0,6510,38440,0,0,2840,75900
PT-02536,78680,312900,374570,427520,214700,127260,0,87060,512460,312570,365670,654060,456520,263290,558380,160470,137440,537990,266980,181100,486780,526730,391770,418440,302630,332290,479370,397670,452310,657860
PT-02537,0,0,0,0,0,0,0,0,0,0,0,0,0,60620,26800,0,0,0,0,0,50280,113800,34800,22680,111660,0,0,0,80280,90590
PT-02538,0,0,0,0,29970,0,0,39500,75780,0,67320,137880,67450,43380,77540,37920,27140,24870,55560,80630,67160,75970,30990,69860,61480,57420,81790,67700,65180,0
PT-02539,49510,372380,251910,233290,75590,276640,122850,307910,317800,268820,131840,197680,157580,302650,383110,117690,297990,175650,313290,197840,308430,284880,235820,220630,280740,138700,353970,283680,176730,351300
PT-02540,26460,13460,18520,0,14450,41350,38200,0,6560,17410,26300,24590,50640,5900,21650,4040,21690,26860,11320,22440,14410,24300,10760,18460,12180,15130,36870,3930,7480,34540
PT-02541,0,0,71250,16200,0,23030,40500,0,91850,0,62440,76370,0,79550,33300,0,11640,55920,37490,42620,77260,0,50150,143430,0,38600,66330,56220,88900,0
PT-02542,152630,80210,12960,82460,31060,136710,40810,0,291470,116990,62700,60960,127480,60750,38320,219390,74170,127740,30380,44220,45780,59960,160380,106250,68420,154780,13090,74760,47320,194620
PT-02543,7920,15220,3410,47440,90840,23180,0,23750,0,24580,11690,72610,71830,18830,7160,11690,7580,0,9960,22380,3010,7260,10400,17780,4120,4870,68150,22870,15790,48070
PT-02544,316030,105190,221010,60150,271030,161800,168130,180200,282830,232790,285880,166740,111870,141510,230040,188780,270060,363360,87840,157520,331980,328470,301670,363570,126190,69560,435100,231740,31240,562190
PT-02545,6840,0,0,53210,37560,3800,5200,19810,17430,52260,0,85460,5400,13790,30550,3880,15020,14720,6330,7700,7880,0,0,4920,49250,4110,2340,0,0,0
PT-02546,203560,71960,307160,384850,245850,160820,133190,48750,188950,135110,119280,380110,0,339020,105090,247430,200650,481090,509820,238330,165330,152000,85290,185770,161970,243980,389460,441430,375300,431000
PT-02547,96270,3700,15110,33140,75640,11800,45360,39610,94900,6870,49860,66250,80150,2800,88820,2850,39250,11000,118500,0,50640,28290,0,43250,54230,0,11490,46430,103880,17360
PT-02548,0,0,0,26940,10250,0,22920,5340,0,30060,0,9710,93010,0,73960,20720,37670,6510,31820,0,23270,17230,0,25970,3220,10230,16470,0,0,7260
PT-02549,0,3910,40940,8270,3900,0,4480,13560,24500,5080,4380,30740,0,9810,20130,10410,0,49280,6300,11080,43650,0,0,41240,4060,12010,20180,0,8500,3330
PT-02550,0,0,0,0,0,0,0,0,0,0,0,0,0,0,0,0,0,0,0,0,0,0,0,44570,0,30700,40320,85130,62800,25470
PT-02551,0,5100,4450,18850,4300,3450,28660,8270,32430,24280,13520,10990,3720,2760,87810,4350,7710,33400,0,0,6170,40990,0,6820,17290,37110,38230,6650,0,7640
PT-02552,0,0,0,0,0,0,0,0,0,0,0,0,0,0,10500,24290,83930,77870,39940,83210,115100,130850,83870,127200,312140,104710,122420,68670,71030,70170
PT-02553,247860,601930,869220,312270,321590,760720,522050,477140,480560,265860,440080,543830,440010,363970,655600,307150,732550,487380,416470,275190,350850,399280,188010,396910,156860,183830,436940,127910,183610,323130
PT-02554,0,0,0,0,0,0,0,0,0,0,0,0,0,0,0,0,0,0,0,0,0,0,0,0,0,13150,0,64400,37160,31980
PT-02555,0,0,0,0,0,0,0,0,0,0,0,0,0,0,0,0,0,0,0,0,0,35750,0,8710,2580,62210,42000,44130,13220,0
PT-02556,0,0,0,0,0,0,0,0,0,0,0,0,0,0,0,0,0,0,0,0,0,34200,29080,0,0,0,40230,0,23060,0
PT-02557,451500,623610,1018990,410700,317760,988200,477370,361550,705900,458850,509070,956000,447220,595180,821640,864380,736460,864910,688280,501360,809090,632700,782050,713160,507230,371460,919600,452840,759540,777590
PT-02558,47410,0,13770,110990,57220,43790,109310,57340,80010,80780,70880,133960,20230,65610,149740,28680,22850,171210,162270,36370,116190,99910,104630,102540,62890,51350,174430,145010,0,57530
PT-02559,30080,19920,0,0,7620,18890,13310,0,27850,15670,0,47610,43250,67190,8800,4580,12540,2740,6000,0,16030,11190,15670,2300,3150,42940,21670,2990,12870,5580
PT-02560,106950,134760,204720,137290,98340,114130,112610,154190,234270,66730,179720,135720,70410,127970,293630,98770,53000,85740,119970,52270,187500,192010,224070,171290,111570,127030,336630,129840,106770,232080
PT-02561,73320,25650,72480,16730,0,0,46800,146400,43800,0,52220,72020,0,0,68550,0,0,166360,45810,0,118870,37720,24560,233970,36600,133440,298310,22200,80910,187290
PT-02562,4350,12840,6420,0,0,34380,2070,10130,25320,9130,6300,45980,42760,5000,0,0,4590,8270,17640,2310,44290,4200,19520,3480,17570,12820,11630,0,15360,14980
PT-02563,0,0,0,0,0,0,0,0,0,3890,0,7610,0,0,3140,0,11590,24870,3740,47770,0,0,0,52340,31950,2630,66980,18640,0,55470
PT-02564,8300,0,0,15890,0,12860,0,0,0,0,11940,39060,0,0,16980,71700,0,0,0,0,0,22410,0,0,17100,0,36150,13240,0,0
PT-02565,39270,46760,81450,43510,28280,24370,9640,41530,49870,52460,11800,22840,9570,0,78230,26460,46280,14650,67790,39730,24320,102350,69990,28890,10660,92860,42620,28940,60580,48740
PT-02566,192140,367440,372540,289760,424430,256500,144360,315030,489910,305910,217910,370230,253120,193360,692140,309500,354380,394830,341180,205520,564730,331210,282920,252380,485890,100890,388280,301670,457570,681340
PT-02567,101150,515360,552830,273760,748080,241140,100400,228600,269330,165800,495400,958890,295060,315060,960590,589050,649940,942420,286730,808030,603910,628710,292670,1010800,324810,399770,763300,653110,554310,1226410
PT-02568,0,100920,89930,0,6440,7280,41720,55610,76770,33640,33570,11600,7380,13690,27110,11040,76780,251970,0,27950,7420,26760,17630,10430,4140,39500,59620,0,10780,94160
PT-02569,0,0,0,0,0,0,0,0,130860,0,0,64060,0,47620,78940,39810,247480,55780,104560,329780,59650,38640,52600,252010,247110,103530,266070,368630,197270,449930
PT-02570,35870,52380,97250,0,12000,49870,57460,0,98260,25130,63770,68350,68040,135560,22270,33010,52580,38360,73920,28180,86890,53700,99800,156800,17180,70790,58760,27460,30370,119480
PT-02571,348350,554530,497460,332490,440700,361430,561740,283000,748810,457220,475420,686260,379700,365670,687480,460920,369990,569900,460610,264450,547460,629910,540160,673440,271310,243230,715990,424900,376860,732350
PT-02572,2080,0,8000,2520,0,31930,0,0,20630,11440,11540,8000,33100,17830,32270,0,10180,8640,38290,3330,3540,6690,13940,2150,3920,10560,17890,16470,30840,0
PT-02573,6460,11610,90680,12540,30330,48110,44770,16700,38520,0,17860,37270,85710,20290,151530,11550,4620,44990,91640,0,37960,58590,39330,62540,0,19990,85310,36840,0,34080
PT-02574,0,0,0,0,0,0,0,0,0,0,59070,22240,14220,0,29000,60360,0,71790,75550,52350,0,93200,48080,12480,18450,23080,9420,45230,52020,38070
PT-02575,0,0,0,0,0,0,0,22340,0,13800,0,17480,21540,0,19800,16040,30380,18440,30240,16100,38070,0,88390,45170,0,95010,36990,17360,72820,57600
PT-02576,0,0,0,0,0,0,0,99070,0,26510,0,10490,13620,88820,52960,58220,5970,67410,71940,8060,53330,10500,92580,171000,85230,68250,105270,49970,9500,33850
PT-02577,0,0,0,0,0,0,0,0,0,0,0,0,0,0,0,0,0,0,0,0,0,0,47150,0,0,0,11470,1600,0,22910
PT-02578,0,0,0,0,0,0,275400,152640,85800,237780,74000,698340,190900,660610,410450,646540,524740,1252340,1170040,484560,1476730,472260,608550,1020120,1771640,941750,830670,1064040,1009950,1109780
PT-02579,43060,16320,6430,5160,0,20650,0,0,1610,3140,23940,62710,84640,0,154720,0,4880,52030,45820,80400,0,31990,0,41350,0,0,0,0,62860,68660
PT-02580,3240,0,99310,8030,2840,2810,6270,64480,8250,44900,0,28030,4630,45320,55100,2580,27510,42390,0,15170,100270,0,10850,46070,24170,0,57100,15590,50890,62740
PT-02581,559600,266840,725900,200780,446670,552840,306950,258620,384490,597930,491460,474920,416610,188320,485970,683400,650820,580460,515610,144660,413140,279900,648020,790170,388780,491580,689620,617220,705880,709980
PT-02582,2310,0,68760,36290,2410,65240,8680,49910,103950,7350,108580,28200,68270,143970,81230,37170,87790,196520,67310,14800,70970,3510,31750,147920,59910,27830,121090,82730,12200,95560
PT-02583,0,17660,0,0,0,0,53760,0,4300,15110,0,11850,6640,0,33240,0,26800,101420,7900,49380,5680,0,2700,81110,0,0,6620,5520,0,48490
PT-02584,0,0,23700,36380,0,14560,24980,0,0,17180,66320,45370,55140,0,0,51330,0,0,74720,0,124270,10360,89320,53720,15610,12740,20600,26730,78780,33440
PT-02585,399050,688750,892540,619610,640790,448080,424190,185010,867380,666370,784900,1025000,565260,1385260,1469790,587000,782240,1453570,1213050,779150,780610,636350,429510,1620670,869400,968360,1208080,489090,762200,1468280
PT-02586,39330,53720,81400,196950,94530,183060,105940,65490,16520,0,100820,185260,93470,97970,168570,69290,73240,197850,78920,33730,78490,80610,50060,14000,63580,110880,60630,42020,59990,157520
PT-02587,0,0,0,0,0,0,0,0,0,0,0,0,0,0,0,0,0,0,0,0,120740,59500,123000,204080,249670,314040,252300,0,306090,506220
PT-02588,81420,78240,115130,20820,27200,0,41630,7710,20670,119610,92690,149690,123580,43040,53530,12620,24280,109650,0,0,69770,46500,80460,80340,83730,70050,29840,88430,77280,94660
PT-02589,34470,34630,8790,0,74540,135210,23010,42460,62090,11610,0,32370,53800,0,21090,9300,9800,33600,5700,34130,47370,63750,40760,49360,93910,13810,0,92680,20840,39240
PT-02590,41320,0,36090,0,32780,88030,2460,30250,64490,40030,47400,72050,17700,1620,45420,41750,77990,16110,7830,21920,7060,26700,0,2300,3070,15920,69760,33760,33640,36180
PT-02591,14960,97560,19890,50690,0,58860,0,8490,10430,0,94690,27510,0,34220,0,8440,0,8020,95380,14520,44790,50970,10170,3980,5880,0,36990,0,83660,4200
PT-02592,357140,722100,501700,445400,516720,1353270,653730,160520,432650,725640,601860,359950,672050,511260,1838710,1079290,1116670,590480,622400,310930,760850,921730,1109520,1556680,655180,1349550,1883820,1611180,724400,904880
PT-02593,0,0,0,0,0,0,0,0,0,0,0,0,0,0,0,5800,3040,0,0,37650,9950,52140,66320,0,3680,51360,2810,36770,0,67460
PT-02594,3690,54410,26140,47070,4470,72150,12050,0,106660,18680,14870,2450,102650,50300,24780,130520,24760,5040,11630,42780,54580,141750,73340,65690,14830,17870,115320,22920,56120,136980
PT-02595,34840,36240,194470,62600,104780,0,69690,13920,94200,112530,36400,97770,0,24410,55600,28580,74760,46250,119370,0,152560,65930,85130,126520,44400,30040,57770,33450,26140,39080
PT-02596,6900,40360,127430,13140,64040,83020,41900,20370,76340,68200,152960,92590,0,80950,61830,0,39730,93500,6030,25430,50640,130210,111960,97560,50120,30680,77440,72640,87810,121720
PT-02597,163570,149770,303310,169520,173840,320750,221760,98720,435230,327240,385060,308290,309770,178340,468610,335460,553430,380570,160550,181000,554070,202560,321380,622280,336740,322480,524220,394570,285190,425560
PT-02598,80540,44580,262470,35660,36140,121530,63080,57320,129730,37780,64590,148070,60060,74280,382270,26000,140610,48900,172170,78900,126670,127190,192340,164440,105550,174360,388010,79930,84960,208840
PT-02599,19540,11950,0,191500,20430,0,183720,21450,22100,193540,0,121160,49090,128800,55810,56240,72450,23360,116910,51950,122290,62300,92500,102020,58700,32350,269280,53610,120290,231560
PT-02600,0,678890,157540,221140,164200,177350,226080,103660,930620,157200,354070,333510,269130,350800,175880,527150,0,510300,315570,600870,966290,160260,563560,508410,514820,375990,341790,424780,359170,403650
